344.19534683,0.00000000,0.00000000
344.22027779,0.00000000,0.00000000
344.23723316,0.00000000,0.00000000
344.25319147,0.00000000,0.00000000
344.26815128,0.00000000,0.00000000
344.28510857,0.00000000,0.00000000
344.30006599,0.00000000,0.00000000
344.31602192,0.00000000,0.00000000
344.33197927,0.00000000,0.00000000
344.34793806,0.00000000,0.00000000
344.36389399,0.00000000,0.00000000
344.37985182,0.00000000,0.00000000
344.39581108,0.00000000,0.00000000
344.41176748,0.00000000,0.00000000
344.42772388,0.00000000,0.00000000
344.44368172,0.00000000,0.00000000
344.46063519,0.00000000,0.00000000
344.47659349,0.00000000,0.00000000
344.49255228,0.00000000,0.00000000
344.50850725,0.00000000,0.00000000
344.52446604,0.00000000,0.00000000
344.54042387,0.00000000,0.00000000
344.55638027,0.00000000,0.00000000
344.57233906,0.00000000,0.00000000
344.58829403,0.00000000,0.00000000
344.60425091,0.00000000,0.00000000
344.62022305,0.00000000,0.00000000
344.63619518,0.00000000,0.00000000
344.65215206,0.00000000,0.00000000
344.66808176,0.00000000,0.00000000
344.68403912,0.00000000,0.00000000
344.69999504,0.00000000,0.00000000
344.71595192,0.00000000,0.00000000
344.73191023,0.00000000,0.00000000
344.74789476,0.00000000,0.00000000
344.76385212,0.00000000,0.00000000
344.77981710,0.00000000,0.00000000
344.79573965,0.00000000,0.00000000
344.81169605,0.00000000,0.00000000
344.82765341,0.00000000,0.00000000
344.84460878,0.00000000,0.00000000
344.86056614,0.00000000,0.00000000
344.87655544,0.00000000,0.00000000
344.89248037,0.00000000,0.00000000
344.90843773,0.00000000,0.00000000
344.92439461,0.00000000,0.00000000
344.94035530,0.00000000,0.00000000
344.95630932,0.00000000,0.00000000
344.97226715,0.00000000,0.00000000
344.98822641,0.00000000,0.00000000
345.00418186,0.00000000,0.00000000
345.02014112,0.00000000,0.00000000
345.03609896,0.00000000,0.00000000
345.05206442,0.00000000,0.00000000
345.06801367,0.00000000,0.00000000
345.08396816,0.00000000,0.00000000
345.09995079,0.00000000,0.00000000
345.11588335,0.00000000,0.00000000
345.13183975,0.00000000,0.00000000
345.14779711,0.00000000,0.00000000
345.16375685,0.00000000,0.00000000
345.17971468,0.00000000,0.00000000
345.19570208,0.00000000,0.00000000
345.21162891,0.00000000,0.00000000
345.22861481,0.00000000,0.00000000
345.24453926,0.00000000,0.00000000
345.26049614,0.00000000,0.00000000
345.27645540,0.00000000,0.00000000
345.29241085,0.00000000,0.00000000
345.30837011,0.00000000,0.00000000
345.32432699,0.00000000,0.00000000
345.34028339,0.00000000,0.00000000
345.35623980,0.00000000,0.00000000
345.37223005,0.00000000,0.00000000
345.38815641,0.00000000,0.00000000
345.40411425,0.00000000,0.00000000
345.42006922,0.00000000,0.00000000
345.43605947,0.00000000,0.00000000
345.45198631,0.00000000,0.00000000
345.46794319,0.00000000,0.00000000
345.48389959,0.00000000,0.00000000
345.49985600,0.00000000,0.00000000
345.51581383,0.00000000,0.00000000
345.53177118,0.00000000,0.00000000
345.54772806,0.00000000,0.00000000
345.56468344,0.00000000,0.00000000
345.58064222,0.00000000,0.00000000
345.59660006,0.00000000,0.00000000
345.61255646,0.00000000,0.00000000
345.62851429,0.00000000,0.00000000
345.64450264,0.00000000,0.00000000
345.66042852,0.00000000,0.00000000
345.67638540,0.00000000,0.00000000
345.69234180,0.00000000,0.00000000
345.70829868,0.00000000,0.00000000
345.72425652,0.00000000,0.00000000
345.74021769,0.00000000,0.00000000
345.75617838,0.00000000,0.00000000
345.77216196,0.00000000,0.00000000
345.78808784,0.00000000,0.00000000
345.80408239,0.00000000,0.00000000
345.82003403,0.00000000,0.00000000
345.83596182,0.00000000,0.00000000
345.85192204,0.00000000,0.00000000
345.86787367,0.00000000,0.00000000
345.88383341,0.00000000,0.00000000
345.90078497,0.00000000,0.00000000
345.91674280,0.00000000,0.00000000
345.93270159,0.00000000,0.00000000
345.94865656,0.00000000,0.00000000
345.96461535,0.00000000,0.00000000
345.98057079,0.00000000,0.00000000
345.99652863,0.00000000,0.00000000
346.01248646,0.00000000,0.00000000
346.02844334,0.00000000,0.00000000
346.04440165,0.00000000,0.00000000
346.06035757,0.00000000,0.00000000
346.07631493,0.00000000,0.00000000
346.09227180,0.00000000,0.00000000
346.10822916,0.00000000,0.00000000
346.12418652,0.00000000,0.00000000
346.14014387,0.00000000,0.00000000
346.15610170,0.00000000,0.00000000
346.17205858,0.00000000,0.00000000
346.18801546,0.00000000,0.00000000
346.20397425,0.00000000,0.00000000
346.21993017,0.00000000,0.00000000
346.23588848,0.00000000,0.00000000
346.25184536,0.00000000,0.00000000
346.26880169,0.00000000,0.00000000
346.28475904,0.00000000,0.00000000
346.29971647,0.00000000,0.00000000
346.31667280,0.00000000,0.00000000
346.33262968,0.00000000,0.00000000
346.34859228,0.00000000,0.00000000
346.36454391,0.00000000,0.00000000
346.38050127,0.00000000,0.00000000
346.39645863,0.00000000,0.00000000
346.41241693,0.00000000,0.00000000
346.42837286,0.00000000,0.00000000
346.44433022,0.00000000,0.00000000
346.46028852,0.00000000,0.00000000
346.47624588,0.00000000,0.00000000
346.49320078,0.00000000,0.00000000
346.50816107,0.00000000,0.00000000
346.52411890,0.00000000,0.00000000
346.54007626,0.00000000,0.00000000
346.55603361,0.00000000,0.00000000
346.57202530,0.00000000,0.00000000
346.58797836,0.00000000,0.00000000
346.60393667,0.00000000,0.00000000
346.61989355,0.00000000,0.00000000
346.63581944,0.00000000,0.00000000
346.65177727,0.00000000,0.00000000
346.66874599,0.00000000,0.00000000
346.68468761,0.00000000,0.00000000
346.70064592,0.00000000,0.00000000
346.71660185,0.00000000,0.00000000
346.73356342,0.00000000,0.00000000
346.74851656,0.00000000,0.00000000
346.76447439,0.00000000,0.00000000
346.78043318,0.00000000,0.00000000
346.79639006,0.00000000,0.00000000
346.81234598,0.00000000,0.00000000
346.82830334,0.00000000,0.00000000
346.84427547,0.00000000,0.00000000
346.86021757,0.00000000,0.00000000
346.87717247,0.00000000,0.00000000
346.89213228,0.00000000,0.00000000
346.90809011,0.00000000,0.00000000
346.92404890,0.00000000,0.00000000
346.94000578,0.00000000,0.00000000
346.95599556,0.00000000,0.00000000
346.97191954,0.00000000,0.00000000
346.98790979,0.00000000,0.00000000
347.00386715,0.00000000,0.00000000
347.01982498,0.00000000,0.00000000
347.03574848,0.00000000,0.00000000
347.05170774,0.00000000,0.00000000
347.06866312,0.00000000,0.00000000
347.08462048,0.00000000,0.00000000
347.10057783,0.00000000,0.00000000
347.11653233,0.00000000,0.00000000
347.13252211,0.00000000,0.00000000
347.14844704,0.00000000,0.00000000
347.16444206,0.00000000,0.00000000
347.18036366,0.00000000,0.00000000
347.19632053,0.00000000,0.00000000
347.21227837,0.00000000,0.00000000
347.22823429,0.00000000,0.00000000
347.24422359,0.00000000,0.00000000
347.26114750,0.00000000,0.00000000
347.27610636,0.00000000,0.00000000
347.29206371,0.00000000,0.00000000
347.30805397,0.00000000,0.00000000
347.32398033,0.00000000,0.00000000
347.33993530,0.00000000,0.00000000
347.35592508,0.00000000,0.00000000
347.37185192,0.00000000,0.00000000
347.38780975,0.00000000,0.00000000
347.40376711,0.00000000,0.00000000
347.41972351,0.00000000,0.00000000
347.43667889,0.00000000,0.00000000
347.45263624,0.00000000,0.00000000
347.46860027,0.00000000,0.00000000
347.48454952,0.00000000,0.00000000
347.50051260,0.00000000,0.00000000
347.51646471,0.00000000,0.00000000
347.53242254,0.00000000,0.00000000
347.54837942,0.00000000,0.00000000
347.56436920,0.00000000,0.00000000
347.58029509,0.00000000,0.00000000
347.59625006,0.00000000,0.00000000
347.61320448,0.00000000,0.00000000
347.62816429,0.00000000,0.00000000
347.64412212,0.00000000,0.00000000
347.66011381,0.00000000,0.00000000
347.67606926,0.00000000,0.00000000
347.69202805,0.00000000,0.00000000
347.70798540,0.00000000,0.00000000
347.72394276,0.00000000,0.00000000
347.73990154,0.00000000,0.00000000
347.75582266,0.00000000,0.00000000
347.77181149,0.00000000,0.00000000
347.78873777,0.00000000,0.00000000
347.80469418,0.00000000,0.00000000
347.82065105,0.00000000,0.00000000
347.83660793,0.00000000,0.00000000
347.85256815,0.00000000,0.00000000
347.86852264,0.00000000,0.00000000
347.88448191,0.00000000,0.00000000
347.90043879,0.00000000,0.00000000
347.91639566,0.00000000,0.00000000
347.93235254,0.00000000,0.00000000
347.94830942,0.00000000,0.00000000
347.96426582,0.00000000,0.00000000
347.98022318,0.00000000,0.00000000
347.99621058,0.00000000,0.00000000
348.01213741,0.00000000,0.00000000
348.02812815,0.00000000,0.00000000
348.04408455,0.00000000,0.00000000
348.06004190,0.00000000,0.00000000
348.07596874,0.00000000,0.00000000
348.09192610,0.00000000,0.00000000
348.10788155,0.00000000,0.00000000
348.12383842,0.00000000,0.00000000
348.13982916,0.00000000,0.00000000
348.15575457,0.00000000,0.00000000
348.17171240,0.00000000,0.00000000
348.18767023,0.00000000,0.00000000
348.20462561,0.00000000,0.00000000
348.22058249,0.00000000,0.00000000
348.23653984,0.00000000,0.00000000
348.25249720,0.00000000,0.00000000
348.26845598,0.00000000,0.00000000
348.28441191,0.00000000,0.00000000
348.30036688,0.00000000,0.00000000
348.31632423,0.00000000,0.00000000
348.33228254,0.00000000,0.00000000
348.34823847,0.00000000,0.00000000
348.36419630,0.00000000,0.00000000
348.38015413,0.00000000,0.00000000
348.39611149,0.00000000,0.00000000
348.41206837,0.00000000,0.00000000
348.42802668,0.00000000,0.00000000
348.44398451,0.00000000,0.00000000
348.45994186,0.00000000,0.00000000
348.47592974,0.00000000,0.00000000
348.49185467,0.00000000,0.00000000
348.50781775,0.00000000,0.00000000
348.52377129,0.00000000,0.00000000
348.53972816,0.00000000,0.00000000
348.55568600,0.00000000,0.00000000
348.57263994,0.00000000,0.00000000
348.58859777,0.00000000,0.00000000
348.60455561,0.00000000,0.00000000
348.62051249,0.00000000,0.00000000
348.63646984,0.00000000,0.00000000
348.65242720,0.00000000,0.00000000
348.66838312,0.00000000,0.00000000
348.68434477,0.00000000,0.00000000
348.70029974,0.00000000,0.00000000
348.71625471,0.00000000,0.00000000
348.73320913,0.00000000,0.00000000
348.74817085,0.00000000,0.00000000
348.76412821,0.00000000,0.00000000
348.78008556,0.00000000,0.00000000
348.79604101,0.00000000,0.00000000
348.81200027,0.00000000,0.00000000
348.82795715,0.00000000,0.00000000
348.84391499,0.00000000,0.00000000
348.85987186,0.00000000,0.00000000
348.87582970,0.00000000,0.00000000
348.89178705,0.00000000,0.00000000
348.90778112,0.00000000,0.00000000
348.92472935,0.00000000,0.00000000
348.94065571,0.00000000,0.00000000
348.95561457,0.00000000,0.00000000
348.97256994,0.00000000,0.00000000
348.98852682,0.00000000,0.00000000
349.00448608,0.00000000,0.00000000
349.02044344,0.00000000,0.00000000
349.03640032,0.00000000,0.00000000
349.05235863,0.00000000,0.00000000
349.06831884,0.00000000,0.00000000
349.08427048,0.00000000,0.00000000
349.10022879,0.00000000,0.00000000
349.11618662,0.00000000,0.00000000
349.13214493,0.00000000,0.00000000
349.14809990,0.00000000,0.00000000
349.16405725,0.00000000,0.00000000
349.18001461,0.00000000,0.00000000
349.19597244,0.00000000,0.00000000
349.21192932,0.00000000,0.00000000
349.22788668,0.00000000,0.00000000
349.24384403,0.00000000,0.00000000
349.25980186,0.00000000,0.00000000
349.27575827,0.00000000,0.00000000
349.29171753,0.00000000,0.00000000
349.30867481,0.00000000,0.00000000
349.32462835,0.00000000,0.00000000
349.34058666,0.00000000,0.00000000
349.35654354,0.00000000,0.00000000
349.37250137,0.00000000,0.00000000
349.38845778,0.00000000,0.00000000
349.40441608,0.00000000,0.00000000
349.42038012,0.00000000,0.00000000
349.43633080,0.00000000,0.00000000
349.45228863,0.00000000,0.00000000
349.47123718,0.00000000,0.00000000
349.48819017,0.00000000,0.00000000
349.50315046,0.00000000,0.00000000
349.51811028,0.00000000,0.00000000
349.53307056,0.00000000,0.00000000
349.54803038,0.00000000,0.00000000
349.56398773,0.00000000,0.00000000
349.57994556,0.00000000,0.00000000
349.59593010,0.00000000,0.00000000
349.61185932,0.00000000,0.00000000
349.62781668,0.00000000,0.00000000
349.64380646,0.00000000,0.00000000
349.66076517,0.00000000,0.00000000
349.67572165,0.00000000,0.00000000
349.69267941,0.00000000,0.00000000
349.70860147,0.00000000,0.00000000
349.72459126,0.00000000,0.00000000
349.74051714,0.00000000,0.00000000
349.75647354,0.00000000,0.00000000
349.77243328,0.00000000,0.00000000
349.78839111,0.00000000,0.00000000
349.80434561,0.00000000,0.00000000
349.82030296,0.00000000,0.00000000
349.83625984,0.00000000,0.00000000
349.85321903,0.00000000,0.00000000
349.86917305,0.00000000,0.00000000
349.88512945,0.00000000,0.00000000
349.90009212,0.00000000,0.00000000
349.91604900,0.00000000,0.00000000
349.93200684,0.00000000,0.00000000
349.94796324,0.00000000,0.00000000
349.96591568,0.00000000,0.00000000
349.98087406,0.00000000,0.00000000
349.99583244,0.00000000,0.00000000
350.01179028,0.00000000,0.00000000
350.02774763,0.00000000,0.00000000
350.04370642,0.00000000,0.00000000
350.06066132,0.00000000,0.00000000
350.07562113,0.00000000,0.00000000
350.09257603,0.00000000,0.00000000
350.10853195,0.00000000,0.00000000
350.12448978,0.00000000,0.00000000
350.14047813,0.00000000,0.00000000
350.15643644,0.00000000,0.00000000
350.17236233,0.00000000,0.00000000
350.18834972,0.00000000,0.00000000
350.20427561,0.00000000,0.00000000
350.22023487,0.00000000,0.00000000
350.23622751,0.00000000,0.00000000
350.25214815,0.00000000,0.00000000
350.26810741,0.00000000,0.00000000
350.28406239,0.00000000,0.00000000
350.30002165,0.00000000,0.00000000
350.31597662,0.00000000,0.00000000
350.33196640,0.00000000,0.00000000
350.34789085,0.00000000,0.00000000
350.36385012,0.00000000,0.00000000
350.37980652,0.00000000,0.00000000
350.39576340,0.00000000,0.00000000
350.41172075,0.00000000,0.00000000
350.42867899,0.00000000,0.00000000
350.44466734,0.00000000,0.00000000
350.46059036,0.00000000,0.00000000
350.47658157,0.00000000,0.00000000
350.49250650,0.00000000,0.00000000
350.50846386,0.00000000,0.00000000
350.52442074,0.00000000,0.00000000
350.54037809,0.00000000,0.00000000
350.55633402,0.00000000,0.00000000
350.57229137,0.00000000,0.00000000
350.58828259,0.00000000,0.00000000
350.60520267,0.00000000,0.00000000
350.62019777,0.00000000,0.00000000
350.63615608,0.00000000,0.00000000
350.65211153,0.00000000,0.00000000
350.66806936,0.00000000,0.00000000
350.68399429,0.00000000,0.00000000
350.69995165,0.00000000,0.00000000
350.71590900,0.00000000,0.00000000
350.73186588,0.00000000,0.00000000
350.74782324,0.00000000,0.00000000
350.76377964,0.00000000,0.00000000
350.77976942,0.00000000,0.00000000
350.79572487,0.00000000,0.00000000
350.81165218,0.00000000,0.00000000
350.82861137,0.00000000,0.00000000
350.84456301,0.00000000,0.00000000
350.86052179,0.00000000,0.00000000
350.87647915,0.00000000,0.00000000
350.89243698,0.00000000,0.00000000
350.90839195,8000.00000000,0.00000000
350.92438316,8000.00000000,3468.75000000
350.94030857,8000.00000000,4875.00000000
350.95626450,8000.00000000,4406.25000000
350.97222185,8000.00000000,4593.75000000
350.98917580,8000.00000000,5156.25000000
351.00516653,8000.00000000,5250.00000000
351.02009583,8000.00000000,5531.25000000
351.03608370,8000.00000000,5625.00000000
351.05204916,8000.00000000,5906.25000000
351.06796885,8000.00000000,6000.00000000
351.08392525,8000.00000000,6468.75000000
351.09991264,8000.00000000,6656.25000000
351.11583900,8000.00000000,6468.75000000
351.13179636,8000.00000000,6843.75000000
351.14775419,8000.00000000,6937.50000000
351.16371012,8000.00000000,7031.25000000
351.18066454,8000.00000000,7031.25000000
351.19662189,8000.00000000,7312.50000000
351.21158314,8000.00000000,7312.50000000
351.22853804,8000.00000000,7500.00000000
351.24449587,8000.00000000,7312.50000000
351.26045275,8000.00000000,7500.00000000
351.27640963,8000.00000000,7593.75000000
351.29236698,8000.00000000,7875.00000000
351.30832434,8000.00000000,7687.50000000
351.32428217,8000.00000000,7593.75000000
351.34023809,8000.00000000,7687.50000000
351.35619688,8000.00000000,7875.00000000
351.37218618,8000.00000000,7781.25000000
351.38810968,8000.00000000,7968.75000000
351.40406752,8000.00000000,7968.75000000
351.42005682,8000.00000000,7968.75000000
351.43598366,8000.00000000,7875.00000000
351.45197773,8000.00000000,7593.75000000
351.46890402,8000.00000000,7781.25000000
351.48386192,8000.00000000,7687.50000000
351.50080919,8000.00000000,7875.00000000
351.51580048,8000.00000000,7593.75000000
351.53176069,8000.00000000,7687.50000000
351.54771852,8000.00000000,7687.50000000
351.56467104,8000.00000000,7500.00000000
351.58059597,8000.00000000,7218.75000000
351.59658575,8000.00000000,7500.00000000
351.61251163,8000.00000000,7500.00000000
351.62846899,8000.00000000,7406.25000000
351.64445543,8000.00000000,7312.50000000
351.66038179,8000.00000000,6843.75000000
351.67633915,8000.00000000,7312.50000000
351.69229746,8000.00000000,7312.50000000
351.70828724,8000.00000000,7593.75000000
351.72520781,8000.00000000,7875.00000000
351.74016809,8000.00000000,7968.75000000
351.75612831,8000.00000000,8250.00000000
351.77208662,8000.00000000,8343.75000000
351.78804111,8000.00000000,8437.50000000
351.80399847,8000.00000000,8531.25000000
351.81995678,8000.00000000,8531.25000000
351.83591509,8000.00000000,8718.75000000
351.85288334,8000.00000000,8718.75000000
351.86883211,8000.00000000,8625.00000000
351.88378763,8000.00000000,8625.00000000
351.89974451,8000.00000000,8531.25000000
351.91669941,8000.00000000,8531.25000000
351.93165874,8000.00000000,8531.25000000
351.94862413,8000.00000000,8437.50000000
351.96457052,8000.00000000,8437.50000000
351.98052645,8000.00000000,8343.75000000
351.99648285,8000.00000000,8343.75000000
352.01244164,8000.00000000,8250.00000000
352.02839947,8000.00000000,8343.75000000
352.04435682,8000.00000000,8343.75000000
352.06032658,8000.00000000,8250.00000000
352.07627153,8000.00000000,8250.00000000
352.09222889,8000.00000000,8250.00000000
352.10818624,8000.00000000,8156.25000000
352.12414360,8000.00000000,8156.25000000
352.14010000,8000.00000000,8062.50000000
352.15608788,8000.00000000,8062.50000000
352.17204523,8000.00000000,8156.25000000
352.18800259,8000.00000000,8062.50000000
352.20395947,8000.00000000,8062.50000000
352.21991730,8000.00000000,8062.50000000
352.23587513,8000.00000000,7968.75000000
352.25180149,8000.00000000,8156.25000000
352.26875734,8000.00000000,8062.50000000
352.28471422,8000.00000000,8062.50000000
352.30067158,8000.00000000,8062.50000000
352.31562948,8000.00000000,8062.50000000
352.33258390,8000.00000000,8062.50000000
352.34854269,8000.00000000,8062.50000000
352.36449957,8000.00000000,7968.75000000
352.38045788,8000.00000000,7968.75000000
352.39641380,8000.00000000,7968.75000000
352.41237116,8000.00000000,7968.75000000
352.42832756,8000.00000000,8062.50000000
352.44428539,8000.00000000,7968.75000000
352.46024323,8000.00000000,8062.50000000
352.47719717,8000.00000000,7968.75000000
352.49215698,8000.00000000,7968.75000000
352.50811481,8000.00000000,7968.75000000
352.52407312,8000.00000000,7968.75000000
352.54002953,8000.00000000,7968.75000000
352.55598736,8000.00000000,8062.50000000
352.57194567,8000.00000000,8062.50000000
352.58790350,8000.00000000,7968.75000000
352.60389090,8000.00000000,7968.75000000
352.61981535,8000.00000000,7968.75000000
352.63581038,8000.00000000,7968.75000000
352.65173149,8000.00000000,7968.75000000
352.66870117,8000.00000000,7968.75000000
352.68464565,8000.00000000,7968.75000000
352.70060062,8000.00000000,7968.75000000
352.71655846,8000.00000000,8062.50000000
352.73251438,8000.00000000,8062.50000000
352.74847412,8000.00000000,7968.75000000
352.76443291,8000.00000000,7968.75000000
352.78038740,8000.00000000,8062.50000000
352.79634523,8000.00000000,7968.75000000
352.81230259,8000.00000000,8062.50000000
352.82825994,8000.00000000,7968.75000000
352.84421730,8000.00000000,7968.75000000
352.86017561,8000.00000000,7968.75000000
352.87613201,8000.00000000,7968.75000000
352.89208794,8000.00000000,7968.75000000
352.90804529,8000.00000000,8062.50000000
352.92400217,8000.00000000,7968.75000000
352.93995953,8000.00000000,7968.75000000
352.95591688,8000.00000000,7968.75000000
352.97190762,8000.00000000,7968.75000000
352.98783207,8000.00000000,7968.75000000
353.00378990,8000.00000000,7968.75000000
353.01974678,8000.00000000,7968.75000000
353.03570509,8000.00000000,8062.50000000
353.05266047,8000.00000000,8062.50000000
353.06861830,8000.00000000,8062.50000000
353.08457518,8000.00000000,7968.75000000
353.10053587,8000.00000000,8062.50000000
353.11648941,8000.00000000,7968.75000000
353.13244486,8000.00000000,7968.75000000
353.14840412,8000.00000000,7968.75000000
353.16436052,8000.00000000,7968.75000000
353.18031740,8000.00000000,7968.75000000
353.19627619,8000.00000000,7968.75000000
353.21223402,8000.00000000,7968.75000000
353.22818899,8000.00000000,7968.75000000
353.24414635,8000.00000000,8062.50000000
353.26010370,8000.00000000,8062.50000000
353.27606249,8000.00000000,8062.50000000
353.29201984,8000.00000000,8062.50000000
353.30800772,8000.00000000,7968.75000000
353.32393265,8000.00000000,7968.75000000
353.33992195,8000.00000000,7968.75000000
353.35585070,8000.00000000,7968.75000000
353.37183666,8000.00000000,7968.75000000
353.38876009,8000.00000000,7968.75000000
353.40475225,8000.00000000,8062.50000000
353.42067432,8000.00000000,7968.75000000
353.43663216,8000.00000000,8062.50000000
353.45259047,8000.00000000,7968.75000000
353.46855354,8000.00000000,7968.75000000
353.48450518,8000.00000000,7968.75000000
353.50049543,8000.00000000,7968.75000000
353.51641846,8000.00000000,7968.75000000
353.53237581,8000.00000000,8062.50000000
353.54833317,8000.00000000,8062.50000000
353.56429005,8000.00000000,8062.50000000
353.58028460,8000.00000000,8062.50000000
353.59620571,8000.00000000,7968.75000000
353.61219740,8000.00000000,7968.75000000
353.62815380,8000.00000000,7968.75000000
353.64407682,8000.00000000,7968.75000000
353.66006565,8000.00000000,7968.75000000
353.67602539,8000.00000000,7968.75000000
353.69198561,8000.00000000,7968.75000000
353.70794058,8000.00000000,8062.50000000
353.72386408,8000.00000000,7968.75000000
353.73982477,8000.00000000,7968.75000000
353.75581360,8000.00000000,7968.75000000
353.77273369,8000.00000000,7968.75000000
353.78769541,8000.00000000,7968.75000000
353.80465078,8000.00000000,8062.50000000
353.82060623,8000.00000000,8062.50000000
353.83657551,8000.00000000,7968.75000000
353.85252237,8000.00000000,7968.75000000
353.86847973,8000.00000000,7968.75000000
353.88443804,8000.00000000,8062.50000000
353.90039158,8000.00000000,7968.75000000
353.91635036,8000.00000000,7968.75000000
353.93231106,8000.00000000,7968.75000000
353.94826317,8000.00000000,7968.75000000
353.96422291,8000.00000000,7968.75000000
353.98017883,8000.00000000,7968.75000000
353.99613857,8000.00000000,7968.75000000
354.01209354,8000.00000000,7968.75000000
354.02805138,8000.00000000,7968.75000000
354.04400778,8000.00000000,8062.50000000
354.05996466,8000.00000000,8062.50000000
354.07592249,8000.00000000,8062.50000000
354.09188032,8000.00000000,8062.50000000
354.10783958,8000.00000000,8062.50000000
354.12379503,8000.00000000,8062.50000000
354.13978338,8000.00000000,7968.75000000
354.15574312,8000.00000000,7968.75000000
354.17266417,8000.00000000,8062.50000000
354.18862152,8000.00000000,7968.75000000
354.20457840,8000.00000000,7968.75000000
354.22053671,8000.00000000,8062.50000000
354.23649359,8000.00000000,8062.50000000
354.25245190,8000.00000000,7968.75000000
354.26840925,8000.00000000,7968.75000000
354.28436565,8000.00000000,8062.50000000
354.30032158,8000.00000000,8062.50000000
354.31628084,8000.00000000,8062.50000000
354.33223629,8000.00000000,7968.75000000
354.34819460,8000.00000000,7968.75000000
354.36415339,8000.00000000,7968.75000000
354.38011026,8000.00000000,7968.75000000
354.39606714,8000.00000000,7968.75000000
354.41205549,8000.00000000,8062.50000000
354.42801237,8000.00000000,7968.75000000
354.44393778,8000.00000000,7968.75000000
354.45989704,8000.00000000,7968.75000000
354.47588444,8000.00000000,7968.75000000
354.49281073,8000.00000000,7968.75000000
354.50776863,8000.00000000,7968.75000000
354.52372503,8000.00000000,7968.75000000
354.54067993,8000.00000000,7968.75000000
354.55663633,8000.00000000,7968.75000000
354.57259369,8000.00000000,7968.75000000
354.58855247,8000.00000000,7968.75000000
354.60450983,8000.00000000,7968.75000000
354.62046623,8000.00000000,7968.75000000
354.63642406,8000.00000000,7968.75000000
354.65238237,8000.00000000,7968.75000000
354.66834021,8000.00000000,7968.75000000
354.68429756,8000.00000000,7968.75000000
354.70025301,8000.00000000,7968.75000000
354.71720791,8000.00000000,8062.50000000
354.73216867,8000.00000000,7968.75000000
354.74812603,8000.00000000,7968.75000000
354.76411533,8000.00000000,8062.50000000
354.78003883,8000.00000000,8062.50000000
354.79599667,8000.00000000,8062.50000000
354.81195831,8000.00000000,8062.50000000
354.82794428,8000.00000000,7968.75000000
354.84390211,8000.00000000,8062.50000000
354.85982609,8000.00000000,7968.75000000
354.87581682,8000.00000000,8062.50000000
354.89174032,8000.00000000,7968.75000000
354.90869522,8000.00000000,7968.75000000
354.92465448,8000.00000000,7968.75000000
354.94061041,8000.00000000,8062.50000000
354.95656776,8000.00000000,7968.75000000
354.97252607,8000.00000000,8062.50000000
354.98848343,8000.00000000,7968.75000000
355.00443983,8000.00000000,7968.75000000
355.02039719,8000.00000000,7968.75000000
355.03635406,8000.00000000,7968.75000000
355.05231094,8000.00000000,7968.75000000
355.06826973,8000.00000000,8062.50000000
355.08422756,8000.00000000,7968.75000000
355.10018301,8000.00000000,8062.50000000
355.11614132,8000.00000000,7968.75000000
355.13209772,8000.00000000,8062.50000000
355.14805508,8000.00000000,8062.50000000
355.16401243,8000.00000000,7968.75000000
355.17997122,8000.00000000,7968.75000000
355.19592810,8000.00000000,7968.75000000
355.21191740,8000.00000000,7968.75000000
355.22784281,8000.00000000,8062.50000000
355.24380016,8000.00000000,8062.50000000
355.26075363,8000.00000000,8062.50000000
355.27571535,8000.00000000,7968.75000000
355.29167271,8000.00000000,7968.75000000
355.30762959,8000.00000000,7968.75000000
355.32458401,8000.00000000,31968.75000000
355.34054232,8000.00000000,6468.75000000
355.35649729,8000.00000000,7875.00000000
355.37245464,8000.00000000,9187.50000000
355.38841248,8000.00000000,8250.00000000
355.40437174,8000.00000000,8531.25000000
355.42032719,8000.00000000,8718.75000000
355.43628550,8000.00000000,8906.25000000
355.45227814,8000.00000000,9000.00000000
355.46823215,8000.00000000,9093.75000000
355.48415709,8000.00000000,9187.50000000
355.50011539,8000.00000000,9187.50000000
355.51610470,8000.00000000,9187.50000000
355.53205967,8000.00000000,9093.75000000
355.54798698,8000.00000000,9093.75000000
355.56394386,8000.00000000,9093.75000000
355.57990122,8000.00000000,9000.00000000
355.59585905,8000.00000000,8906.25000000
355.61181593,8000.00000000,8906.25000000
355.62777376,8000.00000000,8906.25000000
355.64373064,8000.00000000,8812.50000000
355.65968943,8000.00000000,8718.75000000
355.67664146,8000.00000000,8625.00000000
355.69260025,8000.00000000,8531.25000000
355.70855618,8000.00000000,8437.50000000
355.72451830,8000.00000000,8437.50000000
355.74047232,8000.00000000,8343.75000000
355.75643015,8000.00000000,8250.00000000
355.77238560,8000.00000000,8250.00000000
355.78834581,8000.00000000,8250.00000000
355.80430222,8000.00000000,8250.00000000
355.82026005,8000.00000000,8250.00000000
355.83623600,8000.00000000,8156.25000000
355.85217333,8000.00000000,8156.25000000
355.86813068,8000.00000000,8062.50000000
355.88409567,8000.00000000,8062.50000000
355.90004539,8000.00000000,8062.50000000
355.91600323,8000.00000000,8062.50000000
355.93196106,8000.00000000,8062.50000000
355.94791937,8000.00000000,8062.50000000
355.96387529,8000.00000000,7968.75000000
355.97983170,8000.00000000,7968.75000000
355.99578953,8000.00000000,8062.50000000
356.01174593,8000.00000000,8062.50000000
356.02770376,8000.00000000,8062.50000000
356.04366589,8000.00000000,7968.75000000
356.06061459,8000.00000000,8062.50000000
356.07657385,8000.00000000,7968.75000000
356.09256172,8000.00000000,7968.75000000
356.10848808,8000.00000000,7968.75000000
356.12444401,8000.00000000,7968.75000000
356.14040089,8000.00000000,7968.75000000
356.15635824,8000.00000000,7968.75000000
356.17231703,8000.00000000,7968.75000000
356.18827438,8000.00000000,7968.75000000
356.20423269,8000.00000000,8062.50000000
356.22020817,8000.00000000,7968.75000000
356.23617744,8000.00000000,7968.75000000
356.25213575,8000.00000000,7968.75000000
356.26806021,8000.00000000,7968.75000000
356.28401661,8000.00000000,7968.75000000
356.30000687,8000.00000000,8062.50000000
356.31593466,8000.00000000,7968.75000000
356.33288717,8000.00000000,7968.75000000
356.34787798,8000.00000000,7968.75000000
356.36383581,8000.00000000,8062.50000000
356.37979364,8000.00000000,7968.75000000
356.39575195,8000.00000000,8062.50000000
356.41167545,8000.00000000,7968.75000000
356.42863464,8000.00000000,7968.75000000
356.44458961,8000.00000000,7968.75000000
356.46054602,8000.00000000,7968.75000000
356.47650337,8000.00000000,8062.50000000
356.49245977,8000.00000000,7968.75000000
356.50841856,8000.00000000,8062.50000000
356.52437496,8000.00000000,8062.50000000
356.54036522,8000.00000000,7968.75000000
356.55629063,8000.00000000,7968.75000000
356.57224751,8000.00000000,7968.75000000
356.58920240,8000.00000000,7968.75000000
356.60420179,8000.00000000,7968.75000000
356.62015247,8000.00000000,7968.75000000
356.63611031,8000.00000000,7968.75000000
356.65207911,8000.00000000,7968.75000000
356.66799116,8000.00000000,8062.50000000
356.68394947,8000.00000000,8062.50000000
356.69990444,8000.00000000,8062.50000000
356.71586227,8000.00000000,8062.50000000
356.73181915,8000.00000000,8062.50000000
356.74777889,8000.00000000,7968.75000000
356.76373434,8000.00000000,7968.75000000
356.77969122,8000.00000000,7968.75000000
356.79564857,8000.00000000,7968.75000000
356.81260395,8000.00000000,7968.75000000
356.82856083,8000.00000000,7968.75000000
356.84451866,8000.00000000,7968.75000000
356.86047554,8000.00000000,7968.75000000
356.87643290,8000.00000000,7968.75000000
356.89238977,8000.00000000,7968.75000000
356.90834904,8000.00000000,8062.50000000
356.92430544,8000.00000000,7968.75000000
356.94026232,8000.00000000,8062.50000000
356.95621967,8000.00000000,7968.75000000
356.97317505,8000.00000000,8062.50000000
356.98813534,8000.00000000,8062.50000000
357.00409317,8000.00000000,7968.75000000
357.02004910,8000.00000000,8062.50000000
357.03600645,8000.00000000,8062.50000000
357.05196428,8000.00000000,7968.75000000
357.06792116,8000.00000000,7875.00000000
357.08387899,8000.00000000,7968.75000000
357.10083389,8000.00000000,7968.75000000
357.11582422,8000.00000000,7968.75000000
357.13175011,8000.00000000,8062.50000000
357.14770746,8000.00000000,8062.50000000
357.16466236,8000.00000000,7968.75000000
357.18062067,8000.00000000,8062.50000000
357.19657803,8000.00000000,8062.50000000
357.21253443,8000.00000000,8062.50000000
357.22849178,8000.00000000,7968.75000000
357.24444818,8000.00000000,7968.75000000
357.26040649,8000.00000000,8062.50000000
357.27636337,8000.00000000,8062.50000000
357.29232216,8000.00000000,7968.75000000
357.30827761,8000.00000000,7968.75000000
357.32423639,8000.00000000,7968.75000000
357.34019470,8000.00000000,7968.75000000
357.35614967,8000.00000000,7968.75000000
357.37210751,8000.00000000,7968.75000000
357.38809824,8000.00000000,7968.75000000
357.40402269,8000.00000000,7968.75000000
357.41997957,8000.00000000,7968.75000000
357.43594408,8000.00000000,8062.50000000
357.45189571,8000.00000000,7968.75000000
357.46785212,8000.00000000,8062.50000000
357.48480654,8000.00000000,7968.75000000
357.50076389,8000.00000000,7968.75000000
357.51575518,8000.00000000,7968.75000000
357.53168201,8000.00000000,7968.75000000
357.54863644,8000.00000000,7968.75000000
357.56459475,8000.00000000,8062.50000000
357.58054972,8000.00000000,8062.50000000
357.59650850,8000.00000000,7968.75000000
357.61249828,8000.00000000,7968.75000000
357.62842274,8000.00000000,8062.50000000
357.64437914,8000.00000000,7968.75000000
357.66033936,8000.00000000,7968.75000000
357.67629385,8000.00000000,7968.75000000
357.69225168,8000.00000000,8062.50000000
357.70920801,8000.00000000,8062.50000000
357.72416830,8000.00000000,8062.50000000
357.74012613,8000.00000000,8062.50000000
357.75608349,8000.00000000,7968.75000000
357.77203798,8000.00000000,8062.50000000
357.78799486,8000.00000000,8062.50000000
357.80398607,8000.00000000,7968.75000000
357.81991196,8000.00000000,7968.75000000
357.83586884,8000.00000000,7968.75000000
357.85282183,8000.00000000,7968.75000000
357.86878061,8000.00000000,7875.00000000
357.88473892,8000.00000000,7968.75000000
357.89969969,8000.00000000,7968.75000000
357.91565418,8000.00000000,8062.50000000
357.93260956,8000.00000000,8062.50000000
357.94856930,8000.00000000,7968.75000000
357.96452379,8000.00000000,7968.75000000
357.98051167,8000.00000000,8062.50000000
357.99643755,8000.00000000,8062.50000000
358.01239586,8000.00000000,8062.50000000
358.02835369,8000.00000000,7968.75000000
358.04431057,8000.00000000,7968.75000000
358.06026697,8000.00000000,7968.75000000
358.07623482,8000.00000000,7968.75000000
358.09221411,8000.00000000,7968.75000000
358.10813999,8000.00000000,7968.75000000
358.12412882,8000.00000000,7968.75000000
358.14008570,8000.00000000,7968.75000000
358.15604305,8000.00000000,7968.75000000
358.17200041,8000.00000000,7968.75000000
358.18792534,8000.00000000,7968.75000000
358.20391512,8000.00000000,8062.50000000
358.21984005,8000.00000000,7968.75000000
358.23580027,8000.00000000,8062.50000000
358.25176287,8000.00000000,8062.50000000
358.26872635,8000.00000000,7968.75000000
358.28466749,8000.00000000,7968.75000000
358.30062437,8000.00000000,8062.50000000
358.31658316,8000.00000000,7968.75000000
358.33253860,8000.00000000,8062.50000000
358.34849739,8000.00000000,7968.75000000
358.36445904,8000.00000000,7968.75000000
358.38041258,8000.00000000,7968.75000000
358.39636993,8000.00000000,8062.50000000
358.41232729,8000.00000000,7968.75000000
358.42828274,8000.00000000,8062.50000000
358.44424009,8000.00000000,8062.50000000
358.46022987,8000.00000000,7968.75000000
358.47618723,8000.00000000,7968.75000000
358.49214363,8000.00000000,7968.75000000
358.50810146,8000.00000000,8062.50000000
358.52402687,8000.00000000,7968.75000000
358.53998566,8000.00000000,7968.75000000
358.55594301,8000.00000000,8062.50000000
358.57190037,8000.00000000,7968.75000000
358.58786154,8000.00000000,7968.75000000
358.60381413,8000.00000000,7968.75000000
358.61980295,8000.00000000,7968.75000000
358.63576078,8000.00000000,8062.50000000
358.65168715,8000.00000000,8062.50000000
358.66864967,8000.00000000,8062.50000000
358.68459940,8000.00000000,8062.50000000
358.70055580,8000.00000000,8062.50000000
358.71651411,8000.00000000,7968.75000000
358.73247147,8000.00000000,8062.50000000
358.74842930,8000.00000000,7968.75000000
358.76441717,8000.00000000,7968.75000000
358.78034306,8000.00000000,7968.75000000
358.79630041,8000.00000000,8062.50000000
358.81225586,8000.00000000,7968.75000000
358.82821274,8000.00000000,7875.00000000
358.84420395,8000.00000000,7968.75000000
358.86012936,8000.00000000,7968.75000000
358.87608671,8000.00000000,7968.75000000
358.89204264,8000.00000000,7968.75000000
358.90800047,8000.00000000,8062.50000000
358.92395735,8000.00000000,8062.50000000
358.93991423,8000.00000000,7968.75000000
358.95587158,8000.00000000,8062.50000000
358.97183084,8000.00000000,7968.75000000
358.98778820,8000.00000000,8062.50000000
359.00374603,8000.00000000,7968.75000000
359.01970339,8000.00000000,7968.75000000
359.03665686,8000.00000000,7968.75000000
359.05261374,8000.00000000,8062.50000000
359.06857634,8000.00000000,7968.75000000
359.08452797,8000.00000000,7968.75000000
359.10048532,8000.00000000,7968.75000000
359.11644363,8000.00000000,7968.75000000
359.13240147,8000.00000000,7968.75000000
359.14835787,8000.00000000,8062.50000000
359.16431427,8000.00000000,7968.75000000
359.18027258,8000.00000000,8062.50000000
359.19624662,8000.00000000,8062.50000000
359.21318388,8000.00000000,7968.75000000
359.22814322,8000.00000000,8062.50000000
359.24413395,8000.00000000,7968.75000000
359.26005793,8000.00000000,8062.50000000
359.27604818,8000.00000000,7968.75000000
359.29201126,8000.00000000,7968.75000000
359.30796289,8000.00000000,8062.50000000
359.32391977,8000.00000000,8062.50000000
359.33987713,8000.00000000,8062.50000000
359.35580206,8000.00000000,7968.75000000
359.37175989,8000.00000000,7968.75000000
359.38771677,8000.00000000,7968.75000000
359.40467167,8000.00000000,7968.75000000
359.42063093,8000.00000000,8062.50000000
359.43658733,8000.00000000,7968.75000000
359.45254612,8000.00000000,7968.75000000
359.46850157,8000.00000000,8062.50000000
359.48445845,8000.00000000,8062.50000000
359.50044918,8000.00000000,8062.50000000
359.51637316,8000.00000000,8062.50000000
359.53233242,8000.00000000,8062.50000000
359.54828739,8000.00000000,8062.50000000
359.56424475,8000.00000000,7968.75000000
359.58119917,8000.00000000,7968.75000000
359.59715748,8000.00000000,8062.50000000
359.61211681,8000.00000000,7968.75000000
359.62807560,8000.00000000,7968.75000000
359.64403391,8000.00000000,7968.75000000
359.65998983,8000.00000000,8062.50000000
359.67594862,8000.00000000,7968.75000000
359.69190407,8000.00000000,7968.75000000
359.70786285,8000.00000000,8062.50000000
359.72381878,8000.00000000,8062.50000000
359.73977709,8000.00000000,7968.75000000
359.75673103,8000.00000000,7968.75000000
359.77169228,8000.00000000,7968.75000000
359.78864908,8000.00000000,8062.50000000
359.80460358,8000.00000000,8062.50000000
359.82056046,8000.00000000,7968.75000000
359.83651876,8000.00000000,7875.00000000
359.85247517,8000.00000000,7968.75000000
359.86843204,8000.00000000,8062.50000000
359.88439035,8000.00000000,7968.75000000
359.90034676,8000.00000000,7968.75000000
359.91630316,8000.00000000,7875.00000000
359.93226147,8000.00000000,7968.75000000
359.94822073,8000.00000000,7968.75000000
359.96517324,8000.00000000,8062.50000000
359.98013401,8000.00000000,7968.75000000
359.99609089,8000.00000000,8062.50000000
360.01204777,8000.00000000,7968.75000000
360.02800655,8000.00000000,7968.75000000
360.04396391,8000.00000000,7968.75000000
360.05992079,8000.00000000,7968.75000000
360.07587814,8000.00000000,8062.50000000
360.09183407,8000.00000000,8062.50000000
360.10779190,8000.00000000,7968.75000000
360.12375069,8000.00000000,7968.75000000
360.13970852,8000.00000000,7968.75000000
360.15666103,8000.00000000,7968.75000000
360.17261982,8000.00000000,8062.50000000
360.18857622,8000.00000000,7968.75000000
360.20454454,8000.00000000,8062.50000000
360.22049189,8000.00000000,7968.75000000
360.23644829,8000.00000000,7968.75000000
360.25240517,8000.00000000,7968.75000000
360.26836538,8000.00000000,7968.75000000
360.28432083,8000.00000000,8062.50000000
360.30030966,8000.00000000,7968.75000000
360.31623602,8000.00000000,7968.75000000
360.33219147,8000.00000000,8062.50000000
360.34814978,8000.00000000,7968.75000000
360.36410761,8000.00000000,7968.75000000
360.38009501,8000.00000000,8062.50000000
360.39602232,8000.00000000,7968.75000000
360.41198492,8000.00000000,8062.50000000
360.42793703,8000.00000000,8062.50000000
360.44389248,8000.00000000,7968.75000000
360.45984983,8000.00000000,8062.50000000
360.47580767,8000.00000000,8062.50000000
360.49176693,8000.00000000,8062.50000000
360.50775099,8000.00000000,7968.75000000
360.52467775,8000.00000000,7968.75000000
360.53966904,8000.00000000,8062.50000000
360.55659246,8000.00000000,7968.75000000
360.57255173,8000.00000000,7968.75000000
360.58850574,8000.00000000,8062.50000000
360.60446358,8000.00000000,7968.75000000
360.62042141,8000.00000000,7968.75000000
360.63637877,8000.00000000,7968.75000000
360.65233660,8000.00000000,7875.00000000
360.66829395,8000.00000000,7968.75000000
360.68425083,8000.00000000,8062.50000000
360.70024061,8000.00000000,8062.50000000
360.71616602,8000.00000000,8062.50000000
360.73215485,8000.00000000,7968.75000000
360.74811220,8000.00000000,8062.50000000
360.76407480,8000.00000000,7968.75000000
360.77999496,8000.00000000,8062.50000000
360.79595232,8000.00000000,7968.75000000
360.81191063,8000.00000000,7968.75000000
360.82789946,8000.00000000,7968.75000000
360.84382296,8000.00000000,7968.75000000
360.85981417,8000.00000000,7968.75000000
360.87573910,8000.00000000,7968.75000000
360.89169645,8000.00000000,7968.75000000
360.90765381,8000.00000000,7968.75000000
360.92460918,8000.00000000,7968.75000000
360.94059658,8000.00000000,7968.75000000
360.95652246,8000.00000000,7968.75000000
360.97251081,8000.00000000,7968.75000000
360.98843765,8000.00000000,8062.50000000
361.00439358,8000.00000000,7968.75000000
361.02035379,8000.00000000,8062.50000000
361.03630829,8000.00000000,8062.50000000
361.05230141,8000.00000000,7968.75000000
361.06822300,8000.00000000,8062.50000000
361.08421135,8000.00000000,7968.75000000
361.10017014,8000.00000000,7968.75000000
361.11612749,8000.00000000,7968.75000000
361.13208532,8000.00000000,7968.75000000
361.14804220,8000.00000000,7968.75000000
361.16396904,8000.00000000,7968.75000000
361.17992640,8000.00000000,7968.75000000
361.19588327,8000.00000000,7968.75000000
361.21187258,8000.00000000,7968.75000000
361.22783136,8000.00000000,7968.75000000
361.24375343,8000.00000000,8062.50000000
361.25974321,8000.00000000,8062.50000000
361.27670383,8000.00000000,7968.75000000
361.29262495,8000.00000000,7968.75000000
361.30858135,8000.00000000,8062.50000000
361.32453775,8000.00000000,7968.75000000
361.34050083,8000.00000000,7968.75000000
361.35645199,8000.00000000,7968.75000000
361.37241077,8000.00000000,8062.50000000
361.38836813,8000.00000000,8062.50000000
361.40432405,8000.00000000,8062.50000000
361.42030859,8000.00000000,8062.50000000
361.43626547,8000.00000000,8062.50000000
361.45319319,8000.00000000,8062.50000000
361.46815634,8000.00000000,7968.75000000
361.48411369,8000.00000000,7968.75000000
361.50010109,8000.00000000,8062.50000000
361.51605749,8000.00000000,8062.50000000
361.53200388,8000.00000000,7968.75000000
361.54794216,8000.00000000,7875.00000000
361.56389999,8000.00000000,7968.75000000
361.57985449,8000.00000000,8062.50000000
361.59581184,8000.00000000,8062.50000000
361.61180162,8000.00000000,8062.50000000
361.62772942,8000.00000000,7968.75000000
361.64368582,8000.00000000,7968.75000000
361.66064072,8000.00000000,7968.75000000
361.67659664,8000.00000000,7968.75000000
361.69255495,8000.00000000,7968.75000000
361.70851088,8000.00000000,7968.75000000
361.72446966,8000.00000000,7968.75000000
361.74042606,8000.00000000,8062.50000000
361.75638437,8000.00000000,7968.75000000
361.77234077,8000.00000000,7968.75000000
361.78829765,8000.00000000,8062.50000000
361.80425549,8000.00000000,8062.50000000
361.82021236,8000.00000000,7968.75000000
361.83617163,8000.00000000,8062.50000000
361.85212851,8000.00000000,8062.50000000
361.86808538,8000.00000000,8062.50000000
361.88404131,8000.00000000,8062.50000000
361.90000010,8000.00000000,7968.75000000
361.91595602,8000.00000000,7968.75000000
361.93191433,8000.00000000,7968.75000000
361.94787264,8000.00000000,8062.50000000
361.96382999,8000.00000000,7968.75000000
361.97978640,8000.00000000,7968.75000000
361.99574375,8000.00000000,8062.50000000
362.01170111,8000.00000000,7968.75000000
362.02765703,8000.00000000,7968.75000000
362.04361582,8000.00000000,8062.50000000
362.06056929,8000.00000000,7968.75000000
362.07652664,9000.00000000,7968.75000000
362.09251547,9000.00000000,7968.75000000
362.10844231,9000.00000000,8156.25000000
362.12439966,9000.00000000,8156.25000000
362.14036131,9000.00000000,8343.75000000
362.15631342,9000.00000000,8437.50000000
362.17227030,9000.00000000,8531.25000000
362.18825865,9000.00000000,8625.00000000
362.20420218,9000.00000000,8625.00000000
362.22017479,9000.00000000,8625.00000000
362.23613214,9000.00000000,8718.75000000
362.25209856,9000.00000000,8812.50000000
362.26801586,9000.00000000,8906.25000000
362.28397179,9000.00000000,8906.25000000
362.29993057,9000.00000000,8906.25000000
362.31588650,9000.00000000,8906.25000000
362.33187532,9000.00000000,8906.25000000
362.34783363,9000.00000000,8906.25000000
362.36375809,9000.00000000,9000.00000000
362.37974310,9000.00000000,9000.00000000
362.39570808,9000.00000000,9000.00000000
362.41163158,9000.00000000,9000.00000000
362.42861891,9000.00000000,9000.00000000
362.44454336,9000.00000000,9093.75000000
362.46050167,9000.00000000,9093.75000000
362.47645712,9000.00000000,9000.00000000
362.49241590,9000.00000000,9093.75000000
362.50837183,9000.00000000,9000.00000000
362.52432871,9000.00000000,9000.00000000
362.54028606,9000.00000000,9093.75000000
362.55624485,9000.00000000,9000.00000000
362.57220125,9000.00000000,8906.25000000
362.58815956,9000.00000000,9000.00000000
362.60411739,9000.00000000,9000.00000000
362.62007475,9000.00000000,9000.00000000
362.63603210,9000.00000000,9000.00000000
362.65199709,9000.00000000,9000.00000000
362.66894484,9000.00000000,9093.75000000
362.68390226,9000.00000000,9093.75000000
362.69985962,9000.00000000,9093.75000000
362.71585083,9000.00000000,9000.00000000
362.73177433,9000.00000000,9000.00000000
362.74773121,9000.00000000,9000.00000000
362.76368999,9000.00000000,9000.00000000
362.77964592,9000.00000000,9000.00000000
362.79660177,9000.00000000,9000.00000000
362.81255817,9000.00000000,9000.00000000
362.82851696,9000.00000000,9000.00000000
362.84447813,9000.00000000,9000.00000000
362.86042976,9000.00000000,9093.75000000
362.87638712,9000.00000000,9000.00000000
362.89234495,9000.00000000,8906.25000000
362.90830183,9000.00000000,8906.25000000
362.92425919,9000.00000000,8906.25000000
362.94021654,9000.00000000,9093.75000000
362.95617390,9000.00000000,9000.00000000
362.97213125,9000.00000000,9000.00000000
362.98808861,9000.00000000,9000.00000000
363.00406885,9000.00000000,9093.75000000
363.02002621,9000.00000000,9000.00000000
363.03598547,9000.00000000,9000.00000000
363.05194139,9000.00000000,9000.00000000
363.06889629,9000.00000000,8906.25000000
363.08385706,9000.00000000,9000.00000000
363.09981346,9000.00000000,9093.75000000
363.11577034,9000.00000000,9000.00000000
363.13172817,9000.00000000,9000.00000000
363.14768553,9000.00000000,9000.00000000
363.16463995,9000.00000000,9000.00000000
363.18059778,9000.00000000,9093.75000000
363.19655609,9000.00000000,9000.00000000
363.21251297,9000.00000000,9000.00000000
363.22846889,9000.00000000,8906.25000000
363.24442625,9000.00000000,9000.00000000
363.26038313,9000.00000000,9000.00000000
363.27634048,9000.00000000,9000.00000000
363.29229879,9000.00000000,9000.00000000
363.30825710,9000.00000000,9000.00000000
363.32421255,9000.00000000,9000.00000000
363.34018946,9000.00000000,9000.00000000
363.35612822,9000.00000000,9000.00000000
363.37211037,9000.00000000,8906.25000000
363.38807440,9000.00000000,9000.00000000
363.40403128,9000.00000000,9000.00000000
363.41998243,9000.00000000,9093.75000000
363.43591690,9000.00000000,9000.00000000
363.45187330,9000.00000000,9000.00000000
363.46783018,9000.00000000,9000.00000000
363.48478794,9000.00000000,9000.00000000
363.50074434,9000.00000000,9000.00000000
363.51669979,9000.00000000,9000.00000000
363.53266096,9000.00000000,9000.00000000
363.54862356,9000.00000000,9000.00000000
363.56457043,9000.00000000,9000.00000000
363.58052826,9000.00000000,9000.00000000
363.59648514,9000.00000000,9000.00000000
363.61244249,9000.00000000,9000.00000000
363.62839985,9000.00000000,9000.00000000
363.64435673,9000.00000000,9000.00000000
363.66031885,9000.00000000,9000.00000000
363.67627192,9000.00000000,9000.00000000
363.69222927,9000.00000000,9000.00000000
363.70818567,9000.00000000,9093.75000000
363.72414398,9000.00000000,9093.75000000
363.74010181,9000.00000000,8906.25000000
363.75605965,9000.00000000,8906.25000000
363.77201700,9000.00000000,9000.00000000
363.78797293,9000.00000000,9000.00000000
363.80393410,9000.00000000,9000.00000000
363.81989002,9000.00000000,9000.00000000
363.83584547,9000.00000000,9000.00000000
363.85180283,9000.00000000,9000.00000000
363.86876631,9000.00000000,9000.00000000
363.88471508,9000.00000000,9093.75000000
363.89967537,9000.00000000,9000.00000000
363.91563225,9000.00000000,9000.00000000
363.93258715,9000.00000000,9000.00000000
363.94854403,9000.00000000,8906.25000000
363.96450138,9000.00000000,9000.00000000
363.98045921,9000.00000000,9000.00000000
363.99641514,9000.00000000,8906.25000000
364.01237297,9000.00000000,9000.00000000
364.02832985,9000.00000000,9000.00000000
364.04428720,9000.00000000,9000.00000000
364.06024456,9000.00000000,8906.25000000
364.07751513,9000.00000000,8906.25000000
364.09247684,9000.00000000,9000.00000000
364.10843468,9000.00000000,9000.00000000
364.12477446,9000.00000000,9093.75000000
364.13973379,9000.00000000,9000.00000000
364.15569162,9000.00000000,9000.00000000
364.17164993,9000.00000000,9000.00000000
364.18760633,9000.00000000,9000.00000000
364.20356464,9000.00000000,9000.00000000
364.22051811,9000.00000000,9000.00000000
364.23647738,9000.00000000,9000.00000000
364.25243282,9000.00000000,9000.00000000
364.26893139,9000.00000000,9000.00000000
364.28386211,9000.00000000,9000.00000000
364.29984903,9000.00000000,9000.00000000
364.31581259,9000.00000000,9093.75000000
364.33176947,9000.00000000,9000.00000000
364.34769154,9000.00000000,9000.00000000
364.36364889,9000.00000000,9000.00000000
364.38060522,9000.00000000,8906.25000000
364.39656258,9000.00000000,9000.00000000
364.41152143,9000.00000000,9000.00000000
364.42847776,9000.00000000,9000.00000000
364.44443417,9000.00000000,9000.00000000
364.46039152,9000.00000000,9000.00000000
364.47634888,9000.00000000,9000.00000000
364.49230480,9000.00000000,9000.00000000
364.50826216,9000.00000000,9000.00000000
364.52425194,9000.00000000,9000.00000000
364.54017687,9000.00000000,9000.00000000
364.55616665,9000.00000000,9093.75000000
364.57209349,9000.00000000,9000.00000000
364.58804893,9000.00000000,9000.00000000
364.60400629,9000.00000000,8906.25000000
364.61996365,9000.00000000,9000.00000000
364.63592291,9000.00000000,9093.75000000
364.65188789,9000.00000000,9000.00000000
364.66883802,9000.00000000,9000.00000000
364.68379498,9000.00000000,9000.00000000
364.69975042,9000.00000000,9000.00000000
364.71570778,9000.00000000,9000.00000000
364.73166561,9000.00000000,9000.00000000
364.74862576,9000.00000000,9000.00000000
364.76457882,9000.00000000,9000.00000000
364.78053522,9000.00000000,9000.00000000
364.79649210,9000.00000000,9000.00000000
364.81248379,9000.00000000,9000.00000000
364.82840824,9000.00000000,9000.00000000
364.84436560,9000.00000000,9000.00000000
364.86032248,9000.00000000,9000.00000000
364.87627840,9000.00000000,9000.00000000
364.89223766,9000.00000000,9000.00000000
364.90819263,9000.00000000,9000.00000000
364.92414999,9000.00000000,9000.00000000
364.94010973,9000.00000000,9000.00000000
364.95606565,9000.00000000,9000.00000000
364.97202539,9000.00000000,9000.00000000
364.98798037,9000.00000000,9000.00000000
365.00393772,9000.00000000,9000.00000000
365.01989508,9000.00000000,9000.00000000
365.03585196,9000.00000000,9000.00000000
365.05181360,9000.00000000,9000.00000000
365.06876993,9000.00000000,9000.00000000
365.08472157,9000.00000000,9000.00000000
365.10067940,9000.00000000,9000.00000000
365.11563778,9000.00000000,9000.00000000
365.13159561,9000.00000000,9000.00000000
365.14755440,9000.00000000,9000.00000000
365.16450930,9000.00000000,8906.25000000
365.18046713,9000.00000000,8906.25000000
365.19645691,9000.00000000,9000.00000000
365.21237946,9000.00000000,9093.75000000
365.22833681,9000.00000000,9093.75000000
365.24429417,9000.00000000,8906.25000000
365.26025152,9000.00000000,9000.00000000
365.27720594,9000.00000000,9000.00000000
365.29216814,9000.00000000,9000.00000000
365.30812407,9000.00000000,9000.00000000
365.32408190,9000.00000000,9000.00000000
365.34003878,9000.00000000,8906.25000000
365.35599518,9000.00000000,9000.00000000
365.37195253,9000.00000000,9093.75000000
365.38790989,9000.00000000,9000.00000000
365.40386724,9000.00000000,8906.25000000
365.41982460,9000.00000000,9000.00000000
365.43582296,9000.00000000,9000.00000000
365.45174074,9000.00000000,9000.00000000
365.46869946,9000.00000000,9000.00000000
365.48465300,9000.00000000,9000.00000000
365.50060940,9000.00000000,9000.00000000
365.51657486,9000.00000000,9000.00000000
365.53252554,9000.00000000,9000.00000000
365.54848146,9000.00000000,9093.75000000
365.56444407,9000.00000000,9000.00000000
365.58039570,9000.00000000,8906.25000000
365.59635305,9000.00000000,9000.00000000
365.61231041,9000.00000000,9000.00000000
365.62826729,9000.00000000,9000.00000000
365.64422512,9000.00000000,9000.00000000
365.66018152,9000.00000000,9000.00000000
365.67613935,9000.00000000,9000.00000000
365.69209766,9000.00000000,9093.75000000
365.70805454,9000.00000000,9000.00000000
365.72401190,9000.00000000,9000.00000000
365.73996925,9000.00000000,9000.00000000
365.75592613,9000.00000000,9000.00000000
365.77188444,9000.00000000,9000.00000000
365.78784227,9000.00000000,9000.00000000
365.80379772,9000.00000000,9000.00000000
365.81975555,9000.00000000,9093.75000000
365.83671188,9000.00000000,9000.00000000
365.85266876,9000.00000000,9000.00000000
365.86862564,9000.00000000,9000.00000000
365.88458252,9000.00000000,8906.25000000
365.90055609,9000.00000000,9000.00000000
365.91649675,9000.00000000,9000.00000000
365.93245411,9000.00000000,9000.00000000
365.94841242,9000.00000000,8906.25000000
365.96436977,9000.00000000,9000.00000000
365.98032713,9000.00000000,9000.00000000
365.99628305,9000.00000000,9000.00000000
366.01224327,9000.00000000,9093.75000000
366.02919626,9000.00000000,9000.00000000
366.04415703,9000.00000000,9000.00000000
366.06011248,9000.00000000,9093.75000000
366.07606936,9000.00000000,9093.75000000
366.09202909,9000.00000000,9000.00000000
366.10798550,9000.00000000,8906.25000000
366.12394285,9000.00000000,9000.00000000
366.13990068,9000.00000000,9000.00000000
366.15585661,9000.00000000,9000.00000000
366.17181540,9000.00000000,9000.00000000
366.18780899,9000.00000000,9000.00000000
366.20373297,9000.00000000,9000.00000000
366.21968555,9000.00000000,8906.25000000
366.23664093,9000.00000000,9000.00000000
366.25259876,9000.00000000,9000.00000000
366.26856184,9000.00000000,8906.25000000
366.28451395,9000.00000000,9000.00000000
366.30050230,9000.00000000,8906.25000000
366.31642723,9000.00000000,9000.00000000
366.33238459,9000.00000000,9093.75000000
366.34834194,9000.00000000,9000.00000000
366.36430025,9000.00000000,8906.25000000
366.38025618,9000.00000000,9000.00000000
366.39621353,9000.00000000,9093.75000000
366.41217279,9000.00000000,9093.75000000
366.42813015,9000.00000000,9000.00000000
366.44408560,9000.00000000,9000.00000000
366.46004295,9000.00000000,9000.00000000
366.47599983,9000.00000000,9000.00000000
366.49195719,9000.00000000,9093.75000000
366.50791502,9000.00000000,9000.00000000
366.52387285,9000.00000000,8906.25000000
366.53982973,9000.00000000,9000.00000000
366.55578804,9000.00000000,9000.00000000
366.57174587,9000.00000000,9093.75000000
366.58770275,9000.00000000,9000.00000000
366.60366058,9000.00000000,9000.00000000
366.61961746,9000.00000000,8906.25000000
366.63657284,9000.00000000,9093.75000000
366.65253019,9000.00000000,9000.00000000
366.66849232,9000.00000000,8906.25000000
366.68444347,9000.00000000,8906.25000000
366.70040226,9000.00000000,9000.00000000
366.71639013,9000.00000000,9000.00000000
366.73234797,9000.00000000,9093.75000000
366.74827242,9000.00000000,9000.00000000
366.76423168,9000.00000000,9000.00000000
366.78018904,9000.00000000,8906.25000000
366.79614449,9000.00000000,9000.00000000
366.81210136,9000.00000000,9000.00000000
366.82806063,9000.00000000,9000.00000000
366.84401798,9000.00000000,9000.00000000
366.85997534,9000.00000000,9000.00000000
366.87593222,9000.00000000,9000.00000000
366.89188957,9000.00000000,9000.00000000
366.90784788,9000.00000000,9000.00000000
366.92380428,9000.00000000,9000.00000000
366.93976212,9000.00000000,8906.25000000
366.95571899,9000.00000000,9000.00000000
366.97167635,9000.00000000,9000.00000000
366.98763180,9000.00000000,9000.00000000
367.00458908,9000.00000000,9093.75000000
367.02054405,9000.00000000,9000.00000000
367.03650284,9000.00000000,9000.00000000
367.05246019,9000.00000000,9000.00000000
367.06841803,9000.00000000,9000.00000000
367.08437824,9000.00000000,9000.00000000
367.10033274,9000.00000000,9000.00000000
367.11628962,9000.00000000,9093.75000000
367.13224602,9000.00000000,9000.00000000
367.14920187,9000.00000000,9093.75000000
367.16416216,9000.00000000,9000.00000000
367.18011904,9000.00000000,9000.00000000
367.19607687,9000.00000000,9000.00000000
367.21203327,9000.00000000,9000.00000000
367.22798967,9000.00000000,9000.00000000
367.24394798,9000.00000000,9000.00000000
367.25990486,9000.00000000,8906.25000000
367.27589178,9000.00000000,9093.75000000
367.29184866,9000.00000000,9000.00000000
367.30780602,9000.00000000,9000.00000000
367.32478523,9000.00000000,8906.25000000
367.34072018,9000.00000000,8906.25000000
367.35667801,9000.00000000,9000.00000000
367.37260294,9000.00000000,9000.00000000
367.38859224,9000.00000000,9000.00000000
367.40451765,9000.00000000,9000.00000000
367.42047548,9000.00000000,9000.00000000
367.43643188,9000.00000000,9000.00000000
367.45242691,9000.00000000,9000.00000000
367.46834993,9000.00000000,9000.00000000
367.48430586,9000.00000000,9000.00000000
367.50026178,9000.00000000,9000.00000000
367.51622009,9000.00000000,9093.75000000
367.53320551,9000.00000000,9000.00000000
367.54813337,9000.00000000,9000.00000000
367.56409073,9000.00000000,9000.00000000
367.58008099,9000.00000000,9000.00000000
367.59600544,9000.00000000,9000.00000000
367.61200142,9000.00000000,9000.00000000
367.62791967,9000.00000000,9000.00000000
367.64391041,9000.00000000,9000.00000000
367.65983391,9000.00000000,8906.25000000
367.67582464,9000.00000000,9000.00000000
367.69174910,9000.00000000,9000.00000000
367.70770597,9000.00000000,9000.00000000
367.72366619,9000.00000000,8906.25000000
367.74062157,9000.00000000,9000.00000000
367.75657701,9000.00000000,9093.75000000
367.77253580,9000.00000000,9000.00000000
367.78849268,9000.00000000,9000.00000000
367.80444860,9000.00000000,9000.00000000
367.82041216,9000.00000000,9093.75000000
367.83636284,9000.00000000,9000.00000000
367.85232019,9000.00000000,9000.00000000
367.86827755,9000.00000000,9000.00000000
367.88423729,9000.00000000,9000.00000000
367.90019512,9000.00000000,9000.00000000
367.91614962,9000.00000000,9000.00000000
367.93210602,9000.00000000,9000.00000000
367.94806671,9000.00000000,8906.25000000
367.96402168,9000.00000000,8906.25000000
367.97997856,9000.00000000,9093.75000000
367.99593592,9000.00000000,9093.75000000
368.01189423,9000.00000000,9000.00000000
368.02785063,9000.00000000,8906.25000000
368.04381037,9000.00000000,9000.00000000
368.05976582,9000.00000000,9000.00000000
368.07572317,9000.00000000,9000.00000000
368.09167957,9000.00000000,9000.00000000
368.10763741,9000.00000000,9000.00000000
368.12459373,9000.00000000,9000.00000000
368.14054918,9000.00000000,9000.00000000
368.15650749,9000.00000000,9000.00000000
368.17246389,9000.00000000,9000.00000000
368.18842125,9000.00000000,9000.00000000
368.20438051,9000.00000000,9000.00000000
368.22033787,9000.00000000,9000.00000000
368.23629475,9000.00000000,9000.00000000
368.25227928,9000.00000000,9000.00000000
368.26820898,9000.00000000,9000.00000000
368.28416681,9000.00000000,8906.25000000
368.30012321,9000.00000000,9000.00000000
368.31610966,9000.00000000,9000.00000000
368.33206511,9000.00000000,9093.75000000
368.34799576,9000.00000000,9000.00000000
368.36398029,9000.00000000,9000.00000000
368.37990999,9000.00000000,9093.75000000
368.39586592,9000.00000000,9000.00000000
368.41182327,9000.00000000,9000.00000000
368.42778254,9000.00000000,9000.00000000
368.44374228,9000.00000000,9000.00000000
368.45969677,9000.00000000,9000.00000000
368.47565508,9000.00000000,8906.25000000
368.49260807,9000.00000000,8906.25000000
368.50756836,9000.00000000,9000.00000000
368.52453184,9000.00000000,9000.00000000
368.54048061,9000.00000000,9093.75000000
368.55643702,9000.00000000,9000.00000000
368.57239628,9000.00000000,9000.00000000
368.58835173,9000.00000000,9000.00000000
368.60430861,9000.00000000,9000.00000000
368.62026644,9000.00000000,9000.00000000
368.63622761,9000.00000000,9000.00000000
368.65218353,9000.00000000,9000.00000000
368.66813946,9000.00000000,9000.00000000
368.68409634,9000.00000000,9000.00000000
368.70005417,9000.00000000,9093.75000000
368.71601057,9000.00000000,9000.00000000
368.73196745,9000.00000000,8906.25000000
368.74792576,9000.00000000,9000.00000000
368.76388264,9000.00000000,9000.00000000
368.77984047,9000.00000000,9000.00000000
368.79579639,9000.00000000,9000.00000000
368.81175518,9000.00000000,9000.00000000
368.82774734,9000.00000000,9000.00000000
368.84367037,9000.00000000,9093.75000000
368.86062336,9000.00000000,9093.75000000
368.87658119,9000.00000000,9000.00000000
368.89257240,9000.00000000,9000.00000000
368.90849543,9000.00000000,9000.00000000
368.92445278,9000.00000000,9000.00000000
368.94041014,9000.00000000,9000.00000000
368.95636892,9000.00000000,8906.25000000
368.97232628,9000.00000000,9000.00000000
368.98828268,9000.00000000,9000.00000000
369.00423956,9000.00000000,9000.00000000
369.02119493,9000.00000000,9000.00000000
369.03715229,9000.00000000,9000.00000000
369.05211115,9000.00000000,8906.25000000
369.06806946,9000.00000000,8906.25000000
369.08402586,9000.00000000,9000.00000000
369.10001850,9000.00000000,9000.00000000
369.11596870,9000.00000000,8906.25000000
369.13189888,9000.00000000,9000.00000000
369.14785576,9000.00000000,9000.00000000
369.16381311,9000.00000000,9093.75000000
369.17976952,9000.00000000,9000.00000000
369.19572687,9000.00000000,9000.00000000
369.21168613,9000.00000000,8906.25000000
369.22764254,9000.00000000,9000.00000000
369.24459648,9000.00000000,9000.00000000
369.26055527,9000.00000000,9000.00000000
369.27651119,9000.00000000,8906.25000000
369.29246950,9000.00000000,9000.00000000
369.30842781,9000.00000000,9000.00000000
369.32438469,9000.00000000,9093.75000000
369.34034061,9000.00000000,9000.00000000
369.35630035,9000.00000000,9000.00000000
369.37225628,9000.00000000,9000.00000000
369.38822031,9000.00000000,9000.00000000
369.40516710,9000.00000000,9000.00000000
369.42012882,9000.00000000,9000.00000000
369.43608427,9000.00000000,9000.00000000
369.45208502,9000.00000000,9000.00000000
369.46800232,9000.00000000,9000.00000000
369.48495674,9000.00000000,9093.75000000
369.49991369,9000.00000000,9000.00000000
369.51587248,9000.00000000,9000.00000000
369.53182840,9000.00000000,9000.00000000
369.54779339,9000.00000000,9000.00000000
369.56374550,9000.00000000,9093.75000000
369.58069849,9000.00000000,9000.00000000
369.59665585,9000.00000000,9000.00000000
369.61164236,9000.00000000,8906.25000000
369.62857246,9000.00000000,9000.00000000
369.64452887,9000.00000000,9093.75000000
369.66048431,9000.00000000,9000.00000000
369.67644310,9000.00000000,9000.00000000
369.69239950,8000.00000000,9000.00000000
369.70835638,8000.00000000,9000.00000000
369.72431421,8000.00000000,8906.25000000
369.74027109,8000.00000000,8718.75000000
369.75623178,8000.00000000,8625.00000000
369.77218914,8000.00000000,8531.25000000
369.78814363,8000.00000000,8437.50000000
369.80410528,8000.00000000,8343.75000000
369.82005930,8000.00000000,8343.75000000
369.83601713,8000.00000000,8250.00000000
369.85198307,8000.00000000,8250.00000000
369.86793089,8000.00000000,8156.25000000
369.88389635,8000.00000000,8156.25000000
369.89984608,8000.00000000,8062.50000000
369.91580200,8000.00000000,8062.50000000
369.93176079,8000.00000000,8062.50000000
369.94771814,8000.00000000,8062.50000000
369.96467161,8000.00000000,7968.75000000
369.97963333,8000.00000000,7968.75000000
369.99559069,8000.00000000,8062.50000000
370.01154804,8000.00000000,7968.75000000
370.02850056,8000.00000000,7968.75000000
370.04445982,8000.00000000,8062.50000000
370.06041718,8000.00000000,8062.50000000
370.07637405,8000.00000000,8062.50000000
370.09233141,8000.00000000,7968.75000000
370.10828924,8000.00000000,8062.50000000
370.12424612,8000.00000000,7968.75000000
370.14120007,8000.00000000,7968.75000000
370.15815449,8000.00000000,7875.00000000
370.17311478,8000.00000000,7968.75000000
370.18807316,8000.00000000,7968.75000000
370.20403051,8000.00000000,7968.75000000
370.21999025,8000.00000000,7875.00000000
370.23594761,8000.00000000,7968.75000000
370.25191021,8000.00000000,7968.75000000
370.26885796,8000.00000000,7968.75000000
370.28381920,8000.00000000,8062.50000000
370.29977608,8000.00000000,7968.75000000
370.31573343,8000.00000000,7968.75000000
370.33168936,8000.00000000,8062.50000000
370.34764767,8000.00000000,8062.50000000
370.36460209,8000.00000000,7968.75000000
370.38055992,8000.00000000,7968.75000000
370.39651680,8000.00000000,7968.75000000
370.41247463,8000.00000000,7968.75000000
370.42843199,8000.00000000,7968.75000000
370.44438887,8000.00000000,8062.50000000
370.46034765,8000.00000000,7968.75000000
370.47630310,8000.00000000,8062.50000000
370.49226189,8000.00000000,7968.75000000
370.50824976,8000.00000000,7968.75000000
370.52417564,8000.00000000,8062.50000000
370.54013348,8000.00000000,8062.50000000
370.55609131,8000.00000000,7968.75000000
370.57204866,8000.00000000,7968.75000000
370.58800554,8000.00000000,8062.50000000
370.60396242,8000.00000000,8062.50000000
370.62091637,8000.00000000,8062.50000000
370.63587618,8000.00000000,8062.50000000
370.65183926,8000.00000000,7968.75000000
370.66878843,8000.00000000,7968.75000000
370.68475056,8000.00000000,7968.75000000
370.70170164,8000.00000000,7968.75000000
370.71665955,8000.00000000,7968.75000000
370.73162079,8000.00000000,7968.75000000
370.74857521,8000.00000000,7968.75000000
370.76453400,8000.00000000,7968.75000000
370.78049040,8000.00000000,7968.75000000
370.79644871,8000.00000000,8062.50000000
370.81240559,8000.00000000,7968.75000000
370.82836294,8000.00000000,8062.50000000
370.84431887,8000.00000000,8062.50000000
370.86027718,8000.00000000,8062.50000000
370.87623453,8000.00000000,7968.75000000
370.89218998,8000.00000000,7968.75000000
370.90814972,8000.00000000,7968.75000000
370.92410612,8000.00000000,7968.75000000
370.94006252,8000.00000000,7968.75000000
370.95605230,8000.00000000,7968.75000000
370.97197962,8000.00000000,8062.50000000
370.98793650,8000.00000000,7968.75000000
371.00389338,8000.00000000,7968.75000000
371.01985025,8000.00000000,7968.75000000
371.03580809,8000.00000000,8062.50000000
371.05176973,8000.00000000,8062.50000000
371.06871986,8000.00000000,7968.75000000
371.08467674,8000.00000000,8062.50000000
371.10163164,8000.00000000,7968.75000000
371.11659098,8000.00000000,8062.50000000
371.13155174,8000.00000000,7968.75000000
371.14850569,8000.00000000,7968.75000000
371.16446590,8000.00000000,8062.50000000
371.18042040,8000.00000000,8062.50000000
371.19637775,8000.00000000,7968.75000000
371.21233654,8000.00000000,7968.75000000
371.22829437,8000.00000000,7968.75000000
371.24424934,8000.00000000,7968.75000000
371.26120520,8000.00000000,7968.75000000
371.27616358,8000.00000000,7968.75000000
371.29212284,8000.00000000,8062.50000000
371.30807829,8000.00000000,8062.50000000
371.32403803,8000.00000000,7968.75000000
371.33999491,8000.00000000,8062.50000000
371.35595226,8000.00000000,8062.50000000
371.37190962,8000.00000000,8062.50000000
371.38786697,8000.00000000,8062.50000000
371.40382338,8000.00000000,7968.75000000
371.41977978,8000.00000000,7968.75000000
371.43573809,8000.00000000,7968.75000000
371.45169449,8000.00000000,8062.50000000
371.46865559,8000.00000000,7968.75000000
371.48460770,8000.00000000,7875.00000000
371.49956799,8000.00000000,7968.75000000
371.51652098,8000.00000000,7968.75000000
371.53247833,8000.00000000,7968.75000000
371.54843569,8000.00000000,7968.75000000
371.56539106,8000.00000000,8062.50000000
371.58035040,8000.00000000,7968.75000000
371.59630775,8000.00000000,7968.75000000
371.61226606,8000.00000000,8062.50000000
371.63021946,8000.00000000,8062.50000000
371.64620733,8000.00000000,8062.50000000
371.66113663,8000.00000000,7968.75000000
371.67908716,8000.00000000,7968.75000000
371.69803619,8000.00000000,7968.75000000
371.71399546,8000.00000000,8062.50000000
371.73992491,8000.00000000,7968.75000000
371.75588322,8000.00000000,7968.75000000
371.77183867,8000.00000000,7968.75000000
371.78779984,8000.00000000,8062.50000000
371.80375624,8000.00000000,7968.75000000
371.81971312,8000.00000000,8062.50000000
371.83666611,8000.00000000,8062.50000000
371.85262299,8000.00000000,8062.50000000
371.86858082,8000.00000000,7968.75000000
371.88453770,8000.00000000,8062.50000000
371.90049410,8000.00000000,7968.75000000
371.91645241,8000.00000000,7875.00000000
371.93241119,8000.00000000,7968.75000000
371.94836903,8000.00000000,7968.75000000
371.96432638,8000.00000000,7968.75000000
371.98028135,8000.00000000,7968.75000000
371.99623823,8000.00000000,8062.50000000
372.01219893,8000.00000000,7968.75000000
372.02815342,8000.00000000,7968.75000000
372.04411125,8000.00000000,7968.75000000
372.06006718,8000.00000000,8062.50000000
372.07602453,8000.00000000,8062.50000000
372.09198284,8000.00000000,8062.50000000
372.10794020,8000.00000000,8062.50000000
372.12389660,8000.00000000,8062.50000000
372.13985491,8000.00000000,7968.75000000
372.15581131,8000.00000000,7968.75000000
372.17176867,8000.00000000,7968.75000000
372.18772602,8000.00000000,7968.75000000
372.20368338,8000.00000000,7968.75000000
372.21964264,8000.00000000,8062.50000000
372.23659897,8000.00000000,8062.50000000
372.25255299,8000.00000000,8062.50000000
372.26851416,8000.00000000,7968.75000000
372.28447104,8000.00000000,7968.75000000
372.30042648,8000.00000000,7968.75000000
372.31638193,8000.00000000,8062.50000000
372.33234024,8000.00000000,7968.75000000
372.34829664,8000.00000000,7968.75000000
372.36425447,8000.00000000,7968.75000000
372.38021278,8000.00000000,7968.75000000
372.39617062,8000.00000000,8062.50000000
372.41215229,8000.00000000,7968.75000000
372.42808390,8000.00000000,7968.75000000
372.44404125,8000.00000000,7968.75000000
372.45999861,8000.00000000,7968.75000000
372.47595596,8000.00000000,7968.75000000
372.49191380,8000.00000000,7968.75000000
372.50856876,8000.00000000,8062.50000000
372.52455854,8000.00000000,7968.75000000
372.54051638,8000.00000000,8062.50000000
372.55644083,8000.00000000,7968.75000000
372.57239771,8000.00000000,7968.75000000
372.58835697,8000.00000000,7968.75000000
372.60431242,8000.00000000,7968.75000000
372.62026978,8000.00000000,7968.75000000
372.63623047,8000.00000000,7968.75000000
372.65218592,8000.00000000,8062.50000000
372.66814423,8000.00000000,7968.75000000
372.68409920,8000.00000000,8062.50000000
372.70005608,8000.00000000,7968.75000000
372.71601439,8000.00000000,8062.50000000
372.73197412,8000.00000000,7968.75000000
372.74792814,8000.00000000,7968.75000000
372.76388645,8000.00000000,7968.75000000
372.77984381,8000.00000000,7968.75000000
372.79583359,8000.00000000,7968.75000000
372.81179047,8000.00000000,7968.75000000
372.82771492,8000.00000000,8062.50000000
372.84367228,8000.00000000,8062.50000000
372.86062765,8000.00000000,7968.75000000
372.87658453,8000.00000000,8062.50000000
372.89254189,8000.00000000,8062.50000000
372.90850019,8000.00000000,7968.75000000
372.92448664,8000.00000000,7968.75000000
372.94041395,8000.00000000,8062.50000000
372.95637226,8000.00000000,8062.50000000
372.97235870,8000.00000000,7968.75000000
372.98828554,8000.00000000,7968.75000000
373.00424290,8000.00000000,7968.75000000
373.02119780,8000.00000000,7968.75000000
373.03615856,8000.00000000,7968.75000000
373.05211544,8000.00000000,7968.75000000
373.06807423,8000.00000000,7968.75000000
373.08403063,8000.00000000,8062.50000000
373.09998751,8000.00000000,8062.50000000
373.11594439,8000.00000000,8062.50000000
373.13190174,8000.00000000,8062.50000000
373.14785957,8000.00000000,7968.75000000
373.16381693,8000.00000000,8062.50000000
373.17977381,8000.00000000,8062.50000000
373.19573116,8000.00000000,8062.50000000
373.21171856,8000.00000000,7968.75000000
373.22865343,8000.00000000,7968.75000000
373.24463272,8000.00000000,8062.50000000
373.26055765,8000.00000000,7968.75000000
373.27651787,8000.00000000,7968.75000000
373.29247236,8000.00000000,7968.75000000
373.30843019,8000.00000000,7875.00000000
373.32438707,8000.00000000,8062.50000000
373.34037733,8000.00000000,8062.50000000
373.35630226,8000.00000000,8062.50000000
373.37225866,8000.00000000,7968.75000000
373.38821602,8000.00000000,7968.75000000
373.40520430,8000.00000000,8062.50000000
373.42013216,8000.00000000,7968.75000000
373.43608856,8000.00000000,8062.50000000
373.45204878,8000.00000000,8062.50000000
373.46800470,8000.00000000,7968.75000000
373.48396015,8000.00000000,7968.75000000
373.49991751,8000.00000000,7968.75000000
373.51587439,8000.00000000,7968.75000000
373.53183317,8000.00000000,7968.75000000
373.54779196,8000.00000000,7968.75000000
373.56474781,8000.00000000,7875.00000000
373.57970476,8000.00000000,7968.75000000
373.59665966,8000.00000000,8062.50000000
373.61261654,8000.00000000,8062.50000000
373.62857437,8000.00000000,8062.50000000
373.64453125,8000.00000000,7968.75000000
373.66048956,8000.00000000,8062.50000000
373.67644596,8000.00000000,7968.75000000
373.69240379,8000.00000000,7968.75000000
373.70836020,8000.00000000,7968.75000000
373.72431755,8000.00000000,7968.75000000
373.74027538,8000.00000000,7968.75000000
373.75623226,8000.00000000,8062.50000000
373.77218962,8000.00000000,8062.50000000
373.78814650,8000.00000000,8062.50000000
373.80410433,8000.00000000,7968.75000000
373.82006168,8000.00000000,7968.75000000
373.83601952,8000.00000000,8062.50000000
373.85197735,8000.00000000,8062.50000000
373.86793423,8000.00000000,7968.75000000
373.88390017,8000.00000000,7968.75000000
373.89985037,8000.00000000,8062.50000000
373.91580534,8000.00000000,7968.75000000
373.93176317,8000.00000000,7968.75000000
373.94871902,8000.00000000,7875.00000000
373.96367741,8000.00000000,7875.00000000
373.98063278,8000.00000000,7968.75000000
373.99658918,8000.00000000,7968.75000000
374.02152348,8000.00000000,7968.75000000
374.03648281,8000.00000000,8062.50000000
374.05144310,8000.00000000,7968.75000000
374.06640244,8000.00000000,8062.50000000
374.08136320,8000.00000000,8062.50000000
374.09632254,8000.00000000,8062.50000000
374.11128235,8000.00000000,8062.50000000
374.12624311,8000.00000000,8062.50000000
374.14319706,8000.00000000,7875.00000000
374.15815687,8000.00000000,7968.75000000
374.17311716,8000.00000000,7968.75000000
374.18807697,8000.00000000,7968.75000000
374.20403433,8000.00000000,7968.75000000
374.21999216,8000.00000000,7968.75000000
374.23594952,8000.00000000,7968.75000000
374.25191164,8000.00000000,7968.75000000
374.26886177,8000.00000000,8062.50000000
374.28382206,8000.00000000,8062.50000000
374.29977846,8000.00000000,7968.75000000
374.31573629,8000.00000000,7968.75000000
374.33269215,8000.00000000,8062.50000000
374.34865475,8000.00000000,8062.50000000
374.36460590,8000.00000000,7968.75000000
374.38056278,8000.00000000,8062.50000000
374.39651966,8000.00000000,8062.50000000
374.41247702,8000.00000000,8062.50000000
374.42843437,8000.00000000,8062.50000000
374.44439173,8000.00000000,7968.75000000
374.46035385,8000.00000000,7968.75000000
374.47630787,8000.00000000,7968.75000000
374.49226427,8000.00000000,7875.00000000
374.50822210,8000.00000000,7968.75000000
374.52517605,8000.00000000,8062.50000000
374.54013538,8000.00000000,8062.50000000
374.55609274,8000.00000000,7968.75000000
374.57205582,8000.00000000,7968.75000000
374.58800745,8000.00000000,7968.75000000
374.60410118,8000.00000000,7968.75000000
374.62005806,8000.00000000,7968.75000000
374.63601542,8000.00000000,8062.50000000
374.65197945,8000.00000000,8062.50000000
374.66793060,8000.00000000,7968.75000000
374.68388748,8000.00000000,7968.75000000
374.69984484,8000.00000000,7968.75000000
374.71580219,8000.00000000,7968.75000000
374.73176050,8000.00000000,7968.75000000
374.74771690,8000.00000000,7968.75000000
374.76367378,8000.00000000,7968.75000000
374.77963161,8000.00000000,8062.50000000
374.79658651,8000.00000000,7968.75000000
374.81254339,8000.00000000,8062.50000000
374.82750368,8000.00000000,7968.75000000
374.84364796,8000.00000000,7968.75000000
374.86060619,8000.00000000,7968.75000000
374.87659550,8000.00000000,8062.50000000
374.89252043,8000.00000000,8062.50000000
374.90847778,8000.00000000,8062.50000000
374.92446756,8000.00000000,8062.50000000
374.94039345,8000.00000000,7968.75000000
374.95634937,8000.00000000,7968.75000000
374.97230911,8000.00000000,7968.75000000
374.98826408,8000.00000000,7968.75000000
375.00422144,8000.00000000,7968.75000000
375.02117634,8000.00000000,7968.75000000
375.03613615,8000.00000000,7968.75000000
375.05212736,8000.00000000,7968.75000000
375.06805182,8000.00000000,7968.75000000
375.08400869,8000.00000000,7968.75000000
375.10000134,8000.00000000,7968.75000000
375.11595631,8000.00000000,8062.50000000
375.13191319,8000.00000000,8062.50000000
375.14783716,8000.00000000,8062.50000000
375.16379452,8000.00000000,8062.50000000
375.17975187,8000.00000000,8062.50000000
375.19570971,8000.00000000,8062.50000000
375.21169996,8000.00000000,8062.50000000
375.22762394,8000.00000000,8062.50000000
375.24457979,8000.00000000,7968.75000000
375.26053619,8000.00000000,8062.50000000
375.27649355,8000.00000000,7968.75000000
375.29245090,8000.00000000,7968.75000000
375.30840826,8000.00000000,8062.50000000
375.32436705,8000.00000000,7968.75000000
375.34032297,8000.00000000,7968.75000000
375.35627985,8000.00000000,7968.75000000
375.37223721,8000.00000000,7968.75000000
375.38819456,8000.00000000,7968.75000000
375.40415192,8000.00000000,7968.75000000
375.42010927,8000.00000000,7968.75000000
375.43606710,8000.00000000,8062.50000000
375.45202732,8000.00000000,8062.50000000
375.46798182,8000.00000000,7968.75000000
375.48393869,8000.00000000,8062.50000000
375.49989605,8000.00000000,8062.50000000
375.51585436,8000.00000000,7968.75000000
375.53181076,8000.00000000,7968.75000000
375.54776764,8000.00000000,8062.50000000
375.56372547,8000.00000000,7968.75000000
375.57968378,8000.00000000,7968.75000000
375.59663820,8000.00000000,7968.75000000
375.61259604,8000.00000000,7968.75000000
375.62855339,8000.00000000,7968.75000000
375.64451551,8000.00000000,7968.75000000
375.66046858,8000.00000000,7968.75000000
375.67642879,8000.00000000,7968.75000000
375.69338036,8000.00000000,8062.50000000
375.70833921,8000.00000000,7968.75000000
375.72429800,8000.00000000,8062.50000000
375.74025583,8000.00000000,8062.50000000
375.75720882,8000.00000000,8062.50000000
375.77217007,8000.00000000,7968.75000000
375.78812790,8000.00000000,7968.75000000
375.80408382,8000.00000000,7968.75000000
375.82007456,8000.00000000,7968.75000000
375.83599949,8000.00000000,7968.75000000
375.85195637,8000.00000000,7968.75000000
375.86791277,8000.00000000,7968.75000000
375.88386917,8000.00000000,8062.50000000
375.89982843,8000.00000000,8062.50000000
375.91578531,8000.00000000,7968.75000000
375.93174076,8000.00000000,8062.50000000
375.94869614,8000.00000000,8062.50000000
375.96465397,8000.00000000,7968.75000000
375.98061085,8000.00000000,7968.75000000
375.99557161,8000.00000000,7968.75000000
376.01252556,8000.00000000,7968.75000000
376.02848291,8000.00000000,7968.75000000
376.04443979,8000.00000000,7968.75000000
376.06039715,8000.00000000,7968.75000000
376.07635593,8000.00000000,7968.75000000
376.09231138,8000.00000000,7968.75000000
376.10827017,8000.00000000,8062.50000000
376.12422752,8000.00000000,8062.50000000
376.14018583,8000.00000000,7968.75000000
376.15614176,8000.00000000,7968.75000000
376.17213249,8000.00000000,7968.75000000
376.18808889,8000.00000000,8062.50000000
376.20401335,8000.00000000,8062.50000000
376.22000313,8000.00000000,8062.50000000
376.23594093,8000.00000000,8062.50000000
376.25189209,8000.00000000,8062.50000000
376.26884079,8000.00000000,7968.75000000
376.28379965,8000.00000000,7968.75000000
376.29975700,8000.00000000,7968.75000000
376.31574965,8000.00000000,8062.50000000
376.33170652,8000.00000000,7968.75000000
376.34762907,8000.00000000,7968.75000000
376.36458397,8000.00000000,7968.75000000
376.38054132,8000.00000000,8062.50000000
376.39649820,8000.00000000,7968.75000000
376.41245556,8000.00000000,7968.75000000
376.42841387,8000.00000000,7968.75000000
376.44440079,8000.00000000,7968.75000000
376.46032953,8000.00000000,8062.50000000
376.47628498,8000.00000000,7968.75000000
376.49224234,8000.00000000,8062.50000000
376.50823069,8000.00000000,7968.75000000
376.52518177,8000.00000000,8062.50000000
376.54114437,8000.00000000,8062.50000000
376.55710125,8000.00000000,7968.75000000
376.57202911,8000.00000000,8062.50000000
376.58798599,8000.00000000,7968.75000000
376.60394382,8000.00000000,8062.50000000
376.61990309,8000.00000000,8062.50000000
376.63589334,8000.00000000,7968.75000000
376.65185261,8000.00000000,7968.75000000
376.66781139,8000.00000000,7968.75000000
376.68376064,8000.00000000,7968.75000000
376.69972229,8000.00000000,7968.75000000
376.71564484,8000.00000000,8062.50000000
376.73160458,8000.00000000,7968.75000000
376.74855757,8000.00000000,7968.75000000
376.76451445,8000.00000000,7968.75000000
376.78047276,8000.00000000,7968.75000000
376.79642916,8000.00000000,8062.50000000
376.81238651,8000.00000000,8062.50000000
376.82834339,8000.00000000,7968.75000000
376.84430170,8000.00000000,7968.75000000
376.86025810,8000.00000000,7968.75000000
376.87624884,8000.00000000,8062.50000000
376.89317226,8000.00000000,7968.75000000
376.90813017,8000.00000000,7968.75000000
376.92408752,8000.00000000,7968.75000000
376.94004488,8000.00000000,7875.00000000
376.95600224,8000.00000000,8062.50000000
376.97195911,8000.00000000,8062.50000000
376.98791647,8000.00000000,8062.50000000
377.00387573,8000.00000000,8062.50000000
377.01997280,8000.00000000,8062.50000000
377.03592920,8000.00000000,7968.75000000
377.05185986,8000.00000000,7968.75000000
377.06883860,8000.00000000,7968.75000000
377.08380032,8000.00000000,7968.75000000
377.09975719,8000.00000000,7968.75000000
377.11571550,8000.00000000,7968.75000000
377.13167238,8000.00000000,8062.50000000
377.14859962,8000.00000000,7968.75000000
377.16455698,8000.00000000,7968.75000000
377.18051386,8000.00000000,7968.75000000
377.19647121,8000.00000000,7968.75000000
377.21242714,8000.00000000,8062.50000000
377.22838497,8000.00000000,8062.50000000
377.24434280,8000.00000000,7968.75000000
377.26030064,8000.00000000,7968.75000000
377.27625751,8000.00000000,7968.75000000
377.29221487,8000.00000000,7968.75000000
377.30819225,8000.00000000,7968.75000000
377.32416010,8000.00000000,7968.75000000
377.34011745,8000.00000000,7968.75000000
377.35607529,8000.00000000,8062.50000000
377.37200212,8000.00000000,8062.50000000
377.38798952,8000.00000000,8062.50000000
377.40391636,8000.00000000,7968.75000000
377.41987419,8000.00000000,7968.75000000
377.43583155,8000.00000000,7968.75000000
377.45178843,8000.00000000,7968.75000000
377.46878338,8000.00000000,8062.50000000
377.48470211,8000.00000000,7968.75000000
377.49966049,8000.00000000,7968.75000000
377.51564789,8000.00000000,7968.75000000
377.53256989,8000.00000000,8062.50000000
377.54852962,8000.00000000,8062.50000000
377.56449223,8000.00000000,7968.75000000
377.58044481,8000.00000000,8062.50000000
377.59640360,8000.00000000,7968.75000000
377.61235809,8000.00000000,8062.50000000
377.62831402,8000.00000000,7968.75000000
377.64427137,8000.00000000,7968.75000000
377.66023254,8000.00000000,8062.50000000
377.67718315,8000.00000000,7968.75000000
377.69214296,8000.00000000,7968.75000000
377.70810175,8000.00000000,8062.50000000
377.72605371,8000.00000000,8062.50000000
377.74202681,8000.00000000,7968.75000000
377.75796843,8000.00000000,7968.75000000
377.77292967,8000.00000000,7968.75000000
377.78789520,8000.00000000,7968.75000000
377.80384445,8000.00000000,8062.50000000
377.81980419,8000.00000000,8062.50000000
377.83576059,8000.00000000,7968.75000000
377.85271692,8000.00000000,7968.75000000
377.86867332,8000.00000000,7968.75000000
377.88463020,8000.00000000,7968.75000000
377.90058708,8000.00000000,8062.50000000
377.91654396,8000.00000000,8062.50000000
377.93250036,8000.00000000,7968.75000000
377.94845963,8000.00000000,7968.75000000
377.96441555,8000.00000000,7968.75000000
377.98037338,8000.00000000,7968.75000000
377.99633265,8000.00000000,7968.75000000
378.01228857,8000.00000000,7968.75000000
378.02824688,8000.00000000,8062.50000000
378.04520130,8000.00000000,8062.50000000
378.06019640,8000.00000000,7968.75000000
378.07611895,8000.00000000,8062.50000000
378.09207678,8000.00000000,7968.75000000
378.10806847,8000.00000000,7968.75000000
378.12402582,8000.00000000,7968.75000000
378.13994789,8000.00000000,8062.50000000
378.15590429,8000.00000000,7968.75000000
378.17201424,8000.00000000,8062.50000000
378.18797112,8000.00000000,7968.75000000
378.20392990,8000.00000000,7968.75000000
378.21988630,8000.00000000,7968.75000000
378.23584318,8000.00000000,7968.75000000
378.25276947,8000.00000000,7968.75000000
378.26872683,8000.00000000,8062.50000000
378.28468370,8000.00000000,7968.75000000
378.30064058,8000.00000000,7968.75000000
378.35050774,8000.00000000,8062.50000000
378.36546612,0.00000000,8062.50000000
378.38042736,0.00000000,7031.25000000
378.39638376,0.00000000,4875.00000000
378.41234255,0.00000000,4406.25000000
378.42929602,0.00000000,4406.25000000
378.44425821,0.00000000,4125.00000000
378.46021461,0.00000000,3656.25000000
378.47617340,0.00000000,3468.75000000
378.49212837,0.00000000,3375.00000000
378.50808477,0.00000000,3281.25000000
378.52407551,0.00000000,3093.75000000
378.53999949,0.00000000,3093.75000000
378.55595779,0.00000000,3000.00000000
378.57191563,0.00000000,2906.25000000
378.58787155,0.00000000,2906.25000000
378.60383081,0.00000000,2812.50000000
378.61978722,0.00000000,2812.50000000
378.63574457,0.00000000,2718.75000000
378.65270233,0.00000000,2625.00000000
378.66865921,0.00000000,2531.25000000
378.68461323,0.00000000,2437.50000000
378.70057440,0.00000000,2437.50000000
378.71575546,0.00000000,2531.25000000
378.73171520,0.00000000,2437.50000000
378.74767256,0.00000000,2343.75000000
378.76366234,0.00000000,2250.00000000
378.78058529,0.00000000,2250.00000000
378.79654217,0.00000000,2250.00000000
378.81249952,0.00000000,2343.75000000
378.82845831,0.00000000,2343.75000000
378.84441376,0.00000000,2062.50000000
378.86037159,0.00000000,2062.50000000
378.87632942,0.00000000,1968.75000000
378.89228630,0.00000000,1968.75000000
378.90824366,0.00000000,1968.75000000
378.92519760,0.00000000,1968.75000000
378.94015789,0.00000000,1875.00000000
378.95611525,0.00000000,1968.75000000
378.97207308,0.00000000,1875.00000000
378.98802948,0.00000000,1875.00000000
379.00398684,0.00000000,1781.25000000
379.01994467,0.00000000,1781.25000000
379.03590202,0.00000000,1687.50000000
379.05186510,0.00000000,1687.50000000
379.06882238,0.00000000,1593.75000000
379.08377504,0.00000000,1593.75000000
379.09973192,0.00000000,1500.00000000
379.11568832,0.00000000,1500.00000000
379.13164616,0.00000000,1500.00000000
379.14860106,0.00000000,1500.00000000
379.16456079,0.00000000,1406.25000000
379.18051481,0.00000000,1406.25000000
379.19647217,0.00000000,1406.25000000
379.21242952,0.00000000,1312.50000000
379.22838688,0.00000000,1312.50000000
379.24434423,0.00000000,1218.75000000
379.26030159,0.00000000,1312.50000000
379.27625895,0.00000000,1312.50000000
379.29221582,0.00000000,1218.75000000
379.30917072,0.00000000,1218.75000000
379.32413101,0.00000000,1125.00000000
379.34021902,0.00000000,1125.00000000
379.35720778,0.00000000,1125.00000000
379.37216711,0.00000000,1218.75000000
379.38812256,0.00000000,1125.00000000
379.40404892,0.00000000,1125.00000000
379.42003727,0.00000000,1031.25000000
379.43599844,0.00000000,1031.25000000
379.45192862,0.00000000,1031.25000000
379.46787834,0.00000000,1031.25000000
379.48383522,0.00000000,1031.25000000
379.50079012,0.00000000,937.50000000
379.51578188,0.00000000,937.50000000
379.53174257,0.00000000,937.50000000
379.54869604,0.00000000,937.50000000
379.56462049,0.00000000,937.50000000
379.58061028,0.00000000,843.75000000
379.59653616,0.00000000,843.75000000
379.61249447,0.00000000,843.75000000
379.62845039,0.00000000,843.75000000
379.64440775,0.00000000,843.75000000
379.66036463,0.00000000,750.00000000
379.67631960,0.00000000,937.50000000
379.69227695,0.00000000,750.00000000
379.70823383,0.00000000,750.00000000
379.72518873,0.00000000,750.00000000
379.74014854,0.00000000,656.25000000
379.75610876,0.00000000,750.00000000
379.77207041,0.00000000,656.25000000
379.78832912,0.00000000,656.25000000
379.80428600,0.00000000,656.25000000
379.82024336,0.00000000,656.25000000
379.83719778,0.00000000,562.50000000
379.85219479,0.00000000,656.25000000
379.86815262,0.00000000,562.50000000
379.88410950,0.00000000,562.50000000
379.90022802,0.00000000,562.50000000
379.91622066,0.00000000,562.50000000
379.93217754,0.00000000,562.50000000
379.94812918,0.00000000,468.75000000
379.96409225,0.00000000,562.50000000
379.98005486,0.00000000,468.75000000
379.99597692,0.00000000,468.75000000
380.01196480,0.00000000,468.75000000
380.02792311,0.00000000,375.00000000
380.04384899,0.00000000,375.00000000
380.05980587,0.00000000,562.50000000
380.07579374,0.00000000,375.00000000
380.09171963,0.00000000,375.00000000
380.10867500,0.00000000,281.25000000
380.12463188,0.00000000,468.75000000
380.14062166,0.00000000,281.25000000
380.15654564,0.00000000,281.25000000
380.17250490,0.00000000,281.25000000
380.18846226,0.00000000,468.75000000
380.20441961,0.00000000,468.75000000
380.22037697,0.00000000,281.25000000
380.23633432,0.00000000,375.00000000
380.25229168,0.00000000,187.50000000
380.26824951,0.00000000,187.50000000
380.28421831,0.00000000,93.75000000
380.30018425,0.00000000,187.50000000
380.31615591,0.00000000,187.50000000
380.33210945,0.00000000,187.50000000
380.34803343,0.00000000,281.25000000
380.36402512,0.00000000,93.75000000
380.37994909,0.00000000,93.75000000
380.39593887,0.00000000,0.00000000
380.41186476,0.00000000,93.75000000
380.42782116,0.00000000,93.75000000
380.44381094,0.00000000,93.75000000
380.46073437,0.00000000,0.00000000
380.47569180,0.00000000,0.00000000
380.49264765,0.00000000,0.00000000
380.50760651,0.00000000,0.00000000
380.52459335,0.00000000,0.00000000
380.54051924,0.00000000,0.00000000
380.55647612,0.00000000,0.00000000
380.57243395,0.00000000,0.00000000
380.58839130,0.00000000,0.00000000
380.60438061,0.00000000,0.00000000
380.62030602,0.00000000,0.00000000
380.63626623,0.00000000,0.00000000
380.65222025,0.00000000,0.00000000
380.66821098,0.00000000,0.00000000
380.68413734,0.00000000,0.00000000
380.70009470,0.00000000,0.00000000
380.71605062,0.00000000,0.00000000
380.73203850,0.00000000,0.00000000
380.74796391,0.00000000,0.00000000
380.76395321,0.00000000,0.00000000
380.77991152,0.00000000,0.00000000
380.79586792,0.00000000,0.00000000
380.81182575,0.00000000,0.00000000
380.82778263,0.00000000,0.00000000
380.84370756,0.00000000,0.00000000
380.85969782,0.00000000,0.00000000
380.87661982,0.00000000,0.00000000
380.89257812,0.00000000,0.00000000
380.90856886,0.00000000,0.00000000
380.92449474,0.00000000,0.00000000
380.94044971,0.00000000,0.00000000
380.95640707,0.00000000,0.00000000
380.97236395,0.00000000,0.00000000
380.98832273,0.00000000,0.00000000
381.00431347,0.00000000,0.00000000
381.02023935,0.00000000,0.00000000
381.03622627,0.00000000,0.00000000
381.05215120,0.00000000,0.00000000
381.06810904,0.00000000,0.00000000
381.08406544,0.00000000,0.00000000
381.10005808,0.00000000,0.00000000
381.11601400,0.00000000,0.00000000
381.13197517,0.00000000,0.00000000
381.14792919,0.00000000,0.00000000
381.16388655,0.00000000,0.00000000
381.17984343,0.00000000,0.00000000
381.19580173,0.00000000,0.00000000
381.21175814,0.00000000,0.00000000
381.22771597,0.00000000,0.00000000
381.24463606,0.00000000,0.00000000
381.26059294,0.00000000,0.00000000
381.27655125,0.00000000,0.00000000
381.29251003,0.00000000,0.00000000
381.30846643,0.00000000,0.00000000
381.32442236,0.00000000,0.00000000
381.34038258,0.00000000,0.00000000
381.35633659,0.00000000,0.00000000
381.37232828,0.00000000,0.00000000
381.38825178,0.00000000,0.00000000
381.40421104,0.00000000,0.00000000
381.42016602,0.00000000,0.00000000
381.43615818,0.00000000,0.00000000
381.45210218,0.00000000,0.00000000
381.46804237,0.00000000,0.00000000
381.48399878,0.00000000,0.00000000
381.49998569,0.00000000,0.00000000
381.51594257,0.00000000,0.00000000
381.53189945,0.00000000,0.00000000
381.54785824,0.00000000,0.00000000
381.56381512,0.00000000,0.00000000
381.57977533,0.00000000,0.00000000
381.59573126,0.00000000,0.00000000
381.61168909,0.00000000,0.00000000
381.62764359,0.00000000,0.00000000
381.64459991,0.00000000,0.00000000
381.66055584,0.00000000,0.00000000
381.67648077,0.00000000,0.00000000
381.69247055,0.00000000,0.00000000
381.70842743,0.00000000,0.00000000
381.72435379,0.00000000,0.00000000
381.74031115,0.00000000,0.00000000
381.75626993,0.00000000,0.00000000
381.77222681,0.00000000,0.00000000
381.78818274,0.00000000,0.00000000
381.80414009,0.00000000,0.00000000
381.82009792,0.00000000,0.00000000
381.83605671,0.00000000,0.00000000
381.85201502,0.00000000,0.00000000
381.86796999,0.00000000,0.00000000
381.88392591,0.00000000,0.00000000
381.89988518,0.00000000,0.00000000
381.91584253,0.00000000,0.00000000
381.93180132,0.00000000,0.00000000
521.65229368,0.00000000,0.00000000
521.67621565,0.00000000,0.00000000
521.71012640,0.00000000,0.00000000
521.73805094,0.00000000,0.00000000
521.76797247,0.00000000,0.00000000
521.79988575,0.00000000,0.00000000
521.83180046,0.00000000,0.00000000
521.86371517,0.00000000,0.00000000
521.89762592,0.00000000,0.00000000
521.93253088,0.00000000,0.00000000
521.95846224,0.00000000,0.00000000
521.99337053,0.00000000,0.00000000
522.02727985,0.00000000,0.00000000
522.05719852,0.00000000,0.00000000
522.09010983,0.00000000,0.00000000
522.12202501,0.00000000,0.00000000
522.15395594,0.00000000,0.00000000
522.18485689,0.00000000,0.00000000
522.21677160,0.00000000,0.00000000
522.24769306,0.00000000,0.00000000
522.27960300,0.00000000,0.00000000
522.31151772,0.00000000,0.00000000
522.34343290,0.00000000,0.00000000
522.37833881,0.00000000,0.00000000
522.40726280,0.00000000,0.00000000
522.44017315,0.00000000,0.00000000
522.47209024,0.00000000,0.00000000
522.50599813,0.00000000,0.00000000
522.53591824,0.00000000,0.00000000
522.56783247,0.00000000,0.00000000
522.59874964,0.00000000,0.00000000
522.63166285,0.00000000,0.00000000
522.66257954,0.00000000,0.00000000
522.69469833,0.00000000,0.00000000
522.72759628,0.00000000,0.00000000
522.76050949,0.00000000,0.00000000
522.79059553,0.00000000,0.00000000
522.82150412,0.00000000,0.00000000
522.85341883,0.00000000,0.00000000
522.88533974,0.00000000,0.00000000
522.91777039,0.00000000,0.00000000
522.94900799,0.00000000,0.00000000
522.98148537,0.00000000,0.00000000
523.01340961,0.00000000,0.00000000
523.04632092,0.00000000,0.00000000
523.07741404,0.00000000,0.00000000
523.11007071,0.00000000,0.00000000
523.14127541,0.00000000,0.00000000
523.17449331,0.00000000,0.00000000
523.20574284,0.00000000,0.00000000
523.23865652,0.00000000,0.00000000
523.26957226,0.00000000,0.00000000
523.30075073,0.00000000,0.00000000
523.32568073,0.00000000,0.00000000
523.34961653,0.00000000,0.00000000
523.38053322,0.00000000,0.00000000
523.40646458,0.00000000,0.00000000
523.43040133,0.00000000,0.00000000
523.46131802,0.00000000,0.00000000
523.48824596,0.00000000,0.00000000
523.51517344,0.00000000,0.00000000
523.54808807,0.00000000,0.00000000
523.57501459,0.00000000,0.00000000
523.60721064,0.00000000,0.00000000
523.63812685,0.00000000,0.00000000
523.66915894,0.00000000,0.00000000
523.70130730,0.00000000,0.00000000
523.73320150,0.00000000,0.00000000
523.76520014,0.00000000,0.00000000
523.80809450,0.00000000,0.00000000
523.83800745,0.00000000,0.00000000
523.86693192,0.00000000,0.00000000
523.90084028,0.00000000,0.00000000
523.93375015,0.00000000,0.00000000
523.96167612,0.00000000,0.00000000
523.99658346,0.00000000,0.00000000
524.02251339,0.00000000,0.00000000
524.05742025,0.00000000,0.00000000
524.09033155,0.00000000,0.00000000
524.12324381,0.00000000,0.00000000
524.15116930,0.00000000,0.00000000
524.18208647,0.00000000,0.00000000
524.21599722,0.00000000,0.00000000
524.25489140,0.00000000,0.00000000
524.28581142,0.00000000,0.00000000
524.31273699,0.00000000,0.00000000
524.34565067,0.00000000,0.00000000
524.37657022,0.00000000,0.00000000
524.40848303,0.00000000,0.00000000
524.44140339,0.00000000,0.00000000
524.47145700,0.00000000,0.00000000
524.50337172,0.00000000,0.00000000
524.53465414,0.00000000,0.00000000
524.56756735,0.00000000,0.00000000
524.59848452,0.00000000,0.00000000
524.63139534,0.00000000,0.00000000
524.66331005,0.00000000,0.00000000
524.69522476,0.00000000,0.00000000
524.72913599,0.00000000,0.00000000
524.76305008,0.00000000,0.00000000
524.79196548,0.00000000,0.00000000
524.82288361,0.00000000,0.00000000
524.85579538,0.00000000,0.00000000
524.88771009,0.00000000,0.00000000
524.92172623,0.00000000,0.00000000
524.95364189,0.00000000,0.00000000
524.98854828,0.00000000,0.00000000
525.01946783,0.00000000,0.00000000
525.05138016,0.00000000,0.00000000
525.08229876,0.00000000,0.00000000
525.11520958,0.00000000,0.00000000
525.14313507,0.00000000,0.00000000
525.17704487,0.00000000,0.00000000
525.20711279,0.00000000,0.00000000
525.24002457,0.00000000,0.00000000
525.27393484,0.00000000,0.00000000
525.30285788,0.00000000,0.00000000
525.33576918,0.00000000,0.00000000
525.36668491,0.00000000,0.00000000
525.39859962,0.00000000,0.00000000
525.43151331,0.00000000,0.00000000
525.46342611,0.00000000,0.00000000
525.49675226,0.00000000,0.00000000
525.52766991,0.00000000,0.00000000
525.55876493,0.00000000,0.00000000
525.59166813,0.00000000,0.00000000
525.62458420,0.00000000,0.00000000
525.65550041,0.00000000,0.00000000
525.69141197,0.00000000,0.00000000
525.72331810,0.00000000,0.00000000
525.75323772,0.00000000,0.00000000
525.78814316,0.00000000,0.00000000
525.81507111,0.00000000,0.00000000
525.88591051,0.00000000,0.00000000
525.91383886,0.00000000,0.00000000
525.94674778,0.00000000,0.00000000
525.97966003,0.00000000,0.00000000
526.00858259,0.00000000,0.00000000
526.04448652,0.00000000,0.00000000
526.07341003,0.00000000,0.00000000
526.10831642,0.00000000,0.00000000
526.13723993,0.00000000,0.00000000
526.17115211,0.00000000,0.00000000
526.20007086,0.00000000,0.00000000
526.23498011,0.00000000,0.00000000
526.27088070,0.00000000,0.00000000
526.30179882,0.00000000,0.00000000
526.33171988,0.00000000,0.00000000
526.35964441,0.00000000,0.00000000
526.39155960,0.00000000,0.00000000
526.42347574,0.00000000,0.00000000
526.45538712,0.00000000,0.00000000
526.48730278,0.00000000,0.00000000
526.52021599,0.00000000,0.00000000
526.55113173,0.00000000,0.00000000
526.58304596,0.00000000,0.00000000
526.61496162,0.00000000,0.00000000
526.64886999,0.00000000,0.00000000
526.67978668,0.00000000,0.00000000
526.71270084,0.00000000,0.00000000
526.74561310,0.00000000,0.00000000
526.77752876,0.00000000,0.00000000
526.80844450,0.00000000,0.00000000
526.83936262,0.00000000,0.00000000
526.87127686,0.00000000,0.00000000
526.90418816,0.00000000,0.00000000
526.93710041,0.00000000,0.00000000
526.97300339,0.00000000,0.00000000
526.99996328,0.00000000,0.00000000
527.03084850,0.00000000,0.00000000
527.06878233,0.00000000,0.00000000
527.10365772,0.00000000,0.00000000
527.13457251,0.00000000,0.00000000
527.16449070,0.00000000,0.00000000
527.19540834,0.00000000,0.00000000
527.22333384,0.00000000,0.00000000
527.25524902,0.00000000,0.00000000
527.28816271,0.00000000,0.00000000
527.32307529,0.00000000,0.00000000
527.35298729,0.00000000,0.00000000
527.38290691,0.00000000,0.00000000
527.41482353,0.00000000,0.00000000
527.44873095,0.00000000,0.00000000
527.47931957,0.00000000,0.00000000
527.51120090,0.00000000,0.00000000
527.54315329,0.00000000,0.00000000
527.58001900,0.00000000,0.00000000
527.60794210,0.00000000,0.00000000
527.63985968,0.00000000,0.00000000
527.67177391,0.00000000,0.00000000
527.72565985,0.00000000,0.00000000
527.75355482,0.00000000,0.00000000
527.78347731,0.00000000,0.00000000
527.82037926,0.00000000,0.00000000
527.85129213,0.00000000,0.00000000
527.88021374,0.00000000,0.00000000
527.91412354,0.00000000,0.00000000
527.94903040,0.00000000,0.00000000
527.98194408,0.00000000,0.00000000
528.01684904,0.00000000,0.00000000
528.04976130,0.00000000,0.00000000
528.07968998,0.00000000,0.00000000
528.10960102,0.00000000,0.00000000
528.13952208,0.00000000,0.00000000
528.17043781,0.00000000,0.00000000
528.20035887,0.00000000,0.00000000
528.23227215,0.00000000,0.00000000
528.26418829,0.00000000,0.00000000
528.29809856,0.00000000,0.00000000
528.33101082,0.00000000,0.00000000
528.36192560,0.00000000,0.00000000
528.39184618,0.00000000,0.00000000
528.42376089,0.00000000,0.00000000
528.45667839,0.00000000,0.00000000
528.48858738,0.00000000,0.00000000
528.51950407,0.00000000,0.00000000
528.55148315,0.00000000,0.00000000
528.58312082,0.00000000,0.00000000
528.61503506,0.00000000,0.00000000
528.64694929,0.00000000,0.00000000
528.67986202,0.00000000,0.00000000
528.71169329,0.00000000,0.00000000
528.74296236,0.00000000,0.00000000
528.77567816,0.00000000,0.00000000
528.80859041,0.00000000,0.00000000
528.84062862,0.00000000,0.00000000
528.87354136,0.00000000,0.00000000
528.90426922,0.00000000,0.00000000
528.94017410,0.00000000,0.00000000
528.96909618,0.00000000,0.00000000
529.00001240,0.00000000,0.00000000
529.03591776,0.00000000,0.00000000
529.06384134,0.00000000,0.00000000
529.09675407,0.00000000,0.00000000
529.12767124,0.00000000,0.00000000
529.15958643,0.00000000,0.00000000
529.19086266,0.00000000,0.00000000
529.22339010,0.00000000,0.00000000
529.25481653,0.00000000,0.00000000
529.28772879,0.00000000,0.00000000
529.32044315,0.00000000,0.00000000
529.35435247,0.00000000,0.00000000
529.38327456,0.00000000,0.00000000
529.41518879,0.00000000,0.00000000
529.44710398,0.00000000,0.00000000
529.47998095,0.00000000,0.00000000
529.51252604,0.00000000,0.00000000
529.54330444,0.00000000,0.00000000
529.57621622,0.00000000,0.00000000
529.60713387,0.00000000,0.00000000
529.64104271,0.00000000,0.00000000
529.67196178,0.00000000,0.00000000
529.70487261,0.00000000,0.00000000
529.73984766,0.00000000,0.00000000
529.76618814,0.00000000,0.00000000
529.79909945,0.00000000,0.00000000
529.83101177,0.00000000,0.00000000
529.86492157,0.00000000,0.00000000
529.89484167,0.00000000,0.00000000
529.93074751,0.00000000,0.00000000
529.96066475,0.00000000,0.00000000
529.99335003,0.00000000,0.00000000
530.02426529,0.00000000,0.00000000
530.05917311,0.00000000,0.00000000
530.08709812,0.00000000,0.00000000
530.11901093,0.00000000,0.00000000
530.15391779,0.00000000,0.00000000
530.18284082,0.00000000,0.00000000
530.21475554,0.00000000,0.00000000
530.24673891,0.00000000,0.00000000
530.27897024,0.00000000,0.00000000
530.31107187,0.00000000,0.00000000
530.34491396,0.00000000,0.00000000
530.37782669,0.00000000,0.00000000
530.41004801,0.00000000,0.00000000
530.43897152,0.00000000,0.00000000
530.47149181,0.00000000,0.00000000
530.50320101,0.00000000,0.00000000
530.53511858,0.00000000,0.00000000
530.56703091,0.00000000,0.00000000
530.59849310,0.00000000,0.00000000
530.63094330,0.00000000,0.00000000
530.66332579,0.00000000,0.00000000
530.69622993,0.00000000,0.00000000
530.72814560,0.00000000,0.00000000
530.75974941,0.00000000,0.00000000
530.79131031,0.00000000,0.00000000
530.82294226,0.00000000,0.00000000
530.85529470,0.00000000,0.00000000
530.89020300,0.00000000,0.00000000
530.91912365,0.00000000,0.00000000
530.95203733,0.00000000,0.00000000
530.98295355,0.00000000,0.00000000
531.01516914,0.00000000,0.00000000
531.04708576,0.00000000,0.00000000
531.07936144,0.00000000,0.00000000
531.11205196,0.00000000,0.00000000
531.14360809,0.00000000,0.00000000
531.17569971,0.00000000,0.00000000
531.20670128,0.00000000,0.00000000
531.23922253,0.00000000,0.00000000
531.27183342,0.00000000,0.00000000
531.30267620,0.00000000,0.00000000
531.33670902,0.00000000,0.00000000
531.36762476,0.00000000,0.00000000
531.40522528,0.00000000,0.00000000
531.43614292,0.00000000,0.00000000
531.46307325,0.00000000,0.00000000
531.49668121,0.00000000,0.00000000
531.52679729,0.00000000,0.00000000
531.55865860,0.00000000,0.00000000
531.58957481,0.00000000,0.00000000
531.61551189,0.00000000,0.00000000
531.64043999,0.00000000,0.00000000
531.67434883,0.00000000,0.00000000
531.70626354,0.00000000,0.00000000
531.73319054,0.00000000,0.00000000
531.76510525,0.00000000,0.00000000
531.79103708,0.00000000,0.00000000
531.81596947,0.00000000,0.00000000
531.84589100,0.00000000,0.00000000
531.87748289,0.00000000,0.00000000
531.91140270,0.00000000,0.00000000
531.94330454,0.00000000,0.00000000
531.97325087,0.00000000,0.00000000
532.00713491,0.00000000,0.00000000
532.03805065,0.00000000,0.00000000
532.07395744,0.00000000,0.00000000
532.10287666,0.00000000,0.00000000
532.13578939,0.00000000,0.00000000
532.16670704,0.00000000,0.00000000
532.19762564,0.00000000,0.00000000
532.22953939,0.00000000,0.00000000
532.26145315,0.00000000,0.00000000
532.28638649,0.00000000,0.00000000
532.31331396,0.00000000,0.00000000
532.34323359,0.00000000,0.00000000
532.37415218,0.00000000,0.00000000
532.40807056,0.00000000,0.00000000
532.43898010,0.00000000,0.00000000
532.46989727,0.00000000,0.00000000
532.50181103,0.00000000,0.00000000
532.53372622,0.00000000,0.00000000
532.56563854,0.00000000,0.00000000
532.59755659,0.00000000,0.00000000
532.62947083,0.00000000,0.00000000
532.66238070,0.00000000,0.00000000
532.69629097,0.00000000,0.00000000
532.72720671,0.00000000,0.00000000
532.75812531,0.00000000,0.00000000
532.79003811,0.00000000,0.00000000
532.82195520,0.00000000,0.00000000
532.85385561,0.00000000,0.00000000
532.88577175,0.00000000,0.00000000
532.91968155,0.00000000,0.00000000
532.95059776,0.00000000,0.00000000
532.98111820,0.00000000,0.00000000
533.01303053,0.00000000,0.00000000
533.04494476,0.00000000,0.00000000
533.07810545,0.00000000,0.00000000
533.11002302,0.00000000,0.00000000
533.14193726,0.00000000,0.00000000
533.17461634,0.00000000,0.00000000
533.20553303,0.00000000,0.00000000
533.23744822,0.00000000,0.00000000
533.27036095,0.00000000,0.00000000
533.36328411,0.00000000,0.00000000
533.38722515,0.00000000,0.00000000
533.41714430,0.00000000,0.00000000
533.45105314,0.00000000,0.00000000
533.47897959,0.00000000,0.00000000
533.50989485,0.00000000,0.00000000
533.54181194,0.00000000,0.00000000
533.57372618,0.00000000,0.00000000
533.60564089,0.00000000,0.00000000
533.63256693,0.00000000,0.00000000
533.65849876,0.00000000,0.00000000
533.68742275,0.00000000,0.00000000
533.72133064,0.00000000,0.00000000
533.75025606,0.00000000,0.00000000
533.78120232,0.00000000,0.00000000
533.81507921,0.00000000,0.00000000
533.84599876,0.00000000,0.00000000
533.87890816,0.00000000,0.00000000
533.91082621,0.00000000,0.00000000
533.94573116,0.00000000,0.00000000
533.97565031,0.00000000,0.00000000
534.00756788,0.00000000,0.00000000
534.03947926,0.00000000,0.00000000
534.07107162,0.00000000,0.00000000
534.10298443,0.00000000,0.00000000
534.13589668,0.00000000,0.00000000
534.16681385,0.00000000,0.00000000
534.19773149,0.00000000,0.00000000
534.22964430,0.00000000,0.00000000
534.26173973,0.00000000,0.00000000
534.29465437,0.00000000,0.00000000
534.32684422,0.00000000,0.00000000
534.35875988,0.00000000,0.00000000
534.38981009,0.00000000,0.00000000
534.42217159,0.00000000,0.00000000
534.45408249,0.00000000,0.00000000
534.48702717,0.00000000,0.00000000
534.51990604,0.00000000,0.00000000
534.54882956,0.00000000,0.00000000
534.58473301,0.00000000,0.00000000
534.61465454,0.00000000,0.00000000
534.64457321,0.00000000,0.00000000
534.67748499,0.00000000,0.00000000
534.71042871,0.00000000,0.00000000
534.74436760,0.00000000,0.00000000
534.77526617,0.00000000,0.00000000
534.80617476,0.00000000,0.00000000
534.83709145,0.00000000,0.00000000
534.86930895,0.00000000,0.00000000
534.90626431,0.00000000,0.00000000
534.93319321,0.00000000,0.00000000
534.96410894,0.00000000,0.00000000
534.99004030,0.00000000,0.00000000
535.01297808,0.00000000,0.00000000
535.04489326,0.00000000,0.00000000
535.06883049,0.00000000,0.00000000
535.09280205,0.00000000,0.00000000
535.12597847,0.00000000,0.00000000
535.15791464,0.00000000,0.00000000
535.18922901,0.00000000,0.00000000
535.22313929,0.00000000,0.00000000
535.25485325,0.00000000,0.00000000
535.28676605,0.00000000,0.00000000
535.32207012,0.00000000,0.00000000
535.34891653,0.00000000,0.00000000
535.38127041,0.00000000,0.00000000
535.41285706,0.00000000,0.00000000
535.44577169,0.00000000,0.00000000
535.46970558,0.00000000,0.00000000
535.49475098,0.00000000,0.00000000
535.52663612,0.00000000,0.00000000
535.55755186,0.00000000,0.00000000
535.58949709,0.00000000,0.00000000
535.62237692,0.00000000,0.00000000
535.65286112,0.00000000,0.00000000
535.68551779,0.00000000,0.00000000
535.71743250,0.00000000,0.00000000
535.74933767,0.00000000,0.00000000
535.78156519,0.00000000,0.00000000
535.80550146,0.00000000,0.00000000
535.83043289,0.00000000,0.00000000
535.86234951,0.00000000,0.00000000
535.89427423,0.00000000,0.00000000
535.93014479,0.00000000,0.00000000
535.95906687,0.00000000,0.00000000
535.99098492,0.00000000,0.00000000
536.02117968,0.00000000,0.00000000
536.05438185,0.00000000,0.00000000
536.08645630,0.00000000,0.00000000
536.11724949,0.00000000,0.00000000
536.14414310,0.00000000,0.00000000
536.16907787,0.00000000,0.00000000
536.19776535,0.00000000,0.00000000
536.22911501,0.00000000,0.00000000
536.26137924,0.00000000,0.00000000
536.29358006,0.00000000,0.00000000
536.32668829,0.00000000,0.00000000
536.35786057,0.00000000,0.00000000
536.38961267,0.00000000,0.00000000
536.42150688,0.00000000,0.00000000
536.45538712,0.00000000,0.00000000
536.48588133,0.00000000,0.00000000
536.51814747,0.00000000,0.00000000
536.55002594,0.00000000,0.00000000
536.58128023,0.00000000,0.00000000
536.61336851,0.00000000,0.00000000
536.64531326,0.00000000,0.00000000
536.67719746,0.00000000,0.00000000
536.70933580,0.00000000,0.00000000
536.73324299,0.00000000,0.00000000
536.75917482,0.00000000,0.00000000
536.78920937,0.00000000,0.00000000
536.81416607,0.00000000,0.00000000
536.83907270,0.00000000,0.00000000
536.86961842,0.00000000,0.00000000
536.90127325,0.00000000,0.00000000
536.93318844,0.00000000,0.00000000
536.96485090,0.00000000,0.00000000
536.99081898,0.00000000,0.00000000
537.01553679,0.00000000,0.00000000
537.04520226,0.00000000,0.00000000
537.07014942,0.00000000,0.00000000
537.09504986,0.00000000,0.00000000
537.12638521,0.00000000,0.00000000
537.15813065,0.00000000,0.00000000
537.18942022,0.00000000,0.00000000
537.22258568,0.00000000,0.00000000
537.25317287,0.00000000,0.00000000
537.28485250,0.00000000,0.00000000
537.31684875,0.00000000,0.00000000
537.34948063,0.00000000,0.00000000
537.38127708,0.00000000,0.00000000
537.40620756,0.00000000,0.00000000
537.43014431,0.00000000,0.00000000
537.46604776,0.00000000,0.00000000
537.50095558,0.00000000,0.00000000
537.52688742,0.00000000,0.00000000
537.55979681,0.00000000,0.00000000
537.59270811,0.00000000,0.00000000
537.62163162,0.00000000,0.00000000
537.65753603,0.00000000,0.00000000
537.68745708,0.00000000,0.00000000
537.72036886,0.00000000,0.00000000
537.75327969,0.00000000,0.00000000
537.78718853,0.00000000,0.00000000
537.82010126,0.00000000,0.00000000
537.84702873,0.00000000,0.00000000
537.87894297,0.00000000,0.00000000
537.91086006,0.00000000,0.00000000
537.94576502,0.00000000,0.00000000
537.97867680,0.00000000,0.00000000
538.00759935,0.00000000,0.00000000
538.03951406,0.00000000,0.00000000
538.07242632,0.00000000,0.00000000
538.10334682,0.00000000,0.00000000
538.13625479,0.00000000,0.00000000
538.17216063,0.00000000,0.00000000
538.19809103,0.00000000,0.00000000
538.23003626,0.00000000,0.00000000
538.26195145,0.00000000,0.00000000
538.29386711,0.00000000,0.00000000
538.32574749,0.00000000,0.00000000
538.35766411,0.00000000,0.00000000
538.39057779,0.00000000,0.00000000
538.42149401,0.00000000,0.00000000
538.45340824,0.00000000,0.00000000
538.48731899,0.00000000,0.00000000
538.51723766,0.00000000,0.00000000
538.54914999,0.00000000,0.00000000
538.57508135,0.00000000,0.00000000
538.59905291,0.00000000,0.00000000
538.63192892,0.00000000,0.00000000
538.66085291,0.00000000,0.00000000
538.69377565,0.00000000,0.00000000
538.72567892,0.00000000,0.00000000
538.75260687,0.00000000,0.00000000
538.77754021,0.00000000,0.00000000
538.80646324,0.00000000,0.00000000
538.83738184,0.00000000,0.00000000
538.87029505,0.00000000,0.00000000
538.90121031,0.00000000,0.00000000
538.92713928,0.00000000,0.00000000
538.95107555,0.00000000,0.00000000
538.98299217,0.00000000,0.00000000
539.01291132,0.00000000,0.00000000
539.04582500,0.00000000,0.00000000
539.07674122,0.00000000,0.00000000
539.10954046,0.00000000,0.00000000
539.14245129,0.00000000,0.00000000
539.17436504,0.00000000,0.00000000
539.20528412,0.00000000,0.00000000
539.23719788,0.00000000,0.00000000
539.26911306,0.00000000,0.00000000
539.30031061,0.00000000,0.00000000
539.32524395,0.00000000,0.00000000
539.35117626,0.00000000,0.00000000
539.38009787,0.00000000,0.00000000
539.41300917,0.00000000,0.00000000
539.44492531,0.00000000,0.00000000
539.47784042,0.00000000,0.00000000
539.51274490,0.00000000,0.00000000
539.54366207,0.00000000,0.00000000
539.57358265,0.00000000,0.00000000
539.60549498,0.00000000,0.00000000
539.64040232,0.00000000,0.00000000
539.66932869,0.00000000,0.00000000
539.70124483,0.00000000,0.00000000
539.73315334,0.00000000,0.00000000
539.76207924,0.00000000,0.00000000
539.78800726,0.00000000,0.00000000
539.81693268,0.00000000,0.00000000
539.84585381,0.00000000,0.00000000
539.88275433,0.00000000,0.00000000
539.91167831,0.00000000,0.00000000
539.94259501,0.00000000,0.00000000
539.97451162,0.00000000,0.00000000
540.00841999,0.00000000,0.00000000
540.04133177,0.00000000,0.00000000
540.07125044,0.00000000,0.00000000
540.10217285,0.00000000,0.00000000
540.13508177,0.00000000,0.00000000
540.16699409,0.00000000,0.00000000
540.19794512,0.00000000,0.00000000
540.22982740,0.00000000,0.00000000
540.26273966,0.00000000,0.00000000
540.29365492,0.00000000,0.00000000
540.32856417,0.00000000,0.00000000
540.35751629,0.00000000,0.00000000
540.39358664,0.00000000,0.00000000
540.42151117,0.00000000,0.00000000
540.45342684,0.00000000,0.00000000
540.48633909,0.00000000,0.00000000
540.51725531,0.00000000,0.00000000
540.55016756,0.00000000,0.00000000
540.58108473,0.00000000,0.00000000
540.61399698,0.00000000,0.00000000
540.64590883,0.00000000,0.00000000
540.67727518,0.00000000,0.00000000
540.70919085,0.00000000,0.00000000
540.74309778,0.00000000,0.00000000
540.77404785,0.00000000,0.00000000
540.80593252,0.00000000,0.00000000
540.83684874,0.00000000,0.00000000
540.87077904,0.00000000,0.00000000
540.90067816,0.00000000,0.00000000
540.92564392,0.00000000,0.00000000
540.95058727,0.00000000,0.00000000
540.98050833,0.00000000,0.00000000
541.00444365,0.00000000,0.00000000
541.03034449,0.00000000,0.00000000
541.06225872,0.00000000,0.00000000
541.08619308,0.00000000,0.00000000
541.11112547,0.00000000,0.00000000
541.14204454,0.00000000,0.00000000
541.17399025,0.00000000,0.00000000
541.20587397,0.00000000,0.00000000
541.23778772,0.00000000,0.00000000
541.26275635,0.00000000,0.00000000
541.28765583,0.00000000,0.00000000
541.31661081,0.00000000,0.00000000
541.34054756,0.00000000,0.00000000
541.36544609,0.00000000,0.00000000
541.39665270,0.00000000,0.00000000
541.42062664,0.00000000,0.00000000
541.44552135,0.00000000,0.00000000
541.47652960,0.00000000,0.00000000
541.53760529,0.00000000,0.00000000
541.57488585,0.00000000,0.00000000
541.60510635,0.00000000,0.00000000
541.63769150,0.00000000,0.00000000
541.66860962,0.00000000,0.00000000
541.70055532,0.00000000,0.00000000
541.73243713,0.00000000,0.00000000
541.75936747,0.00000000,0.00000000
541.78233576,0.00000000,0.00000000
541.81286287,0.00000000,0.00000000
541.84439468,0.00000000,0.00000000
541.87626743,0.00000000,0.00000000
541.91011000,0.00000000,0.00000000
541.94132996,0.00000000,0.00000000
541.97235298,0.00000000,0.00000000
542.00538778,0.00000000,0.00000000
542.04716492,0.00000000,0.00000000
542.07066345,0.00000000,0.00000000
542.10059690,0.00000000,0.00000000
542.13185978,0.00000000,0.00000000
542.16406822,0.00000000,0.00000000
542.18804312,0.00000000,0.00000000
542.21205473,0.00000000,0.00000000
542.24442577,0.00000000,0.00000000
542.26833010,0.00000000,0.00000000
542.29244995,0.00000000,0.00000000
542.32600403,0.00000000,0.00000000
542.35733509,0.00000000,0.00000000
542.42880487,8000.00000000,0.00000000
542.45288658,8000.00000000,5906.25000000
542.48577166,8000.00000000,5250.00000000
542.51793432,8000.00000000,6093.75000000
542.54822969,8000.00000000,6093.75000000
542.58176994,8000.00000000,6750.00000000
542.62016678,8000.00000000,7031.25000000
542.64908934,8000.00000000,7218.75000000
542.67706156,8000.00000000,7406.25000000
542.70942450,8000.00000000,7500.00000000
542.74225283,8000.00000000,7593.75000000
542.77353048,8000.00000000,7687.50000000
542.80468702,8000.00000000,7593.75000000
542.83629704,8000.00000000,8062.50000000
542.86120129,8000.00000000,7781.25000000
542.88690758,8000.00000000,7875.00000000
542.91686296,8000.00000000,7875.00000000
542.94182301,8000.00000000,7593.75000000
542.96491861,8000.00000000,7593.75000000
542.99660301,8000.00000000,7500.00000000
543.01962709,8000.00000000,7406.25000000
543.04755116,8000.00000000,7125.00000000
543.07807970,8000.00000000,7218.75000000
543.10938501,8000.00000000,7781.25000000
543.14337778,8000.00000000,8156.25000000
543.18027687,8000.00000000,8531.25000000
543.20620728,8000.00000000,8625.00000000
543.24137306,8000.00000000,8718.75000000
543.26953173,8000.00000000,8625.00000000
543.30044842,8000.00000000,8531.25000000
543.33244896,8000.00000000,8625.00000000
543.35635376,8000.00000000,8343.75000000
543.38032532,8000.00000000,8343.75000000
543.41241741,8000.00000000,8343.75000000
543.43752623,8000.00000000,8250.00000000
543.46043587,8000.00000000,8250.00000000
543.49247980,8000.00000000,8156.25000000
543.51638985,8000.00000000,8156.25000000
543.54289198,8000.00000000,8062.50000000
543.57535172,8000.00000000,8062.50000000
543.60446072,8000.00000000,8062.50000000
543.64516592,8000.00000000,8062.50000000
543.68802118,8000.00000000,7968.75000000
543.72725773,8000.00000000,7968.75000000
543.75514793,8000.00000000,8062.50000000
543.78008032,8000.00000000,7968.75000000
543.81299257,8000.00000000,7968.75000000
543.84490633,8000.00000000,7968.75000000
543.87781858,8000.00000000,7968.75000000
543.90917921,8000.00000000,7968.75000000
543.94088507,8000.00000000,7968.75000000
543.98950338,8000.00000000,8062.50000000
544.02137280,8000.00000000,8062.50000000
544.05289173,8000.00000000,8062.50000000
544.08589602,8000.00000000,8062.50000000
544.11610126,8000.00000000,7968.75000000
544.14856529,8000.00000000,7968.75000000
544.18059444,8000.00000000,7968.75000000
544.21351671,8000.00000000,7875.00000000
544.24984121,8000.00000000,7968.75000000
544.28774071,8000.00000000,8062.50000000
544.32065535,8000.00000000,8062.50000000
544.35256767,8000.00000000,7968.75000000
544.38747311,8000.00000000,7968.75000000
544.43036032,8000.00000000,7968.75000000
544.45828533,8000.00000000,7968.75000000
544.49219322,8000.00000000,7968.75000000
544.52111721,8000.00000000,8062.50000000
544.55203485,8000.00000000,8062.50000000
544.58594561,8000.00000000,8062.50000000
544.61287069,8000.00000000,7968.75000000
544.64490175,8000.00000000,7968.75000000
544.67781353,8000.00000000,7968.75000000
544.71012974,8000.00000000,7968.75000000
544.74043417,8000.00000000,7968.75000000
544.77320290,8000.00000000,8062.50000000
544.80512094,8000.00000000,8062.50000000
544.83703279,8000.00000000,8062.50000000
544.86196613,8000.00000000,8062.50000000
544.88789749,8000.00000000,8062.50000000
544.91608334,8000.00000000,7968.75000000
544.94201469,8000.00000000,8062.50000000
544.96595001,8000.00000000,7968.75000000
544.99697018,8000.00000000,7968.75000000
545.03187704,8000.00000000,7968.75000000
545.06068945,8000.00000000,7968.75000000
545.09460020,8000.00000000,7968.75000000
545.12554646,8000.00000000,7968.75000000
545.16042376,8000.00000000,7968.75000000
545.18846512,8000.00000000,7968.75000000
545.22065258,8000.00000000,8062.50000000
545.25257540,8000.00000000,7968.75000000
545.27747679,8000.00000000,7968.75000000
545.30141211,8000.00000000,8062.50000000
545.33811331,8000.00000000,7968.75000000
545.36504030,8000.00000000,7968.75000000
545.39812851,8000.00000000,8062.50000000
545.42879725,8000.00000000,7968.75000000
545.45384121,8000.00000000,7968.75000000
545.47777510,8000.00000000,8062.50000000
545.50970745,8000.00000000,7968.75000000
545.53362560,8000.00000000,8062.50000000
545.55855846,8000.00000000,8062.50000000
545.59083366,8000.00000000,8062.50000000
545.62075472,8000.00000000,7968.75000000
545.65366554,8000.00000000,7968.75000000
545.68558359,8000.00000000,7968.75000000
545.71649790,8000.00000000,7968.75000000
545.74941111,8000.00000000,7968.75000000
545.78331947,8000.00000000,7968.75000000
545.81324053,8000.00000000,7968.75000000
545.84515429,8000.00000000,8062.50000000
545.87307835,8000.00000000,8062.50000000
545.89900923,8000.00000000,7968.75000000
545.92893076,8000.00000000,8062.50000000
545.96184349,8000.00000000,7968.75000000
545.99176216,8000.00000000,7968.75000000
546.03065920,8000.00000000,7968.75000000
546.05758715,8000.00000000,7968.75000000
546.08551168,8000.00000000,7968.75000000
546.12141562,8000.00000000,7968.75000000
546.14934158,8000.00000000,8062.50000000
546.18025875,8000.00000000,7968.75000000
546.20519257,8000.00000000,7968.75000000
546.22912693,8000.00000000,8062.50000000
546.26104164,8000.00000000,8062.50000000
546.28796864,8000.00000000,8062.50000000
546.31290245,8000.00000000,7968.75000000
546.34581518,8000.00000000,7968.75000000
546.37573671,8000.00000000,7968.75000000
546.40565634,8000.00000000,7968.75000000
546.43856621,8000.00000000,8062.50000000
546.47048092,8000.00000000,8062.50000000
546.50538921,8000.00000000,7968.75000000
546.53331423,8000.00000000,7968.75000000
546.56522942,8000.00000000,7968.75000000
546.59813976,8000.00000000,7968.75000000
546.63006020,8000.00000000,7968.75000000
546.66102457,8000.00000000,8062.50000000
546.69692945,8000.00000000,8062.50000000
546.72784615,8000.00000000,7968.75000000
546.75876522,8000.00000000,7968.75000000
546.79367018,8000.00000000,7968.75000000
546.82259369,8000.00000000,7968.75000000
546.85351944,8000.00000000,7968.75000000
546.88542700,8000.00000000,7968.75000000
546.91634417,8000.00000000,7968.75000000
546.94925356,8000.00000000,8062.50000000
546.98216724,8000.00000000,8062.50000000
547.01408100,8000.00000000,8062.50000000
547.04100847,8000.00000000,8062.50000000
547.06594276,8000.00000000,7968.75000000
547.09386683,8000.00000000,7968.75000000
547.12777853,8000.00000000,8062.50000000
547.15869379,8000.00000000,7968.75000000
547.19061041,8000.00000000,8062.50000000
547.22152662,8000.00000000,7968.75000000
547.25344086,8000.00000000,8062.50000000
547.28635454,8000.00000000,7875.00000000
547.31726980,8000.00000000,7968.75000000
547.34921646,8000.00000000,7968.75000000
547.37611389,8000.00000000,7968.75000000
547.40004873,8000.00000000,8062.50000000
547.42897177,8000.00000000,8062.50000000
547.46188354,8000.00000000,8062.50000000
547.49479771,8000.00000000,7968.75000000
547.52475023,8000.00000000,7968.75000000
547.54967976,8000.00000000,7968.75000000
547.57361555,8000.00000000,7875.00000000
547.60450125,8000.00000000,7968.75000000
547.63043451,8000.00000000,8062.50000000
547.65636587,8000.00000000,7968.75000000
547.68528891,8000.00000000,7968.75000000
547.71022129,8000.00000000,7968.75000000
547.73714685,8000.00000000,8062.50000000
547.76507187,8000.00000000,7968.75000000
547.79798555,8000.00000000,7968.75000000
547.82989931,8000.00000000,7968.75000000
547.86181498,8000.00000000,7968.75000000
547.89572287,8000.00000000,8062.50000000
547.92963266,8000.00000000,8062.50000000
547.95755911,8000.00000000,7968.75000000
547.99146748,8000.00000000,7968.75000000
548.02238417,8000.00000000,7968.75000000
548.05829000,8000.00000000,8062.50000000
548.09020329,8000.00000000,8062.50000000
548.11813116,8000.00000000,7968.75000000
548.15503120,8000.00000000,8062.50000000
548.18295574,8000.00000000,8062.50000000
548.21387243,8000.00000000,7968.75000000
548.24578714,8000.00000000,8062.50000000
548.27869940,8000.00000000,7968.75000000
548.31360722,8000.00000000,7968.75000000
548.34252930,8000.00000000,7875.00000000
548.37544060,8000.00000000,7968.75000000
548.40635777,8000.00000000,8062.50000000
548.44226742,8000.00000000,8062.50000000
548.47018766,8000.00000000,7968.75000000
548.50210142,8000.00000000,7968.75000000
548.53401661,8000.00000000,7968.75000000
548.56996441,8000.00000000,7968.75000000
548.59688091,8000.00000000,8062.50000000
548.62976027,8000.00000000,8062.50000000
548.66267300,8000.00000000,8062.50000000
548.69358873,8000.00000000,8062.50000000
548.72650146,8000.00000000,7875.00000000
548.75741816,8000.00000000,8062.50000000
548.78933287,8000.00000000,7968.75000000
548.82224464,8000.00000000,7875.00000000
548.85416174,8000.00000000,7968.75000000
548.88607693,8000.00000000,8062.50000000
548.91702461,8000.00000000,8062.50000000
548.94990444,8000.00000000,7968.75000000
548.98082113,8000.00000000,7968.75000000
549.01373339,8000.00000000,7968.75000000
549.04564857,8000.00000000,7968.75000000
549.07756281,8000.00000000,8062.50000000
549.10951281,8000.00000000,7968.75000000
549.13544416,8000.00000000,7968.75000000
549.16134739,8000.00000000,7968.75000000
549.19026327,8000.00000000,8062.50000000
549.22220802,8000.00000000,8062.50000000
549.25312996,8000.00000000,7968.75000000
549.28603792,8000.00000000,8062.50000000
549.31695795,8000.00000000,8062.50000000
549.34887409,8000.00000000,7968.75000000
549.38729334,8000.00000000,7968.75000000
549.41322231,8000.00000000,7968.75000000
549.44510365,8000.00000000,8062.50000000
549.46904087,8000.00000000,7968.75000000
549.49400568,8000.00000000,7968.75000000
549.52588797,8000.00000000,7968.75000000
549.55680466,8000.00000000,7968.75000000
549.58971739,8000.00000000,7968.75000000
549.62163162,8000.00000000,8062.50000000
549.65354633,8000.00000000,8062.50000000
549.68546295,8000.00000000,7968.75000000
549.71837568,8000.00000000,7968.75000000
549.75228834,8000.00000000,7968.75000000
549.78020811,8000.00000000,8062.50000000
549.80713701,8000.00000000,8062.50000000
549.83207035,8000.00000000,8062.50000000
549.86298752,8000.00000000,8062.50000000
549.89390659,8000.00000000,7968.75000000
549.92781496,8000.00000000,7968.75000000
549.95773363,8000.00000000,7968.75000000
549.99064922,8000.00000000,7968.75000000
550.02256012,8000.00000000,7968.75000000
550.05347824,8000.00000000,31968.75000000
550.08639002,8000.00000000,4875.00000000
550.11830473,8000.00000000,9281.25000000
550.15022039,8000.00000000,7968.75000000
550.18213320,8000.00000000,8250.00000000
550.21404886,8000.00000000,8625.00000000
550.24596453,8000.00000000,8812.50000000
550.27887487,8000.00000000,8812.50000000
550.31178999,8000.00000000,8812.50000000
550.34270716,8000.00000000,8812.50000000
550.37461901,8000.00000000,8625.00000000
550.40653372,8000.00000000,8437.50000000
550.44343472,8000.00000000,8343.75000000
550.47435427,8000.00000000,8343.75000000
550.50727558,8000.00000000,8156.25000000
550.53319597,8000.00000000,8156.25000000
550.55812883,8000.00000000,8250.00000000
550.58405828,8000.00000000,8156.25000000
550.61397839,8000.00000000,7968.75000000
550.64592886,8000.00000000,7968.75000000
550.67780685,8000.00000000,8062.50000000
550.71072435,8000.00000000,8062.50000000
550.74167252,8000.00000000,7968.75000000
550.77454948,8000.00000000,7968.75000000
550.80746078,8000.00000000,7875.00000000
550.83837891,8000.00000000,7968.75000000
550.87229729,8000.00000000,8062.50000000
550.90221167,8000.00000000,8062.50000000
550.93524504,8000.00000000,8062.50000000
550.96580935,8000.00000000,7968.75000000
550.99775887,8000.00000000,7968.75000000
551.03067160,8000.00000000,7968.75000000
551.06158829,8000.00000000,7968.75000000
551.09407091,8000.00000000,8062.50000000
551.12494564,8000.00000000,8062.50000000
551.15187502,8000.00000000,8062.50000000
551.17780590,8000.00000000,7968.75000000
551.21570539,8000.00000000,7968.75000000
551.24263477,8000.00000000,7968.75000000
551.27155542,8000.00000000,7968.75000000
551.30347109,8000.00000000,7968.75000000
551.33737898,8000.00000000,8062.50000000
551.37029028,8000.00000000,8062.50000000
551.40320206,8000.00000000,7968.75000000
551.43364668,8000.00000000,7968.75000000
551.46256971,8000.00000000,7968.75000000
551.49625921,8000.00000000,7968.75000000
551.52922344,8000.00000000,7968.75000000
551.56013823,8000.00000000,8062.50000000
551.59189320,8000.00000000,7968.75000000
551.62480259,8000.00000000,8062.50000000
551.65472317,8000.00000000,8062.50000000
551.68663692,8000.00000000,7968.75000000
551.72142935,8000.00000000,7968.75000000
551.75241852,8000.00000000,7968.75000000
551.78333664,8000.00000000,8062.50000000
551.81524897,8000.00000000,7968.75000000
551.84816027,8000.00000000,7968.75000000
551.88107157,8000.00000000,7968.75000000
551.91498184,8000.00000000,7968.75000000
551.94490480,8000.00000000,8062.50000000
551.97681952,8000.00000000,7968.75000000
552.00972891,8000.00000000,8062.50000000
552.04363871,8000.00000000,7968.75000000
552.07256079,8000.00000000,7968.75000000
552.10547304,8000.00000000,8062.50000000
552.13539791,8000.00000000,7968.75000000
552.16830587,8000.00000000,7968.75000000
552.19922447,8000.00000000,8062.50000000
552.23229790,8000.00000000,7968.75000000
552.26321268,8000.00000000,7968.75000000
552.29712200,8000.00000000,7968.75000000
552.33202839,8000.00000000,8062.50000000
552.35912228,8000.00000000,8062.50000000
552.39400244,8000.00000000,8062.50000000
552.42491865,8000.00000000,7875.00000000
552.47131205,8000.00000000,7968.75000000
552.50422525,8000.00000000,7968.75000000
552.53517580,8000.00000000,8062.50000000
552.56705570,8000.00000000,8062.50000000
552.59896994,8000.00000000,7968.75000000
552.63088417,8000.00000000,8062.50000000
552.66283369,8000.00000000,7968.75000000
552.69571209,8000.00000000,7968.75000000
552.72762680,8000.00000000,7968.75000000
552.76181889,8000.00000000,8062.50000000
552.79090834,8000.00000000,8062.50000000
552.82282209,8000.00000000,7968.75000000
552.85573483,8000.00000000,7968.75000000
552.88864708,8000.00000000,7968.75000000
552.91956758,8000.00000000,8062.50000000
552.95746422,8000.00000000,7968.75000000
552.98638582,8000.00000000,8062.50000000
553.01830149,8000.00000000,7968.75000000
553.04921865,8000.00000000,7968.75000000
553.08213139,8000.00000000,7968.75000000
553.11703634,8000.00000000,7968.75000000
553.14595985,8000.00000000,8062.50000000
553.17887115,8000.00000000,7968.75000000
553.21178341,8000.00000000,7968.75000000
553.24569321,8000.00000000,7968.75000000
553.27561951,8000.00000000,7968.75000000
553.30752802,8000.00000000,7968.75000000
553.34043932,8000.00000000,8062.50000000
553.37135887,8000.00000000,8062.50000000
553.40427065,8000.00000000,8062.50000000
553.43220758,8000.00000000,7968.75000000
553.46510553,8000.00000000,7968.75000000
553.50300789,8000.00000000,7968.75000000
553.53691769,8000.00000000,7968.75000000
553.57082272,8000.00000000,8062.50000000
553.59874964,8000.00000000,7968.75000000
553.62767267,8000.00000000,7968.75000000
553.65759420,8000.00000000,7968.75000000
553.68950558,8000.00000000,7968.75000000
553.72242117,8000.00000000,7968.75000000
553.75333500,8000.00000000,8062.50000000
553.78724575,8000.00000000,8062.50000000
553.82015657,8000.00000000,7968.75000000
553.85007572,8000.00000000,7968.75000000
553.88598347,8000.00000000,7968.75000000
553.91988993,8000.00000000,8062.50000000
553.95380068,8000.00000000,8062.50000000
553.98571396,8000.00000000,7968.75000000
554.01463604,8000.00000000,8062.50000000
554.04455709,8000.00000000,7875.00000000
554.07447624,8000.00000000,7968.75000000
554.10738850,8000.00000000,8062.50000000
554.14229488,8000.00000000,8062.50000000
554.17819977,8000.00000000,7968.75000000
554.20612478,8000.00000000,8062.50000000
554.23704243,8000.00000000,8062.50000000
554.26895666,8000.00000000,7968.75000000
554.30386305,8000.00000000,7968.75000000
554.33278656,8000.00000000,7968.75000000
554.36370468,9000.00000000,7968.75000000
554.39562225,9000.00000000,8156.25000000
554.42753267,9000.00000000,8343.75000000
554.45845032,9000.00000000,8437.50000000
554.48936653,9000.00000000,8718.75000000
554.52427435,9000.00000000,8812.50000000
554.55120277,9000.00000000,8812.50000000
554.58311749,9000.00000000,8906.25000000
554.61503267,9000.00000000,8906.25000000
554.64993811,9000.00000000,9000.00000000
554.68285131,9000.00000000,9093.75000000
554.71177197,9000.00000000,9000.00000000
554.74468374,9000.00000000,9093.75000000
554.77561188,9000.00000000,9000.00000000
554.81051111,9000.00000000,9093.75000000
554.84441757,9000.00000000,9093.75000000
554.87334108,9000.00000000,9000.00000000
554.90525532,9000.00000000,9093.75000000
554.93717003,9000.00000000,9000.00000000
554.96708965,9000.00000000,8906.25000000
554.99900627,9000.00000000,9000.00000000
555.03391123,9000.00000000,9000.00000000
555.06283569,9000.00000000,9093.75000000
555.11569071,9000.00000000,9000.00000000
555.14361906,9000.00000000,9000.00000000
555.17553425,9000.00000000,9000.00000000
555.20647955,9000.00000000,9000.00000000
555.24035835,9000.00000000,9000.00000000
555.27127552,9000.00000000,8906.25000000
555.30717993,9000.00000000,9000.00000000
555.33510542,9000.00000000,9000.00000000
555.36602497,9000.00000000,9093.75000000
555.39893627,9000.00000000,8906.25000000
555.43084908,9000.00000000,9000.00000000
555.46376228,9000.00000000,9000.00000000
555.49567842,9000.00000000,9000.00000000
555.52659559,9000.00000000,9093.75000000
555.55850983,9000.00000000,9000.00000000
555.59142208,9000.00000000,9000.00000000
555.62333441,9000.00000000,8906.25000000
555.65524912,9000.00000000,9000.00000000
555.68716526,9000.00000000,9000.00000000
555.71908855,9000.00000000,9000.00000000
555.74999809,9000.00000000,9000.00000000
555.78291082,9000.00000000,9000.00000000
555.81781578,9000.00000000,9000.00000000
555.84673929,9000.00000000,9000.00000000
555.88064766,9000.00000000,9000.00000000
555.91455698,9000.00000000,9000.00000000
555.94448042,9000.00000000,9000.00000000
555.97639036,9000.00000000,9000.00000000
556.00930262,9000.00000000,9093.75000000
556.04420900,9000.00000000,9000.00000000
556.07213497,9000.00000000,9000.00000000
556.10604334,9000.00000000,9000.00000000
556.13795948,9000.00000000,8906.25000000
556.16788101,9000.00000000,9000.00000000
556.19879532,9000.00000000,9000.00000000
556.23071289,9000.00000000,9000.00000000
556.26262665,9000.00000000,9000.00000000
556.29653692,9000.00000000,9000.00000000
556.32844973,9000.00000000,9000.00000000
556.36435413,9000.00000000,9000.00000000
556.39427519,9000.00000000,9000.00000000
556.42319727,9000.00000000,9000.00000000
556.45710516,9000.00000000,9000.00000000
556.48901939,9000.00000000,9093.75000000
556.51993895,9000.00000000,9000.00000000
556.55085421,9000.00000000,8906.25000000
556.58277130,9000.00000000,9000.00000000
556.61468315,9000.00000000,8906.25000000
556.64759493,9000.00000000,9000.00000000
556.68050957,9000.00000000,9000.00000000
556.71342039,9000.00000000,9000.00000000
556.74334240,9000.00000000,9000.00000000
556.77525711,9000.00000000,9000.00000000
556.80916643,9000.00000000,9093.75000000
556.84008074,9000.00000000,9000.00000000
556.87399292,9000.00000000,9000.00000000
556.90390968,9000.00000000,9000.00000000
556.93482876,9000.00000000,9093.75000000
556.96674204,9000.00000000,9000.00000000
556.99865580,9000.00000000,8906.25000000
557.03456163,9000.00000000,9000.00000000
557.06348562,9000.00000000,9000.00000000
557.09539986,9000.00000000,9000.00000000
557.13130474,9000.00000000,9000.00000000
557.16022635,9000.00000000,9000.00000000
557.19014597,9000.00000000,9000.00000000
557.22205877,9000.00000000,9000.00000000
557.25497103,9000.00000000,9000.00000000
557.28688765,9000.00000000,9000.00000000
557.32079697,9000.00000000,9000.00000000
557.35371017,9000.00000000,9000.00000000
557.38462687,9000.00000000,9000.00000000
557.41454744,9000.00000000,9000.00000000
557.44645929,9000.00000000,9000.00000000
557.47837639,9000.00000000,9000.00000000
557.51427794,9000.00000000,9000.00000000
557.54519510,9000.00000000,9000.00000000
557.58010149,9000.00000000,9000.00000000
557.61201620,9000.00000000,9000.00000000
557.64193630,9000.00000000,9000.00000000
557.67385101,9000.00000000,9000.00000000
557.70776176,9000.00000000,9000.00000000
557.73668385,9000.00000000,9000.00000000
557.76760101,9000.00000000,9000.00000000
557.79951477,9000.00000000,9000.00000000
557.83143139,9000.00000000,9000.00000000
557.86633682,9000.00000000,9000.00000000
557.89825392,9000.00000000,9000.00000000
557.92916870,9000.00000000,9000.00000000
557.96108341,9000.00000000,9000.00000000
557.99299717,9000.00000000,9093.75000000
558.02591038,9000.00000000,9000.00000000
558.06281137,9000.00000000,9000.00000000
558.09073687,9000.00000000,8906.25000000
558.12265396,9000.00000000,9000.00000000
558.15356779,9000.00000000,9000.00000000
558.18847609,9000.00000000,9000.00000000
558.21540356,9000.00000000,9000.00000000
558.24731779,9000.00000000,9093.75000000
558.28022957,9000.00000000,9000.00000000
558.31513691,9000.00000000,9000.00000000
558.34505844,9000.00000000,9000.00000000
558.37896585,9000.00000000,9000.00000000
558.40988350,9000.00000000,9000.00000000
558.44080496,9000.00000000,9000.00000000
558.47271633,9000.00000000,9000.00000000
558.50363255,9000.00000000,8906.25000000
558.53554869,9000.00000000,8906.25000000
558.56945610,9000.00000000,9000.00000000
558.59937811,9000.00000000,9000.00000000
558.63129330,9000.00000000,9000.00000000
558.66320705,9000.00000000,9093.75000000
558.69811392,9000.00000000,9093.75000000
558.73301792,9000.00000000,9000.00000000
558.75994587,9000.00000000,9000.00000000
558.79485512,9000.00000000,9000.00000000
558.82478476,9000.00000000,9000.00000000
558.85569048,9000.00000000,8906.25000000
558.89059734,9000.00000000,9000.00000000
560.44426870,9000.00000000,9093.75000000
560.47020054,9000.00000000,9000.00000000
560.50610447,9000.00000000,8812.50000000
560.53702259,9000.00000000,8718.75000000
560.56993341,9000.00000000,8718.75000000
560.60184860,9000.00000000,8718.75000000
560.63376331,9000.00000000,8718.75000000
560.66268539,9000.00000000,8718.75000000
560.69460058,9000.00000000,8812.50000000
560.72651911,9000.00000000,8812.50000000
560.76241684,9000.00000000,8906.25000000
560.79034281,9000.00000000,8906.25000000
560.82325411,9000.00000000,9000.00000000
560.85417461,9000.00000000,8906.25000000
560.88708639,9000.00000000,9000.00000000
560.91901875,9000.00000000,8906.25000000
560.95191050,9000.00000000,9000.00000000
560.98283005,9000.00000000,9093.75000000
561.01374483,9000.00000000,9000.00000000
561.04665709,9000.00000000,9000.00000000
561.08058691,9000.00000000,9000.00000000
561.11547518,9000.00000000,9000.00000000
561.14339924,9000.00000000,8906.25000000
561.17431879,9000.00000000,9000.00000000
561.20723009,9000.00000000,9093.75000000
561.24014044,9000.00000000,9000.00000000
561.27205658,9000.00000000,9000.00000000
561.30496836,9000.00000000,9000.00000000
561.33388996,9000.00000000,9000.00000000
561.35982323,9000.00000000,9000.00000000
561.38674831,9000.00000000,9000.00000000
561.41467333,9000.00000000,9000.00000000
561.44559860,9000.00000000,9093.75000000
561.47850513,9000.00000000,9000.00000000
561.51041889,9000.00000000,8906.25000000
561.54731846,9000.00000000,9000.00000000
561.57524395,9000.00000000,9000.00000000
561.60616207,9000.00000000,9000.00000000
561.63807631,9000.00000000,9000.00000000
561.67098761,9000.00000000,9000.00000000
561.70290232,9000.00000000,9000.00000000
561.73481894,9000.00000000,9000.00000000
561.76673317,9000.00000000,9000.00000000
561.79864597,9000.00000000,9000.00000000
561.83058214,9000.00000000,9000.00000000
561.86250114,9000.00000000,9093.75000000
561.89539051,9000.00000000,9000.00000000
561.92730236,9000.00000000,8906.25000000
561.96220875,9000.00000000,9093.75000000
561.99312782,9000.00000000,9000.00000000
562.02803421,9000.00000000,8906.25000000
562.05795288,9000.00000000,9000.00000000
562.09086466,9000.00000000,8906.25000000
562.12078476,9000.00000000,9000.00000000
562.15569258,9000.00000000,9000.00000000
562.18760872,9000.00000000,9000.00000000
562.21653032,9000.00000000,9000.00000000
562.24844456,9000.00000000,8906.25000000
562.28135633,9000.00000000,9093.75000000
562.31426811,9000.00000000,9000.00000000
562.34618473,9000.00000000,9000.00000000
562.37610292,9000.00000000,9000.00000000
562.40901470,9000.00000000,9000.00000000
562.44192791,9000.00000000,9000.00000000
562.47484016,9000.00000000,9000.00000000
562.50475931,9000.00000000,9000.00000000
562.53767014,9000.00000000,9000.00000000
562.56958580,9000.00000000,8906.25000000
562.59950781,9000.00000000,9000.00000000
562.63241768,9000.00000000,9000.00000000
562.66333389,9000.00000000,9000.00000000
562.69493151,9000.00000000,9000.00000000
562.72703171,9000.00000000,9093.75000000
562.75910425,9000.00000000,9000.00000000
562.79104137,9000.00000000,9000.00000000
562.82218027,9000.00000000,9000.00000000
562.85385895,9000.00000000,9000.00000000
562.88577366,9000.00000000,9000.00000000
562.91768980,9000.00000000,9000.00000000
562.94963503,9000.00000000,9000.00000000
562.98151684,9000.00000000,9000.00000000
563.01291275,9000.00000000,9000.00000000
563.03982544,9000.00000000,9000.00000000
563.06574440,9000.00000000,9000.00000000
563.09366846,9000.00000000,9000.00000000
563.12561655,9000.00000000,9000.00000000
563.15849829,9000.00000000,9000.00000000
563.18941450,9000.00000000,9000.00000000
563.22332191,9000.00000000,9000.00000000
563.25324345,9000.00000000,8906.25000000
563.28615522,9000.00000000,9000.00000000
563.31707191,9000.00000000,9000.00000000
563.34998417,9000.00000000,9000.00000000
563.38089991,9000.00000000,9000.00000000
563.41349506,9000.00000000,9093.75000000
563.44540834,9000.00000000,9000.00000000
563.47828674,9000.00000000,9000.00000000
563.51020098,9000.00000000,9000.00000000
563.54311562,9000.00000000,9000.00000000
563.57574558,9000.00000000,9000.00000000
563.60566521,9000.00000000,9000.00000000
563.63760567,9000.00000000,9000.00000000
563.66949701,9000.00000000,9000.00000000
563.70168924,9000.00000000,9000.00000000
563.73360920,9000.00000000,9000.00000000
563.76452351,9000.00000000,9000.00000000
563.79045391,9000.00000000,9000.00000000
563.81438828,9000.00000000,9093.75000000
563.84533024,9000.00000000,9000.00000000
563.87023878,9000.00000000,9000.00000000
563.89520216,9000.00000000,9000.00000000
563.92608929,9000.00000000,9000.00000000
563.95800495,9000.00000000,9000.00000000
563.98992062,9000.00000000,9000.00000000
564.02405834,9000.00000000,9000.00000000
564.05398178,9000.00000000,9000.00000000
564.08888626,9000.00000000,9000.00000000
564.11880732,9000.00000000,9000.00000000
564.14972401,9000.00000000,9000.00000000
564.18163824,9000.00000000,9000.00000000
564.20656967,9000.00000000,9000.00000000
564.23150492,9000.00000000,9093.75000000
564.26242065,9000.00000000,9000.00000000
564.29633236,9000.00000000,9000.00000000
564.32726765,9000.00000000,9000.00000000
564.35839987,9000.00000000,9000.00000000
564.39031792,9000.00000000,9000.00000000
564.42223024,9000.00000000,8906.25000000
564.45514297,9000.00000000,9000.00000000
564.48705769,9000.00000000,9000.00000000
564.52196264,9000.00000000,8906.25000000
564.54988766,9000.00000000,9093.75000000
564.58280087,9000.00000000,9000.00000000
564.61371946,9000.00000000,9000.00000000
564.65165186,9000.00000000,9000.00000000
564.67854548,9000.00000000,9000.00000000
564.70946360,9000.00000000,9093.75000000
564.74141073,9000.00000000,9000.00000000
564.77432013,9000.00000000,9000.00000000
564.80523968,9000.00000000,9000.00000000
564.83811712,9000.00000000,9000.00000000
564.87003231,9000.00000000,9000.00000000
564.90094948,9000.00000000,8906.25000000
564.93286324,9000.00000000,9000.00000000
564.95879507,9000.00000000,8906.25000000
564.98273230,9000.00000000,9000.00000000
565.01365137,9000.00000000,9000.00000000
565.04656219,9000.00000000,9000.00000000
565.07747841,9000.00000000,9000.00000000
565.11039019,9000.00000000,9000.00000000
565.14230442,9000.00000000,9000.00000000
565.17422342,9000.00000000,9000.00000000
565.20616531,9000.00000000,9000.00000000
565.23804760,9000.00000000,9000.00000000
565.26996851,9000.00000000,9000.00000000
565.29393435,9000.00000000,9000.00000000
565.32083035,9000.00000000,9000.00000000
565.34974957,9000.00000000,9000.00000000
565.38169575,9000.00000000,9000.00000000
565.41457653,9000.00000000,9000.00000000
565.44549417,9000.00000000,9000.00000000
565.46942902,9000.00000000,9000.00000000
565.49635696,9000.00000000,9000.00000000
565.52627993,9000.00000000,9000.00000000
565.55819225,9000.00000000,9000.00000000
565.58910942,9000.00000000,9000.00000000
565.62302017,9000.00000000,9000.00000000
565.65393829,9000.00000000,9000.00000000
565.68585062,9000.00000000,9000.00000000
565.71776485,9000.00000000,9000.00000000
565.74968052,9000.00000000,9000.00000000
565.78144550,9000.00000000,8906.25000000
565.80637980,9000.00000000,9000.00000000
565.83131361,9000.00000000,9000.00000000
565.86247635,9000.00000000,9000.00000000
565.89339399,9000.00000000,9000.00000000
565.92630529,9000.00000000,9000.00000000
565.95725346,9000.00000000,9093.75000000
565.99002934,9000.00000000,9093.75000000
566.02197456,9000.00000000,9093.75000000
566.05385780,9000.00000000,9000.00000000
566.08577251,9000.00000000,9000.00000000
566.11768818,9000.00000000,9000.00000000
566.15658617,9000.00000000,9000.00000000
566.18151617,9000.00000000,9000.00000000
566.21542645,9000.00000000,9000.00000000
566.24634457,9000.00000000,8906.25000000
566.28225088,9000.00000000,9000.00000000
566.31316566,9000.00000000,9000.00000000
566.34209013,9000.00000000,9000.00000000
566.37599897,8000.00000000,9000.00000000
566.41290474,8000.00000000,8812.50000000
566.44281769,8000.00000000,8625.00000000
566.47373676,8000.00000000,8437.50000000
566.50365782,8000.00000000,8343.75000000
566.53457689,8000.00000000,8343.75000000
566.56549072,8000.00000000,8250.00000000
566.59740353,8000.00000000,7968.75000000
566.63031673,8000.00000000,7968.75000000
566.66432238,8000.00000000,7968.75000000
566.69527245,8000.00000000,7875.00000000
566.72718573,8000.00000000,7968.75000000
566.75807285,8000.00000000,7968.75000000
566.78998756,8000.00000000,7968.75000000
566.82190228,8000.00000000,7968.75000000
566.85401106,8000.00000000,7968.75000000
566.88601017,8000.00000000,7968.75000000
566.91699076,8000.00000000,7968.75000000
566.95040607,8000.00000000,7968.75000000
566.98132181,8000.00000000,7968.75000000
567.01622820,8000.00000000,8062.50000000
567.04614973,8000.00000000,8062.50000000
567.07806349,8000.00000000,8062.50000000
567.11496544,8000.00000000,7968.75000000
567.14787817,8000.00000000,7968.75000000
567.17380571,8000.00000000,7968.75000000
567.20572042,8000.00000000,7968.75000000
567.23963118,8000.00000000,7968.75000000
567.26955271,8000.00000000,7968.75000000
567.30146456,8000.00000000,8062.50000000
567.33338118,8000.00000000,7968.75000000
567.36529589,8000.00000000,7968.75000000
567.39325142,8000.00000000,7968.75000000
567.42014694,8000.00000000,8062.50000000
567.44511032,8000.00000000,8062.50000000
567.47799253,8000.00000000,7968.75000000
567.50998259,8000.00000000,7968.75000000
567.54189920,8000.00000000,7968.75000000
567.57381248,8000.00000000,8062.50000000
567.60672569,8000.00000000,7968.75000000
567.63764286,8000.00000000,7968.75000000
567.67354631,8000.00000000,7968.75000000
567.70147085,8000.00000000,7968.75000000
567.72640276,8000.00000000,8062.50000000
567.75133991,8000.00000000,8062.50000000
567.78225660,8000.00000000,7968.75000000
567.81319904,8000.00000000,8062.50000000
567.85206795,8000.00000000,8062.50000000
567.87799788,8000.00000000,7968.75000000
567.91036892,8000.00000000,8062.50000000
567.94228935,8000.00000000,7968.75000000
567.97419882,8000.00000000,7968.75000000
568.00611258,8000.00000000,7968.75000000
568.03903103,8000.00000000,7968.75000000
568.07094240,8000.00000000,7968.75000000
568.10385323,8000.00000000,8062.50000000
568.13476896,8000.00000000,7968.75000000
568.16867876,8000.00000000,7968.75000000
568.19933462,8000.00000000,7968.75000000
568.22927999,8000.00000000,7968.75000000
568.26216221,8000.00000000,7968.75000000
568.29507446,8000.00000000,7968.75000000
568.33197927,8000.00000000,8062.50000000
568.36090088,8000.00000000,8062.50000000
568.39082193,8000.00000000,8062.50000000
568.42276621,8000.00000000,7968.75000000
568.45464802,8000.00000000,8062.50000000
568.48656464,8000.00000000,8062.50000000
568.51947498,8000.00000000,7968.75000000
568.54939461,8000.00000000,8062.50000000
568.58230639,8000.00000000,7968.75000000
568.61325645,8000.00000000,7968.75000000
568.64616966,8000.00000000,7968.75000000
568.67708921,8000.00000000,8062.50000000
568.71096468,8000.00000000,7968.75000000
568.74188185,8000.00000000,7968.75000000
568.77881432,8000.00000000,8062.50000000
568.80770493,8000.00000000,7968.75000000
568.84261227,8000.00000000,7968.75000000
568.87153482,8000.00000000,8062.50000000
568.90245581,8000.00000000,7968.75000000
568.93337011,8000.00000000,8062.50000000
568.96627998,8000.00000000,7875.00000000
568.99723005,8000.00000000,7875.00000000
569.02916479,8000.00000000,7968.75000000
569.06130934,8000.00000000,8062.50000000
569.09319162,8000.00000000,7968.75000000
569.12610340,8000.00000000,7968.75000000
569.15901661,8000.00000000,8062.50000000
569.19093180,8000.00000000,7968.75000000
569.22284555,8000.00000000,7968.75000000
569.25575781,8000.00000000,8062.50000000
569.28688192,8000.00000000,8062.50000000
569.31680155,8000.00000000,7968.75000000
569.34925079,8000.00000000,7968.75000000
569.38615322,8000.00000000,7968.75000000
569.41309071,8000.00000000,7968.75000000
569.44699955,8000.00000000,8062.50000000
569.47693825,8000.00000000,8062.50000000
569.50184345,8000.00000000,7968.75000000
569.52680969,8000.00000000,7968.75000000
569.55769253,8000.00000000,7968.75000000
569.58860970,8000.00000000,8062.50000000
569.62155437,8000.00000000,7968.75000000
569.65443468,8000.00000000,8062.50000000
569.68634892,8000.00000000,8062.50000000
569.72325230,8000.00000000,7968.75000000
569.75117779,8000.00000000,8062.50000000
569.78109789,8000.00000000,7968.75000000
569.81403971,8000.00000000,7968.75000000
569.84495735,8000.00000000,7968.75000000
569.88182688,8000.00000000,7968.75000000
569.90975189,8000.00000000,7968.75000000
569.94169855,8000.00000000,8062.50000000
569.97342062,8000.00000000,8156.25000000
569.99735403,8000.00000000,7968.75000000
570.02476025,8000.00000000,7968.75000000
570.05539083,8000.00000000,7968.75000000
570.08630610,8000.00000000,7968.75000000
570.11921930,8000.00000000,8062.50000000
570.14913940,8000.00000000,7968.75000000
570.18205118,8000.00000000,7968.75000000
570.21496582,8000.00000000,8062.50000000
570.24787426,8000.00000000,7968.75000000
570.28378010,8000.00000000,8062.50000000
570.31469536,8000.00000000,7968.75000000
570.34262228,8000.00000000,8062.50000000
570.37553358,8000.00000000,7968.75000000
570.41043901,8000.00000000,8062.50000000
570.44434929,8000.00000000,7968.75000000
570.47426891,8000.00000000,7968.75000000
570.50219679,8000.00000000,8062.50000000
570.53493881,8000.00000000,7968.75000000
570.56585217,8000.00000000,7875.00000000
570.59779787,8000.00000000,7968.75000000
570.62971258,8000.00000000,7968.75000000
570.66259909,8000.00000000,8062.50000000
570.69450855,8000.00000000,8062.50000000
570.73041010,8000.00000000,8062.50000000
570.75733900,8000.00000000,7968.75000000
570.79024982,8000.00000000,7968.75000000
570.82116890,8000.00000000,8062.50000000
570.85408068,8000.00000000,8062.50000000
570.88602638,8000.00000000,8062.50000000
570.91792107,8000.00000000,8062.50000000
570.94982338,8000.00000000,7968.75000000
570.98373461,8000.00000000,7968.75000000
571.01464939,8000.00000000,7968.75000000
571.04556894,8000.00000000,7875.00000000
571.07848167,8000.00000000,7968.75000000
571.11238766,8000.00000000,8062.50000000
571.14234161,8000.00000000,8062.50000000
571.17727137,8000.00000000,7968.75000000
571.20514250,8000.00000000,7968.75000000
571.24004793,8000.00000000,7968.75000000
571.26996803,8000.00000000,7968.75000000
571.30094957,8000.00000000,7968.75000000
571.33286285,8000.00000000,7968.75000000
571.36481190,8000.00000000,7968.75000000
571.39672565,8000.00000000,7968.75000000
571.42262173,8000.00000000,7968.75000000
571.44655800,8000.00000000,8062.50000000
571.47679186,8000.00000000,8062.50000000
571.50169420,8000.00000000,7968.75000000
571.52515697,8000.00000000,8062.50000000
571.55839396,8000.00000000,8062.50000000
571.58950806,8000.00000000,8062.50000000
571.62075186,8000.00000000,8062.50000000
571.65285969,8000.00000000,8062.50000000
571.68577385,8000.00000000,8062.50000000
571.71614265,8000.00000000,7968.75000000
571.75039577,8000.00000000,7968.75000000
571.78115940,8000.00000000,7875.00000000
571.81186295,8000.00000000,7875.00000000
571.83902740,8000.00000000,7875.00000000
571.86196566,8000.00000000,8062.50000000
571.89286804,8000.00000000,8062.50000000
571.91680431,8000.00000000,7968.75000000
571.94099379,8000.00000000,8062.50000000
571.97420454,8000.00000000,7968.75000000
571.99817562,8000.00000000,7968.75000000
572.02439451,8000.00000000,7968.75000000
572.05286551,8000.00000000,7968.75000000
572.08581781,8000.00000000,7968.75000000
572.11729002,8000.00000000,7968.75000000
572.14917469,8000.00000000,8062.50000000
572.17513275,8000.00000000,8062.50000000
572.22489214,8000.00000000,8062.50000000
572.25087118,8000.00000000,8062.50000000
572.28278780,8000.00000000,8062.50000000
572.31071234,8000.00000000,7968.75000000
572.34066105,8000.00000000,7968.75000000
572.37454176,8000.00000000,7968.75000000
572.40944910,8000.00000000,8062.50000000
572.43837166,8000.00000000,8062.50000000
572.47029114,8000.00000000,7968.75000000
572.50120401,8000.00000000,7968.75000000
572.53315306,8000.00000000,7875.00000000
572.56506586,8000.00000000,7875.00000000
572.59196234,8000.00000000,7968.75000000
572.61589527,8000.00000000,7968.75000000
572.64481878,8000.00000000,8062.50000000
572.66978407,8000.00000000,7968.75000000
572.69468689,8000.00000000,8062.50000000
572.72496700,8000.00000000,8062.50000000
572.75984621,8000.00000000,7968.75000000
572.79175949,8000.00000000,7968.75000000
572.82467127,8000.00000000,7968.75000000
572.85280800,8000.00000000,8062.50000000
572.88485765,8000.00000000,8062.50000000
572.92178917,8000.00000000,8062.50000000
572.94872379,8000.00000000,8062.50000000
572.98063231,8000.00000000,8062.50000000
573.00453615,8000.00000000,7968.75000000
573.02847195,8000.00000000,7968.75000000
573.06141758,8000.00000000,7968.75000000
573.09330034,8000.00000000,7968.75000000
573.12526655,8000.00000000,7968.75000000
573.15718079,8000.00000000,7968.75000000
573.18894815,8000.00000000,8062.50000000
573.22220135,8000.00000000,7968.75000000
573.25311852,8000.00000000,8062.50000000
573.28802490,8000.00000000,7968.75000000
573.31845617,8000.00000000,7968.75000000
573.34837294,8000.00000000,8062.50000000
573.38162994,8000.00000000,8062.50000000
573.41254759,8000.00000000,8062.50000000
573.43748140,8000.00000000,7968.75000000
573.46141529,8000.00000000,7968.75000000
573.49333191,8000.00000000,7968.75000000
573.51726723,8000.00000000,7968.75000000
573.54223108,8000.00000000,7968.75000000
573.57354832,8000.00000000,7968.75000000
573.59751463,8000.00000000,7968.75000000
573.62241888,8000.00000000,7968.75000000
573.65336466,8000.00000000,7968.75000000
573.67727089,8000.00000000,7968.75000000
573.70120621,8000.00000000,8062.50000000
573.73312140,8000.00000000,7968.75000000
573.76503754,8000.00000000,7968.75000000
573.79894638,8000.00000000,8062.50000000
573.82886457,8000.00000000,8062.50000000
573.85280371,8000.00000000,7968.75000000
573.87773657,8000.00000000,8062.50000000
573.91064692,8000.00000000,8062.50000000
573.94256544,8000.00000000,8062.50000000
573.97347832,8000.00000000,7968.75000000
574.00539303,8000.00000000,7968.75000000
574.03734541,8000.00000000,7968.75000000
574.07022190,8000.00000000,7968.75000000
574.10125875,8000.00000000,8062.50000000
574.13305616,8000.00000000,7968.75000000
574.16995049,8000.00000000,7968.75000000
574.19790888,8000.00000000,7968.75000000
574.22979116,8000.00000000,7968.75000000
574.26276779,8000.00000000,7968.75000000
574.29767561,8000.00000000,7968.75000000
574.33358002,8000.00000000,7968.75000000
574.36150503,8000.00000000,7968.75000000
574.39242077,8000.00000000,8062.50000000
574.42633390,8000.00000000,8062.50000000
574.45824528,8000.00000000,8062.50000000
574.48818827,8000.00000000,8062.50000000
574.51909065,8000.00000000,7968.75000000
574.55100012,8000.00000000,7968.75000000
574.58291435,8000.00000000,8062.50000000
574.61482906,8000.00000000,7968.75000000
574.64674282,8000.00000000,8062.50000000
574.67868614,8000.00000000,7968.75000000
574.71156788,8000.00000000,7875.00000000
574.74348354,8000.00000000,8062.50000000
574.77540445,8000.00000000,8062.50000000
574.80831099,8000.00000000,7968.75000000
574.83922577,8000.00000000,7968.75000000
574.87114143,8000.00000000,8062.50000000
574.90305710,8000.00000000,7968.75000000
574.93497181,8000.00000000,8062.50000000
574.96588755,8000.00000000,7968.75000000
574.99883223,8000.00000000,7968.75000000
575.03071547,8000.00000000,7968.75000000
575.06263018,8000.00000000,8062.50000000
575.09454584,8000.00000000,7968.75000000
575.12745810,8000.00000000,7968.75000000
575.15837336,8000.00000000,8062.50000000
575.19029045,8000.00000000,7968.75000000
575.22220421,8000.00000000,7968.75000000
575.25511503,8000.00000000,7968.75000000
575.28703070,8000.00000000,8062.50000000
575.32094049,8000.00000000,8062.50000000
575.35085821,8000.00000000,7968.75000000
575.38177586,8000.00000000,7968.75000000
575.41468716,8000.00000000,8062.50000000
575.44579315,8000.00000000,7968.75000000
575.47870493,8000.00000000,8062.50000000
575.51161718,8000.00000000,7968.75000000
575.54253340,8000.00000000,7968.75000000
575.57444763,8000.00000000,7968.75000000
575.60636425,8000.00000000,7968.75000000
575.63831234,8000.00000000,8062.50000000
575.67022705,8000.00000000,7875.00000000
575.70210791,8000.00000000,7968.75000000
575.73402119,8000.00000000,7968.75000000
575.76593542,8000.00000000,8062.50000000
575.79788637,8000.00000000,8062.50000000
575.83076239,8000.00000000,8062.50000000
575.86168146,8000.00000000,8062.50000000
575.89459229,8000.00000000,7968.75000000
575.92750311,8000.00000000,7968.75000000
575.95941830,8000.00000000,7875.00000000
575.99033499,8000.00000000,7968.75000000
576.02225018,8000.00000000,8062.50000000
576.05528927,0.00000000,8062.50000000
576.08623648,0.00000000,4968.75000000
576.11816168,0.00000000,4406.25000000
576.15107441,0.00000000,3843.75000000
576.18302059,0.00000000,3281.25000000
576.21490240,0.00000000,3187.50000000
576.24585104,0.00000000,3093.75000000
576.28275442,0.00000000,2906.25000000
576.31264114,0.00000000,2718.75000000
576.34563684,0.00000000,2625.00000000
576.37555742,0.00000000,2625.00000000
576.40649557,0.00000000,2437.50000000
576.43838882,0.00000000,2437.50000000
576.47130060,0.00000000,2250.00000000
576.50322056,0.00000000,2156.25000000
576.53416967,0.00000000,2156.25000000
576.56804943,0.00000000,2250.00000000
576.59799480,0.00000000,2062.50000000
576.62987709,0.00000000,1968.75000000
576.66378593,0.00000000,1781.25000000
576.69570065,0.00000000,1781.25000000
576.72761440,0.00000000,1593.75000000
576.75964022,0.00000000,1593.75000000
576.79055738,0.00000000,1500.00000000
576.82346869,0.00000000,1500.00000000
576.85438538,0.00000000,1406.25000000
576.88729763,0.00000000,1312.50000000
576.91821718,0.00000000,1312.50000000
576.95012999,0.00000000,1218.75000000
576.98207617,0.00000000,1218.75000000
577.01399136,0.00000000,1125.00000000
577.04687119,0.00000000,1125.00000000
577.07778883,0.00000000,1125.00000000
577.11043930,0.00000000,937.50000000
577.14235401,0.00000000,1031.25000000
577.17426920,0.00000000,1031.25000000
577.20718098,0.00000000,937.50000000
577.23812866,0.00000000,1031.25000000
577.27101040,0.00000000,843.75000000
577.30591869,0.00000000,843.75000000
577.33683729,0.00000000,843.75000000
577.36566973,0.00000000,750.00000000
577.39658737,0.00000000,843.75000000
577.42953777,0.00000000,750.00000000
577.45447159,0.00000000,656.25000000
577.47940302,0.00000000,843.75000000
577.51331139,0.00000000,750.00000000
577.54323149,0.00000000,656.25000000
577.57514858,0.00000000,656.25000000
577.60509777,0.00000000,468.75000000
577.63798189,0.00000000,468.75000000
577.66992855,0.00000000,468.75000000
577.70280933,0.00000000,562.50000000
577.74372911,0.00000000,468.75000000
577.76763391,0.00000000,468.75000000
577.80154371,0.00000000,375.00000000
577.83046627,0.00000000,468.75000000
577.86238050,0.00000000,281.25000000
577.89329672,0.00000000,281.25000000
577.92920113,0.00000000,187.50000000
577.95836401,0.00000000,187.50000000
577.98931360,0.00000000,281.25000000
578.02219248,0.00000000,187.50000000
578.05610323,0.00000000,93.75000000
578.08502579,0.00000000,375.00000000
578.11693954,0.00000000,187.50000000
578.14885378,0.00000000,0.00000000
578.18285608,0.00000000,0.00000000
578.21380901,0.00000000,0.00000000
578.24668503,0.00000000,0.00000000
578.27860260,0.00000000,0.00000000
578.31351423,0.00000000,0.00000000
578.34841347,0.00000000,0.00000000
578.37933159,0.00000000,0.00000000
578.40725803,0.00000000,0.00000000
578.44116688,0.00000000,0.00000000
578.47108507,0.00000000,0.00000000
578.50200224,0.00000000,0.00000000
578.53391647,0.00000000,0.00000000
578.56583071,0.00000000,0.00000000
578.59744978,0.00000000,0.00000000
578.62437820,0.00000000,0.00000000
578.64931202,0.00000000,0.00000000
578.68223238,0.00000000,0.00000000
578.71314096,0.00000000,0.00000000
578.74704885,0.00000000,0.00000000
578.77497387,0.00000000,0.00000000
578.80888414,0.00000000,0.00000000
578.83980131,0.00000000,0.00000000
578.87371397,0.00000000,0.00000000
578.90462780,0.00000000,0.00000000
578.93953466,0.00000000,0.00000000
578.96646214,0.00000000,0.00000000
579.00336361,0.00000000,0.00000000
579.03727484,0.00000000,0.00000000
579.06519842,0.00000000,0.00000000
579.09511852,0.00000000,0.00000000
579.12902737,0.00000000,0.00000000
579.16293669,0.00000000,0.00000000
579.19784355,0.00000000,0.00000000
579.22876501,0.00000000,0.00000000
579.26168728,0.00000000,0.00000000
579.29060125,0.00000000,0.00000000
579.32849503,0.00000000,0.00000000
579.36241341,0.00000000,0.00000000
579.39532757,0.00000000,0.00000000
579.43520927,0.00000000,0.00000000
579.46712255,0.00000000,0.00000000
579.50103188,0.00000000,0.00000000
579.52995539,0.00000000,0.00000000
579.55887890,0.00000000,0.00000000
579.59079409,0.00000000,0.00000000
579.62227583,0.00000000,0.00000000
579.65418959,0.00000000,0.00000000
579.68611097,0.00000000,0.00000000
579.71902800,0.00000000,0.00000000
579.74893475,0.00000000,0.00000000
579.78184843,0.00000000,0.00000000
579.81376266,0.00000000,0.00000000
579.84506512,0.00000000,0.00000000
579.87967682,0.00000000,0.00000000
579.90959787,0.00000000,0.00000000
579.94151068,0.00000000,0.00000000
579.97388792,0.00000000,0.00000000
580.00576973,0.00000000,0.00000000
580.04415846,0.00000000,0.00000000
580.06907892,0.00000000,0.00000000
580.10225916,0.00000000,0.00000000
580.13317537,0.00000000,0.00000000
580.16512012,0.00000000,0.00000000
580.19826031,0.00000000,0.00000000
580.22917795,0.00000000,0.00000000
580.26109219,0.00000000,0.00000000
580.29400206,0.00000000,0.00000000
580.32791376,0.00000000,0.00000000
580.36082602,0.00000000,0.00000000
580.39573240,0.00000000,0.00000000
580.42664862,0.00000000,0.00000000
580.45657063,0.00000000,0.00000000
580.48648930,0.00000000,0.00000000
580.52065182,0.00000000,0.00000000
580.54990721,0.00000000,0.00000000
580.58182240,0.00000000,0.00000000
580.61373854,0.00000000,0.00000000
580.63867044,0.00000000,0.00000000
580.66260719,0.00000000,0.00000000
580.69551945,0.00000000,0.00000000
580.72547150,0.00000000,0.00000000
580.75908613,0.00000000,0.00000000
580.79100037,0.00000000,0.00000000
580.82191706,0.00000000,0.00000000
580.85483408,0.00000000,0.00000000
580.88674736,0.00000000,0.00000000
580.91766310,0.00000000,0.00000000
580.95556211,0.00000000,0.00000000
580.98448277,0.00000000,0.00000000
581.01542902,0.00000000,0.00000000
581.04831266,0.00000000,0.00000000
581.08321857,0.00000000,0.00000000
581.11516333,0.00000000,0.00000000
581.14605045,0.00000000,0.00000000
581.17896318,0.00000000,0.00000000
581.21187687,0.00000000,0.00000000
581.24479818,0.00000000,0.00000000
581.27770090,0.00000000,0.00000000
581.31061649,0.00000000,0.00000000
581.34655380,0.00000000,0.00000000
581.39340258,0.00000000,0.00000000
581.43128872,0.00000000,0.00000000
581.47218370,0.00000000,0.00000000
581.51207161,0.00000000,0.00000000
581.54897404,0.00000000,0.00000000
581.58587885,0.00000000,0.00000000
581.63075590,0.00000000,0.00000000
581.66270638,0.00000000,0.00000000
581.69558287,0.00000000,0.00000000
581.73048735,0.00000000,0.00000000
581.76439905,0.00000000,0.00000000
581.80928564,0.00000000,0.00000000
581.84319448,0.00000000,0.00000000
581.88208485,0.00000000,0.00000000
581.91400290,0.00000000,0.00000000
581.94690895,0.00000000,0.00000000
581.98082161,0.00000000,0.00000000
582.01273298,0.00000000,0.00000000
582.04664612,0.00000000,0.00000000
582.08055305,0.00000000,0.00000000
582.11246681,0.00000000,0.00000000
582.14138937,0.00000000,0.00000000
582.17130899,0.00000000,0.00000000
582.20122957,0.00000000,0.00000000
582.23360014,0.00000000,0.00000000
582.27075338,0.00000000,0.00000000
582.29923916,0.00000000,0.00000000
582.32990599,0.00000000,0.00000000
582.36005497,0.00000000,0.00000000
582.39233208,0.00000000,0.00000000
582.43850374,0.00000000,0.00000000
582.47932339,0.00000000,0.00000000
582.51423311,0.00000000,0.00000000
582.56110668,0.00000000,0.00000000
582.60404730,0.00000000,0.00000000
582.63891745,0.00000000,0.00000000
582.68483686,0.00000000,0.00000000
582.72788477,0.00000000,0.00000000
582.79174519,0.00000000,0.00000000
582.84130478,0.00000000,0.00000000
582.88723707,0.00000000,0.00000000
582.92642021,0.00000000,0.00000000
582.98816299,0.00000000,0.00000000
583.02251244,0.00000000,0.00000000
583.05642128,0.00000000,0.00000000
583.09328842,0.00000000,0.00000000
583.13306093,0.00000000,0.00000000
583.16500187,0.00000000,0.00000000
583.19588995,0.00000000,0.00000000
583.22980213,0.00000000,0.00000000
583.26171398,0.00000000,0.00000000
583.29761982,0.00000000,0.00000000
583.32654095,0.00000000,0.00000000
583.36145210,0.00000000,0.00000000
583.41231203,0.00000000,0.00000000
583.45818996,0.00000000,0.00000000
583.48711061,0.00000000,0.00000000
583.51403952,0.00000000,0.00000000
583.54695129,0.00000000,0.00000000
583.57786894,0.00000000,0.00000000
583.61776161,0.00000000,0.00000000
583.65067434,0.00000000,0.00000000
583.68857384,0.00000000,0.00000000
583.72248316,0.00000000,0.00000000
583.76636505,0.00000000,0.00000000
583.80924940,0.00000000,0.00000000
583.84615278,0.00000000,0.00000000
583.89302731,0.00000000,0.00000000
583.92693567,0.00000000,0.00000000
583.96634769,0.00000000,0.00000000
583.99936962,0.00000000,0.00000000
584.03317595,0.00000000,0.00000000
584.06210089,0.00000000,0.00000000
584.09053802,0.00000000,0.00000000
584.12444592,0.00000000,0.00000000
584.15436935,0.00000000,0.00000000
584.18692780,0.00000000,0.00000000
584.21607828,0.00000000,0.00000000
584.24849176,0.00000000,0.00000000
584.28215885,0.00000000,0.00000000
584.31615877,0.00000000,0.00000000
584.34545326,0.00000000,0.00000000
584.38207340,0.00000000,0.00000000
584.41309834,0.00000000,0.00000000
584.44095802,0.00000000,0.00000000
584.47705507,0.00000000,0.00000000
584.50645638,0.00000000,0.00000000
584.53851795,0.00000000,0.00000000
584.57060814,0.00000000,0.00000000
584.60216427,0.00000000,0.00000000
584.63411808,0.00000000,0.00000000
584.66546535,0.00000000,0.00000000
584.70060492,0.00000000,0.00000000
584.73109961,0.00000000,0.00000000
584.76352262,0.00000000,0.00000000
584.79351568,0.00000000,0.00000000
584.82688379,0.00000000,0.00000000
584.85689068,0.00000000,0.00000000
584.88945913,0.00000000,0.00000000
584.92110395,0.00000000,0.00000000
584.95324898,0.00000000,0.00000000
584.98161316,0.00000000,0.00000000
585.01334333,0.00000000,0.00000000
585.04591274,0.00000000,0.00000000
585.07040358,0.00000000,0.00000000
585.09641600,0.00000000,0.00000000
585.12544060,0.00000000,0.00000000
585.15800190,0.00000000,0.00000000
585.19004869,0.00000000,0.00000000
585.22273493,0.00000000,0.00000000
585.25360537,0.00000000,0.00000000
585.28507900,0.00000000,0.00000000
585.31657505,0.00000000,0.00000000
585.35062408,0.00000000,0.00000000
585.38163662,0.00000000,0.00000000
585.40670872,0.00000000,0.00000000
585.43172932,0.00000000,0.00000000
585.46163750,0.00000000,0.00000000
585.49364328,0.00000000,0.00000000
585.52665091,0.00000000,0.00000000
585.55674314,0.00000000,0.00000000
585.58942556,0.00000000,0.00000000
585.62099552,0.00000000,0.00000000
585.65325212,0.00000000,0.00000000
585.68485498,0.00000000,0.00000000
585.71905899,0.00000000,0.00000000
585.74927425,0.00000000,0.00000000
585.78155470,0.00000000,0.00000000
585.81315613,0.00000000,0.00000000
585.84584332,0.00000000,0.00000000
585.87714052,0.00000000,0.00000000
585.90918016,0.00000000,0.00000000
585.94227457,0.00000000,0.00000000
585.97374630,0.00000000,0.00000000
586.00567818,0.00000000,0.00000000
586.03757620,0.00000000,0.00000000
586.07000637,0.00000000,0.00000000
586.10092115,0.00000000,0.00000000
586.13283777,0.00000000,0.00000000
586.16028929,0.00000000,0.00000000
586.18522310,0.00000000,0.00000000
586.21314526,0.00000000,0.00000000
586.24805546,0.00000000,0.00000000
586.28347206,0.00000000,0.00000000
586.31027508,0.00000000,0.00000000
586.34829140,0.00000000,0.00000000
586.37380886,0.00000000,0.00000000
586.40571928,0.00000000,0.00000000
586.43863392,0.00000000,0.00000000
586.47006559,0.00000000,0.00000000
586.49699354,0.00000000,0.00000000
586.52594995,0.00000000,0.00000000
586.55485058,0.00000000,0.00000000
0.00000000,0.00000000,0.00000000
0.04420280,0.00000000,0.00000000
0.05940962,0.00000000,0.00000000
0.07479525,0.00000000,0.00000000
0.09031343,0.00000000,0.00000000
0.10526896,0.00000000,0.00000000
0.11977530,0.00000000,0.00000000
0.13538885,0.00000000,0.00000000
0.15173435,0.00000000,0.00000000
0.16665506,0.00000000,0.00000000
0.18223047,0.00000000,0.00000000
0.19771481,0.00000000,0.00000000
0.21447945,0.00000000,0.00000000
0.23086166,0.00000000,0.00000000
0.24670267,0.00000000,0.00000000
0.26348066,0.00000000,0.00000000
0.28014326,0.00000000,0.00000000
0.29470682,0.00000000,0.00000000
0.31073618,0.00000000,0.00000000
0.32617283,0.00000000,0.00000000
0.34222651,0.00000000,0.00000000
0.35790730,0.00000000,0.00000000
0.37440634,0.00000000,0.00000000
0.39029551,0.00000000,0.00000000
0.40662718,0.00000000,0.00000000
0.42285776,0.00000000,0.00000000
0.43844509,0.00000000,0.00000000
0.45408964,0.00000000,0.00000000
0.47094870,0.00000000,0.00000000
0.48607874,0.00000000,0.00000000
0.50281572,0.00000000,0.00000000
0.51813078,0.00000000,0.00000000
0.53346968,0.00000000,0.00000000
0.55062008,0.00000000,0.00000000
0.56697798,0.00000000,0.00000000
0.58250380,0.00000000,0.00000000
0.59858990,0.00000000,0.00000000
0.61468935,0.00000000,0.00000000
0.63071823,0.00000000,0.00000000
0.64692640,0.00000000,0.00000000
0.66286707,0.00000000,0.00000000
0.67868710,0.00000000,0.00000000
0.69450378,0.00000000,0.00000000
0.71040154,0.00000000,0.00000000
0.72710037,0.00000000,0.00000000
0.74267530,0.00000000,0.00000000
0.75862551,0.00000000,0.00000000
0.77442980,0.00000000,0.00000000
0.79002953,0.00000000,0.00000000
0.80642700,0.00000000,0.00000000
0.82298183,0.00000000,0.00000000
0.83868122,0.00000000,0.00000000
0.85450840,0.00000000,0.00000000
0.87081337,0.00000000,0.00000000
0.88662243,0.00000000,0.00000000
0.90286016,0.00000000,0.00000000
0.91863489,0.00000000,0.00000000
0.93561935,0.00000000,0.00000000
0.95082378,0.00000000,0.00000000
0.96678829,0.00000000,0.00000000
0.98325396,0.00000000,0.00000000
0.99806213,0.00000000,0.00000000
1.01484013,0.00000000,0.00000000
1.03094530,0.00000000,0.00000000
1.04672050,0.00000000,0.00000000
1.06376982,0.00000000,0.00000000
1.07920218,0.00000000,0.00000000
1.09486866,0.00000000,0.00000000
1.11207438,0.00000000,0.00000000
1.12662792,0.00000000,0.00000000
1.14225864,0.00000000,0.00000000
1.15867329,0.00000000,0.00000000
1.17421913,0.00000000,0.00000000
1.19070339,0.00000000,0.00000000
1.20673895,0.00000000,0.00000000
1.22251987,0.00000000,0.00000000
1.23805332,0.00000000,0.00000000
1.25488424,0.00000000,0.00000000
1.27062798,0.00000000,0.00000000
1.28615713,0.00000000,0.00000000
1.30255222,0.00000000,0.00000000
1.31885433,0.00000000,0.00000000
1.33418131,0.00000000,0.00000000
1.35054922,0.00000000,0.00000000
1.36678648,0.00000000,0.00000000
1.38278770,0.00000000,0.00000000
1.39888668,0.00000000,0.00000000
1.41523409,0.00000000,0.00000000
1.42982340,0.00000000,0.00000000
1.44662189,0.00000000,0.00000000
1.46334124,0.00000000,0.00000000
1.47875690,0.00000000,0.00000000
1.49476051,0.00000000,0.00000000
1.51088953,0.00000000,0.00000000
1.52663898,0.00000000,0.00000000
1.54237509,0.00000000,0.00000000
1.55755854,0.00000000,0.00000000
1.57415628,0.00000000,0.00000000
1.59027719,0.00000000,0.00000000
1.60675192,0.00000000,0.00000000
1.62236309,0.00000000,0.00000000
1.63881636,0.00000000,0.00000000
1.65422487,0.00000000,0.00000000
1.67073774,0.00000000,0.00000000
1.68636084,0.00000000,0.00000000
1.70246029,0.00000000,0.00000000
1.71879625,0.00000000,0.00000000
1.73449373,0.00000000,0.00000000
1.75036716,0.00000000,0.00000000
1.76666880,0.00000000,0.00000000
1.78300381,0.00000000,0.00000000
1.79859018,0.00000000,0.00000000
1.81445408,0.00000000,0.00000000
1.83076382,0.00000000,0.00000000
1.84634209,0.00000000,0.00000000
1.86354113,0.00000000,0.00000000
1.87889671,0.00000000,0.00000000
1.89444494,0.00000000,0.00000000
1.91079187,0.00000000,0.00000000
1.92646742,0.00000000,0.00000000
1.94292688,0.00000000,0.00000000
1.95860958,0.00000000,0.00000000
1.97411346,0.00000000,0.00000000
1.99045658,0.00000000,0.00000000
2.00619936,0.00000000,0.00000000
2.02286100,0.00000000,0.00000000
2.03888464,0.00000000,0.00000000
2.05421400,0.00000000,0.00000000
2.07077885,0.00000000,0.00000000
2.08656168,0.00000000,0.00000000
2.10263252,0.00000000,0.00000000
2.11807299,0.00000000,0.00000000
2.13386583,0.00000000,0.00000000
2.14993763,0.00000000,0.00000000
2.16654873,0.00000000,0.00000000
2.18204403,0.00000000,0.00000000
2.19894838,0.00000000,0.00000000
2.21426964,0.00000000,0.00000000
2.23136950,0.00000000,0.00000000
2.24679136,0.00000000,0.00000000
2.26259089,0.00000000,0.00000000
2.27915430,0.00000000,0.00000000
2.29497862,0.00000000,0.00000000
2.31023407,0.00000000,0.00000000
2.32703543,0.00000000,0.00000000
2.34286404,0.00000000,0.00000000
2.35842228,0.00000000,0.00000000
2.37463331,0.00000000,0.00000000
2.39033031,0.00000000,0.00000000
2.40653849,0.00000000,0.00000000
2.42239475,0.00000000,0.00000000
2.43801355,0.00000000,0.00000000
2.45467806,0.00000000,0.00000000
2.47013950,0.00000000,0.00000000
2.48623276,0.00000000,0.00000000
2.50187063,0.00000000,0.00000000
2.51826382,0.00000000,0.00000000
2.53501940,0.00000000,0.00000000
2.55086470,0.00000000,0.00000000
2.56700993,0.00000000,0.00000000
2.58284903,0.00000000,0.00000000
2.59818220,0.00000000,0.00000000
2.61420918,0.00000000,0.00000000
2.63077879,0.00000000,0.00000000
2.64644861,0.00000000,0.00000000
2.66313839,0.00000000,0.00000000
2.67795658,0.00000000,0.00000000
2.69489670,0.00000000,0.00000000
2.71046925,0.00000000,0.00000000
2.72734261,0.00000000,0.00000000
2.74198151,0.00000000,0.00000000
2.75888443,0.00000000,0.00000000
2.77451658,0.00000000,0.00000000
2.79006338,0.00000000,0.00000000
2.80683899,0.00000000,0.00000000
2.82282686,0.00000000,0.00000000
2.83846140,0.00000000,0.00000000
2.85485125,0.00000000,0.00000000
2.87053823,0.00000000,0.00000000
2.88678503,0.00000000,0.00000000
2.90189981,0.00000000,0.00000000
2.91804361,0.00000000,0.00000000
2.93445826,0.00000000,0.00000000
2.95089626,0.00000000,0.00000000
2.96689701,0.00000000,0.00000000
2.98263788,0.00000000,0.00000000
2.99901342,0.00000000,0.00000000
3.01468658,0.00000000,0.00000000
3.03079414,0.00000000,0.00000000
3.04675770,0.00000000,0.00000000
3.06210423,0.00000000,0.00000000
3.07918787,0.00000000,0.00000000
3.09479523,0.00000000,0.00000000
3.11043549,0.00000000,0.00000000
3.12803459,0.00000000,0.00000000
3.14414930,0.00000000,0.00000000
3.15848732,0.00000000,0.00000000
3.17408133,0.00000000,0.00000000
3.19021273,0.00000000,0.00000000
3.20595741,0.00000000,0.00000000
3.22287655,0.00000000,0.00000000
3.23806763,0.00000000,0.00000000
3.25487661,0.00000000,0.00000000
3.27082109,0.00000000,0.00000000
3.28682947,0.00000000,0.00000000
3.30262232,0.00000000,0.00000000
3.31884289,0.00000000,0.00000000
0.00000000,0.00000000,0.00000000
0.01704073,0.00000000,0.00000000
0.03485632,0.00000000,0.00000000
0.05063963,0.00000000,0.00000000
0.06477499,0.00000000,0.00000000
0.08009481,0.00000000,0.00000000
0.09481812,0.00000000,0.00000000
0.11032867,0.00000000,0.00000000
0.12487268,0.00000000,0.00000000
0.14057732,0.00000000,0.00000000
0.15546703,0.00000000,0.00000000
0.17000771,0.00000000,0.00000000
0.18493891,0.00000000,0.00000000
0.20050144,0.00000000,0.00000000
0.21543312,0.00000000,0.00000000
0.22995472,0.00000000,0.00000000
0.24480391,0.00000000,0.00000000
0.26034498,0.00000000,0.00000000
0.27708626,0.00000000,0.00000000
0.29301691,0.00000000,0.00000000
0.30842161,0.00000000,0.00000000
0.32291937,0.00000000,0.00000000
0.33805370,0.00000000,0.00000000
0.35315657,0.00000000,0.00000000
0.36791325,0.00000000,0.00000000
0.38363171,0.00000000,0.00000000
0.39813232,0.00000000,0.00000000
0.41377211,0.00000000,0.00000000
0.42940331,0.00000000,0.00000000
0.44423628,0.00000000,0.00000000
0.45880222,0.00000000,0.00000000
0.48139238,0.00000000,0.00000000
0.49576902,0.00000000,0.00000000
0.51086187,0.00000000,0.00000000
0.52585363,0.00000000,0.00000000
0.54121733,0.00000000,0.00000000
0.55578566,0.00000000,0.00000000
0.57143545,0.00000000,0.00000000
0.58659410,0.00000000,0.00000000
0.60115147,0.00000000,0.00000000
0.61580133,0.00000000,0.00000000
0.63107347,0.00000000,0.00000000
0.64640570,0.00000000,0.00000000
0.66129065,0.00000000,0.00000000
0.67586374,0.00000000,0.00000000
0.69151783,0.00000000,0.00000000
0.70614004,0.00000000,0.00000000
0.72133684,0.00000000,0.00000000
0.73590565,0.00000000,0.00000000
0.75167990,0.00000000,0.00000000
0.76624155,0.00000000,0.00000000
0.78078127,0.00000000,0.00000000
0.79651022,0.00000000,0.00000000
0.81139040,0.00000000,0.00000000
0.82588005,0.00000000,0.00000000
0.84154892,0.00000000,0.00000000
0.85612392,0.00000000,0.00000000
0.87165213,0.00000000,0.00000000
0.88640499,0.00000000,0.00000000
0.90148544,0.00000000,0.00000000
0.91627216,0.00000000,0.00000000
0.93115568,0.00000000,0.00000000
0.94660711,0.00000000,0.00000000
0.96113777,0.00000000,0.00000000
0.97681093,0.00000000,0.00000000
0.99221516,0.00000000,0.00000000
1.00742626,0.00000000,0.00000000
1.02216148,0.00000000,0.00000000
1.03754139,0.00000000,0.00000000
1.05251312,0.00000000,0.00000000
1.06704378,0.00000000,0.00000000
1.08252001,0.00000000,0.00000000
1.09714890,0.00000000,0.00000000
1.11268902,0.00000000,0.00000000
1.12726498,0.00000000,0.00000000
1.14243698,0.00000000,0.00000000
1.15698671,0.00000000,0.00000000
1.17265224,0.00000000,0.00000000
1.18685150,0.00000000,0.00000000
1.20180178,0.00000000,0.00000000
1.21688986,0.00000000,0.00000000
1.23254108,0.00000000,0.00000000
1.24695349,0.00000000,0.00000000
1.26215219,0.00000000,0.00000000
1.27775192,0.00000000,0.00000000
1.29336500,0.00000000,0.00000000
1.30793285,0.00000000,0.00000000
1.32309914,0.00000000,0.00000000
1.33856583,0.00000000,0.00000000
1.35304117,0.00000000,0.00000000
1.36805058,0.00000000,0.00000000
1.38358736,0.00000000,0.00000000
1.39812422,0.00000000,0.00000000
1.41415787,0.00000000,0.00000000
1.42852354,0.00000000,0.00000000
1.44378948,0.00000000,0.00000000
1.45904398,0.00000000,0.00000000
1.47461462,0.00000000,0.00000000
1.48914528,0.00000000,0.00000000
1.53527212,0.00000000,0.00000000
1.57916021,0.00000000,0.00000000
1.62240601,0.00000000,0.00000000
1.66806746,0.00000000,0.00000000
1.69455957,0.00000000,0.00000000
1.71949100,0.00000000,0.00000000
1.74566555,0.00000000,0.00000000
1.76837730,0.00000000,0.00000000
1.79398298,0.00000000,0.00000000
1.81717825,0.00000000,0.00000000
1.84193468,0.00000000,0.00000000
1.86588430,0.00000000,0.00000000
1.88966131,0.00000000,0.00000000
1.91539764,0.00000000,0.00000000
1.93880796,0.00000000,0.00000000
1.96546555,0.00000000,0.00000000
1.98836565,0.00000000,0.00000000
2.01457405,0.00000000,0.00000000
2.03826571,0.00000000,0.00000000
2.06456089,0.00000000,0.00000000
2.08981133,0.00000000,0.00000000
2.11558962,0.00000000,0.00000000
2.14555693,0.00000000,0.00000000
2.16927576,0.00000000,0.00000000
2.19521523,0.00000000,0.00000000
2.21934462,0.00000000,0.00000000
2.24613428,0.00000000,0.00000000
2.27020121,0.00000000,0.00000000
2.29569626,0.00000000,0.00000000
2.31883001,0.00000000,0.00000000
2.34541655,0.00000000,0.00000000
2.36854792,0.00000000,0.00000000
2.39466906,0.00000000,0.00000000
2.41734028,0.00000000,0.00000000
2.44198322,0.00000000,0.00000000
2.46580839,0.00000000,0.00000000
2.49252558,0.00000000,0.00000000
2.51587009,0.00000000,0.00000000
2.54433632,0.00000000,0.00000000
2.56732178,0.00000000,0.00000000
2.59424496,0.00000000,0.00000000
2.61864996,0.00000000,0.00000000
2.64450121,0.00000000,0.00000000
2.66885042,0.00000000,0.00000000
2.69318914,0.00000000,0.00000000
2.71765852,0.00000000,0.00000000
2.74186134,0.00000000,0.00000000
2.77268410,0.00000000,0.00000000
2.79673910,0.00000000,0.00000000
2.82096338,0.00000000,0.00000000
2.84738111,0.00000000,0.00000000
2.87159300,0.00000000,0.00000000
2.89774227,0.00000000,0.00000000
2.92270708,0.00000000,0.00000000
2.94879818,0.00000000,0.00000000
2.97336388,0.00000000,0.00000000
3.00044060,0.00000000,0.00000000
3.02761650,0.00000000,0.00000000
3.05267334,0.00000000,0.00000000
3.06770182,0.00000000,0.00000000
3.08267546,0.00000000,0.00000000
3.09819460,0.00000000,0.00000000
3.11369801,0.00000000,0.00000000
3.12820387,0.00000000,0.00000000
3.14285851,0.00000000,0.00000000
3.15854502,0.00000000,0.00000000
3.17332840,0.00000000,0.00000000
3.18817997,0.00000000,0.00000000
3.20306587,0.00000000,0.00000000
3.21855307,0.00000000,0.00000000
3.23325443,0.00000000,0.00000000
3.24777079,0.00000000,0.00000000
3.26316357,0.00000000,0.00000000
3.27877045,0.00000000,0.00000000
3.29419422,0.00000000,0.00000000
3.31013250,0.00000000,0.00000000
3.32474518,0.00000000,0.00000000
3.34019995,0.00000000,0.00000000
3.35482502,0.00000000,0.00000000
3.37054253,0.00000000,0.00000000
3.38504791,0.00000000,0.00000000
3.40065956,0.00000000,0.00000000
3.41474247,0.00000000,0.00000000
3.43040943,0.00000000,0.00000000
3.44498730,0.00000000,0.00000000
3.46059084,0.00000000,0.00000000
3.47509575,0.00000000,0.00000000
3.48974276,0.00000000,0.00000000
3.50505829,0.00000000,0.00000000
3.52060747,0.00000000,0.00000000
3.53555775,0.00000000,0.00000000
3.55071783,0.00000000,0.00000000
3.56484175,0.00000000,0.00000000
3.57986498,0.00000000,0.00000000
3.59505272,0.00000000,0.00000000
3.61019087,0.00000000,0.00000000
3.62485933,0.00000000,0.00000000
3.64005375,0.00000000,0.00000000
3.65555763,0.00000000,0.00000000
3.67002487,0.00000000,0.00000000
3.68554926,0.00000000,0.00000000
3.70047474,0.00000000,0.00000000
3.71506882,0.00000000,0.00000000
3.73060751,0.00000000,0.00000000
3.74553585,0.00000000,0.00000000
3.75984430,0.00000000,0.00000000
3.77504063,0.00000000,0.00000000
3.79075718,0.00000000,0.00000000
3.80689907,0.00000000,0.00000000
3.82246208,0.00000000,0.00000000
3.83745527,0.00000000,0.00000000
3.85227489,0.00000000,0.00000000
3.86771393,0.00000000,0.00000000
3.88176203,0.00000000,0.00000000
3.89695215,0.00000000,0.00000000
3.91234827,0.00000000,0.00000000
3.92861938,0.00000000,0.00000000
3.94282818,0.00000000,0.00000000
3.95816040,0.00000000,0.00000000
3.97360992,0.00000000,0.00000000
3.98791599,0.00000000,0.00000000
4.00320721,0.00000000,0.00000000
4.01819229,0.00000000,0.00000000
4.03278780,0.00000000,0.00000000
4.04776239,0.00000000,0.00000000
4.06337070,0.00000000,0.00000000
4.07818794,0.00000000,0.00000000
4.09279919,0.00000000,0.00000000
4.10836887,0.00000000,0.00000000
4.12310743,0.00000000,0.00000000
4.13854551,0.00000000,0.00000000
4.15325546,0.00000000,0.00000000
4.16786289,0.00000000,0.00000000
4.18360806,0.00000000,0.00000000
4.19841766,0.00000000,0.00000000
4.21304226,0.00000000,0.00000000
4.22953224,0.00000000,0.00000000
4.24435043,0.00000000,0.00000000
4.25889111,0.00000000,0.00000000
4.27423763,0.00000000,0.00000000
4.28875637,0.00000000,0.00000000
4.30467987,0.00000000,0.00000000
4.31956673,0.00000000,0.00000000
4.33420324,0.00000000,0.00000000
4.34902048,0.00000000,0.00000000
4.36461449,0.00000000,0.00000000
4.37942791,0.00000000,0.00000000
4.39412928,0.00000000,0.00000000
4.40872335,0.00000000,0.00000000
4.42424297,0.00000000,0.00000000
4.43971682,0.00000000,0.00000000
4.45451641,0.00000000,0.00000000
4.46910286,0.00000000,0.00000000
4.48594236,0.00000000,0.00000000
4.50088215,0.00000000,0.00000000
4.51659107,0.00000000,0.00000000
4.53142452,0.00000000,0.00000000
4.54625893,0.00000000,0.00000000
4.56166649,0.00000000,0.00000000
4.57684851,0.00000000,0.00000000
4.59204292,0.00000000,0.00000000
4.60750294,0.00000000,0.00000000
4.62226200,0.00000000,0.00000000
4.63720894,0.00000000,0.00000000
4.65201473,0.00000000,0.00000000
4.66748571,0.00000000,0.00000000
4.68237543,0.00000000,0.00000000
4.69702864,0.00000000,0.00000000
4.71272087,0.00000000,0.00000000
4.72757149,0.00000000,0.00000000
4.74194336,0.00000000,0.00000000
4.75754023,0.00000000,0.00000000
4.77231884,0.00000000,0.00000000
4.78678846,0.00000000,0.00000000
4.80330372,0.00000000,0.00000000
4.81896925,0.00000000,0.00000000
4.83450031,0.00000000,0.00000000
4.84923267,0.00000000,0.00000000
4.86416817,0.00000000,0.00000000
4.87893867,0.00000000,0.00000000
4.89446688,0.00000000,0.00000000
4.91108036,0.00000000,0.00000000
4.92646074,0.00000000,0.00000000
4.94100666,0.00000000,0.00000000
4.95619631,0.00000000,0.00000000
4.97121525,0.00000000,0.00000000
4.98669386,0.00000000,0.00000000
5.00153971,0.00000000,0.00000000
5.01652861,0.00000000,0.00000000
5.03142452,0.00000000,0.00000000
5.04633236,0.00000000,0.00000000
5.06147385,0.00000000,0.00000000
5.07584906,0.00000000,0.00000000
5.09122562,0.00000000,0.00000000
5.10891819,0.00000000,0.00000000
5.12380505,0.00000000,0.00000000
5.13937044,0.00000000,0.00000000
5.15417624,0.00000000,0.00000000
5.16951418,0.00000000,0.00000000
5.18382311,0.00000000,0.00000000
5.19955015,0.00000000,0.00000000
5.21446371,0.00000000,0.00000000
5.22919273,0.00000000,0.00000000
5.24403238,0.00000000,0.00000000
5.25971079,0.00000000,0.00000000
5.27408934,0.00000000,0.00000000
5.28974819,0.00000000,0.00000000
5.30478477,0.00000000,0.00000000
5.31978035,0.00000000,0.00000000
5.33540726,0.00000000,0.00000000
5.35008001,0.00000000,0.00000000
5.36647367,0.00000000,0.00000000
5.38095617,0.00000000,0.00000000
5.39674950,0.00000000,0.00000000
5.41233540,0.00000000,0.00000000
5.42679691,0.00000000,0.00000000
5.44237614,0.00000000,0.00000000
5.45813608,0.00000000,0.00000000
5.47272539,0.00000000,0.00000000
5.48809433,0.00000000,0.00000000
5.50342894,0.00000000,0.00000000
5.51927710,0.00000000,0.00000000
5.53429842,0.00000000,0.00000000
5.54938316,0.00000000,0.00000000
5.56401634,0.00000000,0.00000000
5.57969427,0.00000000,0.00000000
5.59428263,0.00000000,0.00000000
5.60875702,0.00000000,0.00000000
5.62469006,0.00000000,0.00000000
5.63988924,0.00000000,0.00000000
5.65537882,0.00000000,0.00000000
5.67028141,0.00000000,0.00000000
5.68535852,0.00000000,0.00000000
5.70059299,0.00000000,0.00000000
5.71506643,0.00000000,0.00000000
5.73061371,0.00000000,0.00000000
5.74541616,0.00000000,0.00000000
5.76128292,0.00000000,0.00000000
5.77579212,0.00000000,0.00000000
5.79157639,0.00000000,0.00000000
5.80598164,0.00000000,0.00000000
5.82081127,0.00000000,0.00000000
5.83586931,0.00000000,0.00000000
5.85097218,0.00000000,0.00000000
5.86592007,0.00000000,0.00000000
5.88082075,0.00000000,0.00000000
5.89600277,0.00000000,0.00000000
5.91173840,0.00000000,0.00000000
5.92873621,0.00000000,0.00000000
5.94453239,0.00000000,0.00000000
5.95876980,0.00000000,0.00000000
5.97523355,0.00000000,0.00000000
5.99112892,0.00000000,0.00000000
6.00592041,0.00000000,0.00000000
6.02267742,0.00000000,0.00000000
6.03740120,0.00000000,0.00000000
6.05214977,0.00000000,0.00000000
6.06685972,0.00000000,0.00000000
6.08246088,0.00000000,0.00000000
6.09680986,0.00000000,0.00000000
6.11300373,0.00000000,0.00000000
6.12790728,0.00000000,0.00000000
6.14332676,0.00000000,0.00000000
6.15862274,0.00000000,0.00000000
6.17345858,0.00000000,0.00000000
6.18810177,0.00000000,0.00000000
6.20354509,0.00000000,0.00000000
6.21836233,0.00000000,0.00000000
6.23302603,0.00000000,0.00000000
6.24875879,0.00000000,0.00000000
6.26475286,0.00000000,0.00000000
6.28116417,0.00000000,0.00000000
6.29598045,0.00000000,0.00000000
6.31138372,0.00000000,0.00000000
6.32588243,0.00000000,0.00000000
6.34160280,0.00000000,0.00000000
6.35625553,0.00000000,0.00000000
6.37075853,0.00000000,0.00000000
6.38637304,0.00000000,0.00000000
6.40118742,0.00000000,0.00000000
6.41587782,0.00000000,0.00000000
6.43149233,0.00000000,0.00000000
6.44606352,0.00000000,0.00000000
6.46093845,0.00000000,0.00000000
6.47593975,0.00000000,0.00000000
6.49263239,0.00000000,0.00000000
6.50747871,0.00000000,0.00000000
6.52231979,0.00000000,0.00000000
6.53774691,0.00000000,0.00000000
6.55332279,0.00000000,0.00000000
6.56793737,0.00000000,0.00000000
6.58374023,0.00000000,0.00000000
6.59910774,0.00000000,0.00000000
6.61469841,0.00000000,0.00000000
6.62945986,0.00000000,0.00000000
6.64464092,0.00000000,0.00000000
6.65891552,0.00000000,0.00000000
6.67441702,0.00000000,0.00000000
6.68932962,0.00000000,0.00000000
6.70397806,0.00000000,0.00000000
6.71909571,0.00000000,0.00000000
6.73566532,0.00000000,0.00000000
6.75169945,0.00000000,0.00000000
6.76665545,0.00000000,0.00000000
6.78124428,0.00000000,0.00000000
6.79580832,0.00000000,0.00000000
6.81126738,0.00000000,0.00000000
6.82670403,0.00000000,0.00000000
6.84119225,0.00000000,0.00000000
6.85667706,0.00000000,0.00000000
6.87084341,0.00000000,0.00000000
6.88646030,0.00000000,0.00000000
6.90106726,0.00000000,0.00000000
6.91607332,0.00000000,0.00000000
6.93166447,0.00000000,0.00000000
6.94617271,0.00000000,0.00000000
6.96175766,0.00000000,0.00000000
6.97674894,0.00000000,0.00000000
6.99366570,0.00000000,0.00000000
7.00815821,0.00000000,0.00000000
7.02314806,0.00000000,0.00000000
7.03844881,0.00000000,0.00000000
7.05306625,0.00000000,0.00000000
7.06882334,0.00000000,0.00000000
7.08476448,0.00000000,0.00000000
7.10031843,0.00000000,0.00000000
7.11538172,0.00000000,0.00000000
7.13016176,0.00000000,0.00000000
7.14515114,0.00000000,0.00000000
7.16032219,0.00000000,0.00000000
7.17476988,0.00000000,0.00000000
7.19023037,0.00000000,0.00000000
7.20474005,0.00000000,0.00000000
7.22020149,0.00000000,0.00000000
7.23532772,0.00000000,0.00000000
7.24980879,0.00000000,0.00000000
7.26480627,0.00000000,0.00000000
7.28059244,0.00000000,0.00000000
7.29513693,0.00000000,0.00000000
7.30978680,0.00000000,0.00000000
7.32659054,0.00000000,0.00000000
7.34164333,0.00000000,0.00000000
7.35634327,0.00000000,0.00000000
7.37096357,0.00000000,0.00000000
7.38595152,0.00000000,0.00000000
7.40140104,0.00000000,0.00000000
7.41588926,0.00000000,0.00000000
7.43137789,0.00000000,0.00000000
7.44646263,0.00000000,0.00000000
7.46106243,0.00000000,0.00000000
7.47639084,0.00000000,0.00000000
7.49083376,0.00000000,0.00000000
7.50625753,0.00000000,0.00000000
7.52134132,0.00000000,0.00000000
7.53576994,0.00000000,0.00000000
7.55143118,0.00000000,0.00000000
7.56586504,0.00000000,0.00000000
7.58136320,0.00000000,0.00000000
7.59639359,0.00000000,0.00000000
7.61103296,0.00000000,0.00000000
7.62575293,0.00000000,0.00000000
7.64140511,0.00000000,0.00000000
7.65723133,0.00000000,0.00000000
7.67219591,0.00000000,0.00000000
7.68795681,0.00000000,0.00000000
7.70371342,0.00000000,0.00000000
7.71845770,0.00000000,0.00000000
7.73311090,0.00000000,0.00000000
7.74778318,0.00000000,0.00000000
7.76335382,0.00000000,0.00000000
7.77836180,0.00000000,0.00000000
7.79398203,0.00000000,0.00000000
7.80919218,0.00000000,0.00000000
7.82466602,0.00000000,0.00000000
7.83904219,0.00000000,0.00000000
7.85481358,0.00000000,0.00000000
7.87048054,0.00000000,0.00000000
7.88533688,0.00000000,0.00000000
7.90067387,0.00000000,0.00000000
7.91507292,0.00000000,0.00000000
7.93072748,0.00000000,0.00000000
7.94614267,0.00000000,0.00000000
7.96175528,0.00000000,0.00000000
7.97732878,0.00000000,0.00000000
7.99188089,0.00000000,0.00000000
8.00775051,0.00000000,0.00000000
8.02349567,0.00000000,0.00000000
8.03958178,0.00000000,0.00000000
8.05402184,0.00000000,0.00000000
8.06877804,0.00000000,0.00000000
8.08456039,0.00000000,0.00000000
8.10052538,0.00000000,0.00000000
8.11783552,0.00000000,0.00000000
8.13361073,0.00000000,0.00000000
8.14798737,0.00000000,0.00000000
8.16447926,0.00000000,0.00000000
8.18038130,0.00000000,0.00000000
8.19508457,0.00000000,0.00000000
8.21043873,0.00000000,0.00000000
8.22651005,0.00000000,0.00000000
8.24119568,0.00000000,0.00000000
8.25578356,0.00000000,0.00000000
8.27165556,0.00000000,0.00000000
8.28648281,0.00000000,0.00000000
8.30151176,0.00000000,0.00000000
8.31641245,0.00000000,0.00000000
8.33188772,0.00000000,0.00000000
8.34777403,0.00000000,0.00000000
8.36295748,0.00000000,0.00000000
8.37867546,0.00000000,0.00000000
8.39422035,0.00000000,0.00000000
8.40988111,0.00000000,0.00000000
8.42518568,0.00000000,0.00000000
8.44066477,0.00000000,0.00000000
8.45684576,0.00000000,0.00000000
8.47240448,0.00000000,0.00000000
8.48693943,0.00000000,0.00000000
8.50278044,0.00000000,0.00000000
8.51860952,0.00000000,0.00000000
8.53293896,8000.00000000,0.00000000
8.54945850,8000.00000000,0.00000000
8.56383276,8000.00000000,0.00000000
8.58093643,8000.00000000,0.00000000
8.59582520,8000.00000000,0.00000000
8.61079741,8000.00000000,0.00000000
8.62651873,8000.00000000,0.00000000
8.64256620,8000.00000000,0.00000000
8.65686941,8000.00000000,0.00000000
8.67186689,8000.00000000,0.00000000
8.68795633,8000.00000000,0.00000000
8.70363474,8000.00000000,0.00000000
8.71919107,8000.00000000,0.00000000
8.74834681,8000.00000000,0.00000000
8.76316214,8000.00000000,0.00000000
8.77860212,8000.00000000,0.00000000
8.79332829,8000.00000000,0.00000000
8.80792141,8000.00000000,0.00000000
8.82367706,8000.00000000,0.00000000
8.83794069,8000.00000000,0.00000000
8.85359001,8000.00000000,0.00000000
8.86864233,8000.00000000,0.00000000
8.88366508,8000.00000000,0.00000000
8.89805269,8000.00000000,0.00000000
8.91480017,8000.00000000,0.00000000
8.93015909,8000.00000000,0.00000000
8.94527149,8000.00000000,0.00000000
8.95985270,8000.00000000,0.00000000
8.97589064,8000.00000000,0.00000000
8.99087477,8000.00000000,0.00000000
9.00584316,8000.00000000,0.00000000
9.02158499,8000.00000000,0.00000000
9.03673887,8000.00000000,0.00000000
9.05245066,8000.00000000,0.00000000
9.06704760,8000.00000000,0.00000000
9.08270597,8000.00000000,0.00000000
9.10472202,8000.00000000,0.00000000
9.12073565,8000.00000000,0.00000000
9.13664913,8000.00000000,0.00000000
9.15243816,8000.00000000,0.00000000
9.16697693,8000.00000000,0.00000000
9.18265438,8000.00000000,0.00000000
9.19998503,8000.00000000,0.00000000
9.21497488,8000.00000000,0.00000000
9.23073864,8000.00000000,0.00000000
9.24689102,8000.00000000,0.00000000
9.26282120,8000.00000000,0.00000000
9.27977896,8000.00000000,0.00000000
9.29535341,8000.00000000,0.00000000
9.30994081,8000.00000000,0.00000000
9.32532120,8000.00000000,0.00000000
9.34118700,8000.00000000,0.00000000
9.35634947,8000.00000000,0.00000000
9.37120962,8000.00000000,0.00000000
9.38584423,8000.00000000,0.00000000
9.40152597,8000.00000000,0.00000000
9.41608763,8000.00000000,0.00000000
9.43169498,8000.00000000,0.00000000
9.44631433,8000.00000000,0.00000000
9.46083498,8000.00000000,0.00000000
9.47626448,8000.00000000,0.00000000
9.49074984,8000.00000000,0.00000000
9.50656700,8000.00000000,0.00000000
9.52163696,8000.00000000,0.00000000
9.53589916,8000.00000000,0.00000000
9.55117464,8000.00000000,0.00000000
9.56578779,8000.00000000,0.00000000
9.58101463,8000.00000000,0.00000000
9.59625816,8000.00000000,0.00000000
9.61073256,8000.00000000,0.00000000
9.62618065,8000.00000000,0.00000000
9.64162445,8000.00000000,0.00000000
9.65610695,8000.00000000,0.00000000
9.67114544,8000.00000000,0.00000000
9.68638849,8000.00000000,0.00000000
9.70130539,8000.00000000,0.00000000
9.71641016,8000.00000000,0.00000000
9.73100662,8000.00000000,0.00000000
9.74651814,8000.00000000,0.00000000
9.76110649,8000.00000000,0.00000000
9.77649355,8000.00000000,0.00000000
9.79076815,8000.00000000,0.00000000
9.80585575,8000.00000000,0.00000000
9.82159662,8000.00000000,0.00000000
9.83616257,8000.00000000,0.00000000
9.85095787,8000.00000000,0.00000000
9.86630297,8000.00000000,0.00000000
9.88157558,8000.00000000,0.00000000
9.89589357,8000.00000000,0.00000000
9.91150665,8000.00000000,0.00000000
9.92584515,8000.00000000,0.00000000
9.94167852,8000.00000000,0.00000000
9.95575857,8000.00000000,0.00000000
9.97145510,8000.00000000,0.00000000
9.98651648,8000.00000000,0.00000000
10.00082445,8000.00000000,0.00000000
10.01623297,8000.00000000,0.00000000
10.03178978,8000.00000000,0.00000000
10.04736519,8000.00000000,0.00000000
10.06191444,8000.00000000,0.00000000
10.07763481,8000.00000000,0.00000000
10.09236860,8000.00000000,0.00000000
10.10696650,8000.00000000,0.00000000
10.12255383,8000.00000000,0.00000000
10.13761806,8000.00000000,0.00000000
10.15209532,8000.00000000,0.00000000
10.16762543,8000.00000000,0.00000000
10.18182611,8000.00000000,0.00000000
10.19716358,8000.00000000,0.00000000
10.21338987,8000.00000000,0.00000000
10.22806501,8000.00000000,0.00000000
10.24287987,8000.00000000,0.00000000
10.25842047,8000.00000000,0.00000000
10.27344322,8000.00000000,0.00000000
10.28880882,8000.00000000,0.00000000
10.30455256,8000.00000000,0.00000000
10.31901741,8000.00000000,0.00000000
10.33462095,8000.00000000,0.00000000
10.34922791,8000.00000000,0.00000000
10.36465931,8000.00000000,0.00000000
10.37939119,8000.00000000,0.00000000
10.39403248,8000.00000000,0.00000000
10.40972185,8000.00000000,0.00000000
10.42396593,8000.00000000,0.00000000
10.43943834,8000.00000000,0.00000000
10.45408869,8000.00000000,0.00000000
10.46975279,8000.00000000,0.00000000
10.48544693,8000.00000000,0.00000000
10.50026989,8000.00000000,0.00000000
10.51479244,8000.00000000,0.00000000
10.53042221,8000.00000000,0.00000000
10.54508591,8000.00000000,0.00000000
10.56066132,8000.00000000,0.00000000
10.57481050,8000.00000000,0.00000000
10.59058475,8000.00000000,0.00000000
10.60525656,8000.00000000,0.00000000
10.62023163,8000.00000000,0.00000000
10.63473988,8000.00000000,0.00000000
10.65028524,8000.00000000,0.00000000
10.66525698,8000.00000000,0.00000000
10.68114090,8000.00000000,0.00000000
10.69577408,8000.00000000,0.00000000
10.71127796,8000.00000000,0.00000000
10.72701931,8000.00000000,0.00000000
10.74242830,8000.00000000,0.00000000
10.75774765,8000.00000000,0.00000000
10.77298260,8000.00000000,0.00000000
10.78857708,8000.00000000,0.00000000
10.80309582,8000.00000000,0.00000000
10.81857443,8000.00000000,0.00000000
10.83293676,8000.00000000,0.00000000
10.84871578,8000.00000000,0.00000000
10.86310101,8000.00000000,0.00000000
10.87840033,8000.00000000,0.00000000
10.89296103,8000.00000000,0.00000000
10.90847588,8000.00000000,0.00000000
10.92521095,8000.00000000,0.00000000
10.94081306,8000.00000000,0.00000000
10.95578432,8000.00000000,0.00000000
10.97151804,8000.00000000,0.00000000
10.98615408,8000.00000000,0.00000000
11.00096941,8000.00000000,0.00000000
11.01606512,8000.00000000,0.00000000
11.03164434,8000.00000000,0.00000000
11.04626131,8000.00000000,0.00000000
11.06081152,8000.00000000,0.00000000
11.07638216,8000.00000000,0.00000000
11.09167671,8000.00000000,0.00000000
11.11280537,8000.00000000,0.00000000
11.12861395,8000.00000000,0.00000000
11.14398813,8000.00000000,0.00000000
11.15934992,8000.00000000,0.00000000
11.17440891,8000.00000000,0.00000000
11.18920898,8000.00000000,0.00000000
11.20549154,8000.00000000,0.00000000
11.22006702,8000.00000000,0.00000000
11.23521233,8000.00000000,0.00000000
11.25058985,8000.00000000,0.00000000
11.26554060,8000.00000000,0.00000000
11.27980900,8000.00000000,0.00000000
11.29544973,8000.00000000,0.00000000
11.31077671,8000.00000000,0.00000000
11.32653809,8000.00000000,0.00000000
11.34136724,8000.00000000,0.00000000
11.35588217,8000.00000000,0.00000000
11.37175035,8000.00000000,0.00000000
11.38711119,8000.00000000,0.00000000
11.40196991,8000.00000000,0.00000000
11.41709566,8000.00000000,0.00000000
11.43228245,8000.00000000,0.00000000
11.44762373,8000.00000000,0.00000000
11.46258402,8000.00000000,0.00000000
11.47782421,8000.00000000,0.00000000
11.49346924,8000.00000000,0.00000000
11.50804663,8000.00000000,0.00000000
11.52273750,8000.00000000,0.00000000
11.53837872,8000.00000000,0.00000000
11.55313969,8000.00000000,0.00000000
11.56870747,8000.00000000,0.00000000
11.58366585,8000.00000000,0.00000000
11.59830713,8000.00000000,0.00000000
11.61378717,8000.00000000,0.00000000
11.63031292,8000.00000000,0.00000000
11.64514208,8000.00000000,0.00000000
11.66084242,8000.00000000,0.00000000
11.67645025,8000.00000000,0.00000000
11.69136477,8000.00000000,0.00000000
11.70757818,8000.00000000,0.00000000
11.72266483,8000.00000000,0.00000000
11.73726320,8000.00000000,0.00000000
11.75193453,8000.00000000,0.00000000
11.76770020,8000.00000000,0.00000000
11.78195286,8000.00000000,0.00000000
11.79728222,8000.00000000,0.00000000
11.81181288,8000.00000000,0.00000000
11.82741976,8000.00000000,0.00000000
11.84306145,8000.00000000,0.00000000
11.85803843,8000.00000000,0.00000000
11.87345123,8000.00000000,0.00000000
11.88815022,8000.00000000,0.00000000
11.90326262,8000.00000000,0.00000000
11.91835451,8000.00000000,0.00000000
11.93371630,8000.00000000,0.00000000
11.94848204,8000.00000000,0.00000000
11.96339655,8000.00000000,0.00000000
11.97974491,8000.00000000,0.00000000
11.99405670,8000.00000000,0.00000000
12.00970364,8000.00000000,0.00000000
12.02439165,8000.00000000,0.00000000
12.03950071,8000.00000000,0.00000000
12.05440855,8000.00000000,0.00000000
12.06893730,8000.00000000,0.00000000
12.08486986,8000.00000000,0.00000000
12.10069656,8000.00000000,0.00000000
12.11476135,8000.00000000,0.00000000
12.13042021,8000.00000000,0.00000000
12.14507723,8000.00000000,0.00000000
12.16027308,8000.00000000,0.00000000
12.17553329,8000.00000000,0.00000000
12.19019413,8000.00000000,0.00000000
12.20514488,8000.00000000,0.00000000
12.22050762,8000.00000000,0.00000000
12.23703718,8000.00000000,0.00000000
12.25174904,8000.00000000,0.00000000
12.26674271,8000.00000000,0.00000000
12.28224707,8000.00000000,0.00000000
12.29692793,8000.00000000,0.00000000
12.31209326,8000.00000000,0.00000000
12.32765913,8000.00000000,0.00000000
12.34190035,8000.00000000,0.00000000
12.35762310,8000.00000000,0.00000000
12.37275648,8000.00000000,0.00000000
12.38862467,8000.00000000,0.00000000
12.40284061,8000.00000000,0.00000000
12.41793537,8000.00000000,0.00000000
12.43351936,8000.00000000,0.00000000
12.44831848,8000.00000000,0.00000000
12.46444225,8000.00000000,0.00000000
12.47882223,8000.00000000,0.00000000
12.49511290,8000.00000000,0.00000000
12.51071978,8000.00000000,0.00000000
12.52519894,8000.00000000,0.00000000
12.53974867,8000.00000000,0.00000000
12.55601120,8000.00000000,0.00000000
12.57148170,8000.00000000,0.00000000
12.58611822,8000.00000000,0.00000000
12.60103846,8000.00000000,0.00000000
12.61589479,8000.00000000,0.00000000
12.63189888,8000.00000000,0.00000000
12.64694786,8000.00000000,0.00000000
12.66223860,8000.00000000,0.00000000
12.67679024,8000.00000000,0.00000000
12.69201708,8000.00000000,0.00000000
12.70721197,8000.00000000,0.00000000
12.72250509,8000.00000000,0.00000000
12.73792648,8000.00000000,0.00000000
12.75369358,8000.00000000,0.00000000
12.76915884,8000.00000000,0.00000000
12.78396749,8000.00000000,0.00000000
12.79899311,8000.00000000,0.00000000
12.81396151,8000.00000000,0.00000000
12.83063889,8000.00000000,0.00000000
12.84498167,8000.00000000,0.00000000
12.86080027,8000.00000000,0.00000000
12.87735701,8000.00000000,0.00000000
12.89211178,8000.00000000,0.00000000
12.91203165,8000.00000000,0.00000000
12.92701387,8000.00000000,0.00000000
12.94350767,8000.00000000,0.00000000
12.95774841,8000.00000000,0.00000000
12.97324753,8000.00000000,0.00000000
12.98797464,8000.00000000,0.00000000
13.00283337,8000.00000000,0.00000000
13.01873541,8000.00000000,0.00000000
13.03298235,8000.00000000,0.00000000
13.04827738,8000.00000000,0.00000000
13.06563139,8000.00000000,0.00000000
13.07980251,8000.00000000,0.00000000
13.09593058,8000.00000000,0.00000000
13.11278820,8000.00000000,0.00000000
13.12852812,8000.00000000,0.00000000
13.14403677,8000.00000000,0.00000000
13.16102123,8000.00000000,0.00000000
13.17612410,8000.00000000,0.00000000
13.19108295,8000.00000000,0.00000000
13.20681715,8000.00000000,0.00000000
13.22178364,8000.00000000,0.00000000
13.23727894,8000.00000000,0.00000000
13.25283623,8000.00000000,0.00000000
13.26784086,8000.00000000,0.00000000
13.29714584,8000.00000000,0.00000000
13.31392002,8000.00000000,0.00000000
13.33190536,8000.00000000,0.00000000
13.34693241,8000.00000000,0.00000000
13.36254883,8000.00000000,0.00000000
13.37845230,8000.00000000,0.00000000
13.39442396,8000.00000000,0.00000000
13.41015244,8000.00000000,0.00000000
13.42669153,8000.00000000,0.00000000
13.44204903,8000.00000000,0.00000000
13.45772839,8000.00000000,0.00000000
13.47300673,8000.00000000,0.00000000
13.48836851,8000.00000000,0.00000000
13.50330591,8000.00000000,0.00000000
13.51785374,8000.00000000,0.00000000
13.54770136,8000.00000000,0.00000000
13.56187296,8000.00000000,0.00000000
13.57820702,8000.00000000,0.00000000
13.59352207,8000.00000000,0.00000000
13.60774565,8000.00000000,0.00000000
13.62438107,8000.00000000,0.00000000
13.63940907,8000.00000000,0.00000000
13.65470171,8000.00000000,0.00000000
13.66946125,8000.00000000,0.00000000
13.68490696,8000.00000000,0.00000000
13.69981766,8000.00000000,0.00000000
13.71564531,8000.00000000,0.00000000
13.73061848,8000.00000000,0.00000000
13.74502277,8000.00000000,0.00000000
13.76181936,8000.00000000,0.00000000
13.77764511,8000.00000000,0.00000000
13.79322767,8000.00000000,0.00000000
13.80923557,8000.00000000,0.00000000
13.82405806,8000.00000000,0.00000000
13.83903074,8000.00000000,0.00000000
13.85464239,8000.00000000,0.00000000
13.86994600,8000.00000000,0.00000000
13.88553858,8000.00000000,0.00000000
13.90093279,8000.00000000,0.00000000
13.91599178,8000.00000000,0.00000000
13.93157673,8000.00000000,0.00000000
13.94776630,8000.00000000,0.00000000
13.96333027,8000.00000000,0.00000000
13.97804928,8000.00000000,0.00000000
13.99365377,8000.00000000,0.00000000
14.00984097,8000.00000000,0.00000000
14.02686262,8000.00000000,0.00000000
14.04219151,8000.00000000,0.00000000
14.05750561,8000.00000000,0.00000000
14.07252932,8000.00000000,0.00000000
14.09030056,8000.00000000,0.00000000
14.10651731,8000.00000000,0.00000000
14.12210178,8000.00000000,0.00000000
14.13775682,8000.00000000,0.00000000
14.15373087,8000.00000000,0.00000000
0.00000000,0.00000000,0.00000000
0.02108240,0.00000000,0.00000000
0.05511141,0.00000000,0.00000000
0.08389807,0.00000000,0.00000000
0.10049295,0.00000000,0.00000000
0.11722326,0.00000000,0.00000000
0.13339424,0.00000000,0.00000000
0.14891052,0.00000000,0.00000000
0.16594839,0.00000000,0.00000000
0.18152809,0.00000000,0.00000000
0.19687891,0.00000000,0.00000000
0.21345520,0.00000000,0.00000000
0.22894335,0.00000000,0.00000000
0.24553776,0.00000000,0.00000000
0.26188469,0.00000000,0.00000000
0.27736044,0.00000000,0.00000000
0.29286242,0.00000000,0.00000000
0.30850935,0.00000000,0.00000000
0.32529449,0.00000000,0.00000000
0.34091997,0.00000000,0.00000000
0.35758924,0.00000000,0.00000000
0.37267065,0.00000000,0.00000000
0.38921165,0.00000000,0.00000000
0.40410995,0.00000000,0.00000000
0.42026949,0.00000000,0.00000000
0.43626785,0.00000000,0.00000000
0.45294857,0.00000000,0.00000000
0.46885252,0.00000000,0.00000000
0.48449278,0.00000000,0.00000000
0.50103855,0.00000000,0.00000000
0.51724243,0.00000000,0.00000000
0.53253841,0.00000000,0.00000000
0.55049849,0.00000000,0.00000000
0.56595135,0.00000000,0.00000000
0.58197021,0.00000000,0.00000000
0.59690666,0.00000000,0.00000000
0.61469984,0.00000000,0.00000000
0.62930679,0.00000000,0.00000000
0.64559460,0.00000000,0.00000000
0.66169214,0.00000000,0.00000000
0.67735195,0.00000000,0.00000000
0.69276667,0.00000000,0.00000000
0.70904398,0.00000000,0.00000000
0.72490692,0.00000000,0.00000000
0.74101067,0.00000000,0.00000000
0.75716734,0.00000000,0.00000000
0.77254725,0.00000000,0.00000000
0.78881645,0.00000000,0.00000000
0.80447626,0.00000000,0.00000000
0.82153416,0.00000000,0.00000000
0.83705187,0.00000000,0.00000000
0.85307407,0.00000000,0.00000000
0.86864948,0.00000000,0.00000000
0.88469505,0.00000000,0.00000000
0.90082359,0.00000000,0.00000000
0.91722298,0.00000000,0.00000000
0.93341208,0.00000000,0.00000000
0.94876099,0.00000000,0.00000000
0.96451187,0.00000000,0.00000000
0.98061657,0.00000000,0.00000000
0.99677896,0.00000000,0.00000000
1.01361942,0.00000000,0.00000000
1.02935266,0.00000000,0.00000000
1.04507303,0.00000000,0.00000000
1.06203556,0.00000000,0.00000000
1.07798147,0.00000000,0.00000000
1.09361172,0.00000000,0.00000000
1.10897923,0.00000000,0.00000000
1.12457323,0.00000000,0.00000000
1.14070034,0.00000000,0.00000000
1.15695906,0.00000000,0.00000000
1.17294979,0.00000000,0.00000000
1.18934917,0.00000000,0.00000000
1.20498943,0.00000000,0.00000000
1.22075081,0.00000000,0.00000000
1.23707724,0.00000000,0.00000000
1.25315189,0.00000000,0.00000000
1.26866293,0.00000000,0.00000000
1.28469801,0.00000000,0.00000000
1.30082226,0.00000000,0.00000000
1.31677628,0.00000000,0.00000000
1.34588671,0.00000000,0.00000000
1.36500216,0.00000000,0.00000000
1.38682652,0.00000000,0.00000000
1.40203333,0.00000000,0.00000000
1.41697645,0.00000000,0.00000000
1.43295527,0.00000000,0.00000000
1.44856405,0.00000000,0.00000000
1.46430254,0.00000000,0.00000000
1.48009443,0.00000000,0.00000000
1.49562740,0.00000000,0.00000000
1.51131248,0.00000000,0.00000000
1.52601242,0.00000000,0.00000000
1.54128313,0.00000000,0.00000000
1.55713987,0.00000000,0.00000000
1.57332373,0.00000000,0.00000000
1.58982515,0.00000000,0.00000000
1.60436773,0.00000000,0.00000000
1.62108850,0.00000000,0.00000000
1.63707685,0.00000000,0.00000000
1.65310812,0.00000000,0.00000000
1.66878223,0.00000000,0.00000000
1.68518209,0.00000000,0.00000000
1.70083523,0.00000000,0.00000000
1.71664095,0.00000000,0.00000000
1.73282242,0.00000000,0.00000000
1.74958515,0.00000000,0.00000000
1.76533699,0.00000000,0.00000000
1.78073454,0.00000000,0.00000000
1.79686451,0.00000000,0.00000000
1.81287003,0.00000000,0.00000000
1.82924843,0.00000000,0.00000000
1.84566545,0.00000000,0.00000000
1.86170101,0.00000000,0.00000000
1.87721920,0.00000000,0.00000000
1.89526510,0.00000000,0.00000000
1.91022921,0.00000000,0.00000000
1.92548370,0.00000000,0.00000000
1.94098330,0.00000000,0.00000000
1.95670080,0.00000000,0.00000000
1.97292376,0.00000000,0.00000000
1.98835707,0.00000000,0.00000000
2.00483990,0.00000000,0.00000000
2.02141237,0.00000000,0.00000000
2.03759909,0.00000000,0.00000000
2.05218601,0.00000000,0.00000000
2.06876326,0.00000000,0.00000000
2.08448792,0.00000000,0.00000000
2.10114574,0.00000000,0.00000000
2.11637783,0.00000000,0.00000000
2.13311386,0.00000000,0.00000000
2.14978123,0.00000000,0.00000000
2.16520977,0.00000000,0.00000000
2.18179369,0.00000000,0.00000000
2.19743729,0.00000000,0.00000000
2.21344852,0.00000000,0.00000000
2.22901964,0.00000000,0.00000000
2.24424791,0.00000000,0.00000000
2.26209116,0.00000000,0.00000000
2.27708578,0.00000000,0.00000000
2.29278135,0.00000000,0.00000000
2.30872011,0.00000000,0.00000000
2.32488966,0.00000000,0.00000000
2.34057379,0.00000000,0.00000000
2.35702419,0.00000000,0.00000000
2.37372971,0.00000000,0.00000000
2.38921928,0.00000000,0.00000000
2.40486002,0.00000000,0.00000000
2.42049932,0.00000000,0.00000000
2.43695593,0.00000000,0.00000000
2.45307684,0.00000000,0.00000000
2.46919537,0.00000000,0.00000000
2.48495483,0.00000000,0.00000000
2.50107765,0.00000000,0.00000000
2.51703167,0.00000000,0.00000000
2.53248119,0.00000000,0.00000000
2.54907656,0.00000000,0.00000000
2.56535101,0.00000000,0.00000000
2.58136892,0.00000000,0.00000000
2.59723282,0.00000000,0.00000000
2.61475515,0.00000000,0.00000000
2.62984610,0.00000000,0.00000000
2.64550304,0.00000000,0.00000000
2.66130400,0.00000000,0.00000000
2.67703295,0.00000000,0.00000000
2.69338322,0.00000000,0.00000000
2.70921135,0.00000000,0.00000000
2.72503710,0.00000000,0.00000000
2.74092054,0.00000000,0.00000000
2.75652456,0.00000000,0.00000000
2.77307606,0.00000000,0.00000000
2.78890944,0.00000000,0.00000000
2.80475712,0.00000000,0.00000000
2.82040787,0.00000000,0.00000000
2.83738613,0.00000000,0.00000000
2.85310841,0.00000000,0.00000000
2.86920977,0.00000000,0.00000000
2.88480997,0.00000000,0.00000000
2.90082788,0.00000000,0.00000000
2.91677999,0.00000000,0.00000000
2.93272305,0.00000000,0.00000000
2.94816732,0.00000000,0.00000000
2.96486378,0.00000000,0.00000000
2.98116589,0.00000000,0.00000000
2.99749136,0.00000000,0.00000000
3.01326275,0.00000000,0.00000000
3.02857637,0.00000000,0.00000000
3.04516840,0.00000000,0.00000000
3.06170416,0.00000000,0.00000000
3.07732868,0.00000000,0.00000000
3.09289074,0.00000000,0.00000000
3.10933018,0.00000000,0.00000000
3.12582922,0.00000000,0.00000000
3.14053297,0.00000000,0.00000000
3.15662193,0.00000000,0.00000000
3.17334366,0.00000000,0.00000000
3.18912411,0.00000000,0.00000000
3.20503473,0.00000000,0.00000000
3.22058487,0.00000000,0.00000000
3.23703241,0.00000000,0.00000000
3.25356913,0.00000000,0.00000000
3.26901817,0.00000000,0.00000000
3.28529692,0.00000000,0.00000000
3.30103397,0.00000000,0.00000000
3.31737137,0.00000000,0.00000000
3.33277893,0.00000000,0.00000000
3.34855556,0.00000000,0.00000000
3.36512470,0.00000000,0.00000000
3.38147783,0.00000000,0.00000000
3.39674854,0.00000000,0.00000000
3.41233873,0.00000000,0.00000000
3.42923403,0.00000000,0.00000000
3.44490957,0.00000000,0.00000000
3.46076775,0.00000000,0.00000000
3.47740269,0.00000000,0.00000000
3.49246120,0.00000000,0.00000000
3.50905085,0.00000000,0.00000000
3.52507782,0.00000000,0.00000000
3.54083252,0.00000000,0.00000000
3.55649424,0.00000000,0.00000000
3.57263327,0.00000000,0.00000000
3.58985090,0.00000000,0.00000000
3.60507536,0.00000000,0.00000000
3.62114382,0.00000000,0.00000000
3.63712263,0.00000000,0.00000000
3.65384102,0.00000000,0.00000000
3.67009735,0.00000000,0.00000000
3.68547678,0.00000000,0.00000000
3.70137167,0.00000000,0.00000000
3.71678066,0.00000000,0.00000000
3.73333216,0.00000000,0.00000000
3.74894142,0.00000000,0.00000000
3.76496124,0.00000000,0.00000000
3.78122520,0.00000000,0.00000000
3.79680824,0.00000000,0.00000000
3.81347752,0.00000000,0.00000000
3.82961273,0.00000000,0.00000000
3.84523773,0.00000000,0.00000000
3.86154747,0.00000000,0.00000000
3.87711716,0.00000000,0.00000000
3.89363337,0.00000000,0.00000000
3.90967321,0.00000000,0.00000000
3.92494917,0.00000000,0.00000000
3.94055128,0.00000000,0.00000000
3.95727015,0.00000000,0.00000000
3.97250700,0.00000000,0.00000000
3.98860121,0.00000000,0.00000000
4.00497818,0.00000000,0.00000000
4.02063465,0.00000000,0.00000000
4.03717089,0.00000000,0.00000000
4.05319500,0.00000000,0.00000000
4.06866693,0.00000000,0.00000000
4.08514977,0.00000000,0.00000000
4.10053110,0.00000000,0.00000000
4.11688471,0.00000000,0.00000000
4.13251686,0.00000000,0.00000000
4.14894199,0.00000000,0.00000000
4.16543198,0.00000000,0.00000000
4.18119431,0.00000000,0.00000000
4.19709635,0.00000000,0.00000000
4.22001457,0.00000000,0.00000000
4.24537992,0.00000000,0.00000000
4.26952410,0.00000000,0.00000000
4.29299927,0.00000000,0.00000000
4.31850338,0.00000000,0.00000000
4.34109163,0.00000000,0.00000000
4.36602783,0.00000000,0.00000000
4.38919687,0.00000000,0.00000000
4.40457439,0.00000000,0.00000000
4.42188263,0.00000000,0.00000000
4.43806553,0.00000000,0.00000000
4.45392084,0.00000000,0.00000000
4.47034740,0.00000000,0.00000000
4.48654079,0.00000000,0.00000000
4.50296974,0.00000000,0.00000000
4.52374220,0.00000000,0.00000000
4.53896570,0.00000000,0.00000000
4.55641413,0.00000000,0.00000000
4.58098412,0.00000000,0.00000000
4.59818697,0.00000000,0.00000000
4.61309528,0.00000000,0.00000000
4.62888384,0.00000000,0.00000000
4.64684486,0.00000000,0.00000000
4.66269445,0.00000000,0.00000000
4.67713690,0.00000000,0.00000000
4.69296074,0.00000000,0.00000000
4.70981216,0.00000000,0.00000000
4.72536469,0.00000000,0.00000000
4.74969101,0.00000000,0.00000000
4.77331161,0.00000000,0.00000000
4.79608202,0.00000000,0.00000000
4.81193495,0.00000000,0.00000000
4.83746672,0.00000000,0.00000000
4.85243368,0.00000000,0.00000000
4.86920786,0.00000000,0.00000000
4.88454819,0.00000000,0.00000000
4.90112448,0.00000000,0.00000000
4.91644430,0.00000000,0.00000000
4.93432093,0.00000000,0.00000000
4.94919205,0.00000000,0.00000000
4.96616077,0.00000000,0.00000000
4.98154497,0.00000000,0.00000000
4.99712086,0.00000000,0.00000000
5.01348782,0.00000000,0.00000000
5.02873611,0.00000000,0.00000000
5.04471159,0.00000000,0.00000000
5.06225967,0.00000000,0.00000000
5.07799530,0.00000000,0.00000000
5.09348536,0.00000000,0.00000000
5.10867929,0.00000000,0.00000000
5.12789631,0.00000000,0.00000000
5.14678431,0.00000000,0.00000000
5.16136694,0.00000000,0.00000000
5.17667913,0.00000000,0.00000000
5.19112539,0.00000000,0.00000000
5.20645142,0.00000000,0.00000000
5.22093916,0.00000000,0.00000000
5.23656130,0.00000000,0.00000000
5.25328779,0.00000000,0.00000000
5.26876402,0.00000000,0.00000000
5.28539228,0.00000000,0.00000000
5.30116892,0.00000000,0.00000000
5.31710291,0.00000000,0.00000000
5.33249855,0.00000000,0.00000000
5.34918261,0.00000000,0.00000000
5.36471128,0.00000000,0.00000000
5.38119173,0.00000000,0.00000000
5.39707613,0.00000000,0.00000000
5.41327906,0.00000000,0.00000000
5.42930460,0.00000000,0.00000000
5.44467831,0.00000000,0.00000000
5.46121407,0.00000000,0.00000000
5.47686005,0.00000000,0.00000000
5.49338341,0.00000000,0.00000000
5.50857782,0.00000000,0.00000000
5.52461195,0.00000000,0.00000000
5.54093647,0.00000000,0.00000000
5.55660534,0.00000000,0.00000000
5.57320023,0.00000000,0.00000000
5.58871698,0.00000000,0.00000000
5.60486698,0.00000000,0.00000000
5.62091112,0.00000000,0.00000000
5.63668871,8000.00000000,0.00000000
5.65327358,8000.00000000,0.00000000
5.66884756,8000.00000000,0.00000000
5.68551445,8000.00000000,0.00000000
5.70093441,8000.00000000,0.00000000
5.71673965,8000.00000000,0.00000000
5.73334503,8000.00000000,0.00000000
5.74893856,8000.00000000,0.00000000
5.76547194,8000.00000000,0.00000000
5.78086996,8000.00000000,0.00000000
5.79690456,8000.00000000,0.00000000
5.81443310,8000.00000000,0.00000000
5.82948160,8000.00000000,0.00000000
5.84499264,8000.00000000,0.00000000
5.86105347,8000.00000000,0.00000000
5.87670565,8000.00000000,0.00000000
5.89317369,8000.00000000,0.00000000
5.91123056,8000.00000000,0.00000000
5.92623854,8000.00000000,0.00000000
5.94183683,8000.00000000,0.00000000
5.95711899,8000.00000000,0.00000000
5.97273159,8000.00000000,0.00000000
5.98923159,8000.00000000,0.00000000
6.00510883,8000.00000000,0.00000000
6.02153206,8000.00000000,0.00000000
6.03697681,8000.00000000,0.00000000
6.05336905,8000.00000000,0.00000000
6.06859493,8000.00000000,0.00000000
6.08537197,8000.00000000,0.00000000
6.10080767,8000.00000000,0.00000000
6.11672497,8000.00000000,0.00000000
6.14686155,8000.00000000,0.00000000
6.16496420,8000.00000000,0.00000000
6.18187618,8000.00000000,0.00000000
6.19791651,8000.00000000,0.00000000
6.21477556,8000.00000000,0.00000000
6.23167801,8000.00000000,0.00000000
6.24692154,8000.00000000,0.00000000
6.26346445,8000.00000000,0.00000000
6.27926874,8000.00000000,0.00000000
6.29796076,8000.00000000,0.00000000
6.31372118,8000.00000000,0.00000000
6.33094406,8000.00000000,0.00000000
6.34707165,8000.00000000,0.00000000
6.37300205,8000.00000000,0.00000000
6.38852406,8000.00000000,0.00000000
6.40460825,8000.00000000,0.00000000
6.42041969,8000.00000000,0.00000000
6.43740606,8000.00000000,0.00000000
6.45244741,8000.00000000,0.00000000
6.46923256,8000.00000000,0.00000000
6.48496008,8000.00000000,0.00000000
6.50110435,8000.00000000,0.00000000
6.51761103,8000.00000000,0.00000000
6.54730034,8000.00000000,0.00000000
6.56578922,8000.00000000,0.00000000
6.58061981,8000.00000000,0.00000000
6.59857321,8000.00000000,0.00000000
6.61330986,8000.00000000,0.00000000
6.62924480,8000.00000000,0.00000000
6.64562178,8000.00000000,0.00000000
6.66303396,8000.00000000,0.00000000
6.69269133,8000.00000000,0.00000000
6.70860147,8000.00000000,0.00000000
6.72498560,8000.00000000,0.00000000
6.74105740,8000.00000000,0.00000000
6.75724125,8000.00000000,0.00000000
6.77237368,8000.00000000,0.00000000
6.78900337,8000.00000000,0.00000000
6.80519533,8000.00000000,0.00000000
6.82065725,8000.00000000,0.00000000
6.83741808,8000.00000000,0.00000000
6.85311174,8000.00000000,0.00000000
6.86878300,8000.00000000,0.00000000
6.88470411,8000.00000000,0.00000000
6.90054750,8000.00000000,0.00000000
6.91786194,8000.00000000,0.00000000
6.93651533,8000.00000000,0.00000000
6.95148611,8000.00000000,0.00000000
6.96990061,8000.00000000,0.00000000
6.98723936,8000.00000000,0.00000000
7.00256109,8000.00000000,0.00000000
7.01774788,8000.00000000,0.00000000
7.03403568,8000.00000000,0.00000000
7.04945040,8000.00000000,0.00000000
7.06708431,8000.00000000,0.00000000
7.08207321,8000.00000000,0.00000000
7.09764004,8000.00000000,0.00000000
7.11455488,8000.00000000,0.00000000
7.14133739,8000.00000000,0.00000000
7.15729094,8000.00000000,0.00000000
7.17352104,8000.00000000,0.00000000
7.18945408,8000.00000000,0.00000000
7.20507002,8000.00000000,0.00000000
7.22003984,8000.00000000,0.00000000
7.23683071,8000.00000000,0.00000000
7.25272512,8000.00000000,0.00000000
7.26870584,8000.00000000,0.00000000
7.28489685,8000.00000000,0.00000000
7.30162334,8000.00000000,0.00000000
7.31730938,8000.00000000,0.00000000
7.33298397,8000.00000000,0.00000000
7.34977102,8000.00000000,0.00000000
7.36528444,8000.00000000,0.00000000
7.38069344,8000.00000000,0.00000000
7.39756012,8000.00000000,0.00000000
7.41252756,8000.00000000,0.00000000
7.42910433,8000.00000000,0.00000000
7.44476986,8000.00000000,0.00000000
7.46111536,8000.00000000,0.00000000
7.47697020,8000.00000000,0.00000000
7.49264622,8000.00000000,0.00000000
7.50923967,8000.00000000,0.00000000
7.52476597,8000.00000000,0.00000000
7.54059792,8000.00000000,0.00000000
7.55695724,8000.00000000,0.00000000
7.57228756,8000.00000000,0.00000000
7.58907175,8000.00000000,0.00000000
7.60547924,8000.00000000,0.00000000
7.62074995,8000.00000000,0.00000000
7.63759947,8000.00000000,0.00000000
7.65360069,8000.00000000,0.00000000
7.66907358,8000.00000000,0.00000000
7.68587160,8000.00000000,0.00000000
7.70050144,8000.00000000,0.00000000
7.71668100,8000.00000000,0.00000000
7.73395681,8000.00000000,0.00000000
7.74966145,8000.00000000,0.00000000
7.76879454,8000.00000000,0.00000000
7.78429747,8000.00000000,0.00000000
7.79996300,8000.00000000,0.00000000
7.81720734,8000.00000000,0.00000000
7.83262587,8000.00000000,0.00000000
7.84762907,8000.00000000,0.00000000
7.86442089,8000.00000000,0.00000000
7.88043690,8000.00000000,0.00000000
7.89560604,8000.00000000,0.00000000
7.90996552,8000.00000000,0.00000000
7.92658854,8000.00000000,0.00000000
7.94189835,8000.00000000,0.00000000
7.95711327,8000.00000000,0.00000000
7.97372866,8000.00000000,0.00000000
7.98898935,8000.00000000,0.00000000
8.00476599,8000.00000000,0.00000000
8.02096319,8000.00000000,0.00000000
8.03654003,8000.00000000,0.00000000
8.05299711,8000.00000000,0.00000000
8.06935120,8000.00000000,0.00000000
8.08506823,8000.00000000,0.00000000
8.10120535,8000.00000000,0.00000000
8.11664772,8000.00000000,0.00000000
8.13290644,8000.00000000,0.00000000
8.14915037,8000.00000000,0.00000000
8.16549921,8000.00000000,0.00000000
8.18098783,8000.00000000,0.00000000
8.19758320,8000.00000000,0.00000000
8.21334648,8000.00000000,0.00000000
8.22894764,8000.00000000,0.00000000
8.24544907,8000.00000000,0.00000000
8.26097727,8000.00000000,0.00000000
8.27724409,8000.00000000,0.00000000
8.29289389,8000.00000000,0.00000000
8.30949020,8000.00000000,0.00000000
8.32501316,8000.00000000,0.00000000
8.34054089,8000.00000000,0.00000000
8.35684443,8000.00000000,0.00000000
8.37263298,8000.00000000,0.00000000
8.38861418,8000.00000000,0.00000000
8.40496397,8000.00000000,0.00000000
8.42102385,8000.00000000,0.00000000
8.43741941,8000.00000000,0.00000000
8.45289803,8000.00000000,0.00000000
8.46940327,8000.00000000,0.00000000
8.48462772,8000.00000000,0.00000000
8.50108767,8000.00000000,0.00000000
8.51660109,8000.00000000,0.00000000
8.53307867,8000.00000000,0.00000000
8.54854298,8000.00000000,0.00000000
8.56563616,8000.00000000,0.00000000
8.58104706,8000.00000000,0.00000000
8.59648752,8000.00000000,0.00000000
8.61343861,8000.00000000,0.00000000
8.62916327,8000.00000000,0.00000000
8.64474773,8000.00000000,0.00000000
8.66160345,8000.00000000,0.00000000
8.67728138,8000.00000000,0.00000000
8.69293499,8000.00000000,0.00000000
8.70928907,8000.00000000,0.00000000
8.72476339,8000.00000000,0.00000000
8.74051714,8000.00000000,0.00000000
8.75739193,8000.00000000,0.00000000
8.77312422,8000.00000000,0.00000000
8.78932714,8000.00000000,0.00000000
8.80540991,8000.00000000,0.00000000
8.82104540,8000.00000000,0.00000000
8.83700323,8000.00000000,0.00000000
8.85327244,8000.00000000,0.00000000
8.86926126,8000.00000000,0.00000000
8.88500261,8000.00000000,0.00000000
8.90116739,8000.00000000,0.00000000
8.91659069,8000.00000000,0.00000000
8.93260670,8000.00000000,0.00000000
8.94855309,8000.00000000,0.00000000
8.96540213,8000.00000000,0.00000000
8.98180723,8000.00000000,0.00000000
8.99663305,8000.00000000,0.00000000
9.01318073,8000.00000000,0.00000000
9.02898359,8000.00000000,0.00000000
9.04574060,8000.00000000,0.00000000
9.06178761,8000.00000000,0.00000000
9.07717037,8000.00000000,0.00000000
9.09279156,8000.00000000,0.00000000
9.10926056,8000.00000000,0.00000000
9.12512207,8000.00000000,0.00000000
9.14139986,8000.00000000,0.00000000
9.15656805,8000.00000000,0.00000000
9.17386532,8000.00000000,0.00000000
9.19823122,8000.00000000,0.00000000
9.22165966,8000.00000000,0.00000000
9.23698616,8000.00000000,0.00000000
9.25305510,8000.00000000,0.00000000
9.26845407,8000.00000000,0.00000000
9.28463459,8000.00000000,0.00000000
9.30047846,8000.00000000,0.00000000
9.31718826,8000.00000000,0.00000000
9.33352327,8000.00000000,0.00000000
9.34940004,8000.00000000,0.00000000
9.36735773,8000.00000000,0.00000000
9.38360643,8000.00000000,0.00000000
9.39961433,8000.00000000,0.00000000
9.41419983,8000.00000000,0.00000000
9.42974806,8000.00000000,0.00000000
9.44535542,8000.00000000,0.00000000
9.46125460,8000.00000000,0.00000000
9.47715521,8000.00000000,0.00000000
9.49315262,8000.00000000,0.00000000
9.50883007,8000.00000000,0.00000000
9.52513361,8000.00000000,0.00000000
9.54154921,8000.00000000,0.00000000
9.55706406,8000.00000000,0.00000000
9.57331038,8000.00000000,0.00000000
9.58909845,8000.00000000,0.00000000
9.60472965,8000.00000000,0.00000000
9.62082100,8000.00000000,0.00000000
9.63688660,8000.00000000,0.00000000
9.65220308,8000.00000000,0.00000000
9.66949987,8000.00000000,0.00000000
9.68513012,8000.00000000,0.00000000
9.70054722,8000.00000000,0.00000000
9.71647406,8000.00000000,0.00000000
9.73316860,8000.00000000,0.00000000
9.74898243,8000.00000000,0.00000000
9.76470566,8000.00000000,0.00000000
9.78133297,8000.00000000,0.00000000
9.79658699,8000.00000000,0.00000000
9.81253338,8000.00000000,0.00000000
9.82903814,8000.00000000,0.00000000
9.84457207,8000.00000000,0.00000000
9.86165667,8000.00000000,0.00000000
9.87707567,8000.00000000,0.00000000
9.89291573,8000.00000000,0.00000000
9.90853214,8000.00000000,0.00000000
9.92447567,8000.00000000,0.00000000
9.94105959,8000.00000000,0.00000000
9.95672607,8000.00000000,0.00000000
9.97238302,8000.00000000,0.00000000
9.98849344,8000.00000000,0.00000000
10.00477123,8000.00000000,0.00000000
10.02112770,8000.00000000,0.00000000
10.03738832,8000.00000000,0.00000000
10.05319977,8000.00000000,0.00000000
10.06879187,8000.00000000,0.00000000
10.08544064,8000.00000000,0.00000000
10.10146713,8000.00000000,0.00000000
10.11720896,8000.00000000,0.00000000
10.13247013,8000.00000000,0.00000000
10.14881420,8000.00000000,0.00000000
10.16547012,8000.00000000,0.00000000
10.18125629,8000.00000000,0.00000000
10.19698954,8000.00000000,0.00000000
10.21274090,8000.00000000,0.00000000
10.22844553,8000.00000000,0.00000000
10.24492836,8000.00000000,0.00000000
10.26141691,8000.00000000,0.00000000
10.27688885,8000.00000000,0.00000000
10.29365110,8000.00000000,0.00000000
10.30866146,8000.00000000,0.00000000
10.32501793,8000.00000000,0.00000000
10.34087276,8000.00000000,0.00000000
10.35646915,8000.00000000,0.00000000
10.37288284,8000.00000000,0.00000000
10.39070702,8000.00000000,0.00000000
10.40522623,8000.00000000,0.00000000
10.42053127,8000.00000000,0.00000000
10.43695116,8000.00000000,0.00000000
10.45314121,8000.00000000,0.00000000
10.46821022,8000.00000000,0.00000000
10.48507547,8000.00000000,0.00000000
10.50087357,8000.00000000,0.00000000
10.51734686,8000.00000000,0.00000000
10.53270960,8000.00000000,0.00000000
10.54910946,8000.00000000,0.00000000
10.56609726,8000.00000000,0.00000000
10.58370352,8000.00000000,0.00000000
10.59793806,8000.00000000,0.00000000
10.61454248,8000.00000000,0.00000000
10.62952280,8000.00000000,0.00000000
10.64516258,8000.00000000,0.00000000
10.66216087,8000.00000000,0.00000000
10.67804193,8000.00000000,0.00000000
10.69445181,8000.00000000,0.00000000
10.70974684,8000.00000000,0.00000000
10.72575092,8000.00000000,0.00000000
10.74047041,8000.00000000,0.00000000
10.75689459,8000.00000000,0.00000000
10.77266216,8000.00000000,0.00000000
10.78853464,8000.00000000,0.00000000
10.80522394,8000.00000000,0.00000000
10.82232857,8000.00000000,0.00000000
10.83718348,8000.00000000,0.00000000
10.85303974,8000.00000000,0.00000000
10.86897564,8000.00000000,0.00000000
10.88490009,8000.00000000,0.00000000
10.90094900,8000.00000000,0.00000000
10.91701746,8000.00000000,0.00000000
10.93318987,8000.00000000,0.00000000
10.94918966,8000.00000000,0.00000000
10.96455860,8000.00000000,0.00000000
10.98138475,8000.00000000,0.00000000
10.99806690,8000.00000000,0.00000000
11.01399612,8000.00000000,0.00000000
11.03042650,8000.00000000,0.00000000
11.04510784,8000.00000000,0.00000000
11.06153870,8000.00000000,0.00000000
11.07711220,8000.00000000,0.00000000
11.09325552,8000.00000000,0.00000000
11.10847759,8000.00000000,0.00000000
11.12477446,8000.00000000,0.00000000
11.14083385,8000.00000000,0.00000000
11.15713930,8000.00000000,0.00000000
11.17216873,8000.00000000,0.00000000
11.18887377,8000.00000000,0.00000000
11.20442724,8000.00000000,0.00000000
11.22043276,8000.00000000,0.00000000
11.23626137,8000.00000000,0.00000000
11.25241899,8000.00000000,0.00000000
11.26837206,8000.00000000,0.00000000
11.28520203,8000.00000000,0.00000000
11.30094433,8000.00000000,0.00000000
11.31737709,8000.00000000,0.00000000
11.33278513,8000.00000000,0.00000000
11.34933233,8000.00000000,0.00000000
11.36600304,8000.00000000,0.00000000
11.38414049,8000.00000000,0.00000000
11.39987803,8000.00000000,0.00000000
11.41521502,8000.00000000,0.00000000
11.43227482,8000.00000000,0.00000000
11.44780588,8000.00000000,0.00000000
11.46400356,8000.00000000,0.00000000
11.47966003,8000.00000000,0.00000000
11.49502373,8000.00000000,0.00000000
11.51063013,8000.00000000,0.00000000
11.52521276,8000.00000000,0.00000000
11.54063082,8000.00000000,0.00000000
11.55718470,8000.00000000,0.00000000
11.57334948,8000.00000000,0.00000000
11.58907413,8000.00000000,0.00000000
11.60529900,8000.00000000,0.00000000
11.62070417,8000.00000000,0.00000000
11.63622952,8000.00000000,0.00000000
11.65289164,8000.00000000,0.00000000
11.66923857,8000.00000000,0.00000000
11.68488359,8000.00000000,0.00000000
11.70136738,8000.00000000,0.00000000
11.71697998,8000.00000000,0.00000000
11.73324156,8000.00000000,0.00000000
11.74880505,8000.00000000,0.00000000
11.76504230,8000.00000000,0.00000000
11.78112030,8000.00000000,0.00000000
11.79673624,8000.00000000,0.00000000
11.81326962,8000.00000000,0.00000000
11.82895470,8000.00000000,0.00000000
11.84465456,8000.00000000,0.00000000
11.86138916,8000.00000000,0.00000000
11.87703896,8000.00000000,0.00000000
11.89301872,8000.00000000,0.00000000
11.90915918,8000.00000000,0.00000000
11.92530823,8000.00000000,0.00000000
11.94069195,8000.00000000,0.00000000
11.95749760,8000.00000000,0.00000000
11.97305250,8000.00000000,0.00000000
11.98943663,8000.00000000,0.00000000
12.00470304,8000.00000000,0.00000000
12.02105856,8000.00000000,0.00000000
12.03652716,8000.00000000,0.00000000
12.05339241,8000.00000000,0.00000000
12.06861591,8000.00000000,0.00000000
12.08494234,8000.00000000,0.00000000
12.10115099,8000.00000000,0.00000000
12.11671686,8000.00000000,0.00000000
12.13352585,8000.00000000,0.00000000
12.14864063,8000.00000000,0.00000000
12.16527605,8000.00000000,0.00000000
12.18060255,8000.00000000,0.00000000
12.19808817,8000.00000000,0.00000000
12.21386385,8000.00000000,0.00000000
12.22846317,8000.00000000,0.00000000
12.24545956,8000.00000000,0.00000000
12.26100016,8000.00000000,0.00000000
12.27726316,8000.00000000,0.00000000
12.29324436,8000.00000000,0.00000000
12.30883551,8000.00000000,0.00000000
12.32539463,8000.00000000,0.00000000
12.34074450,8000.00000000,0.00000000
12.35704422,8000.00000000,0.00000000
12.37269783,8000.00000000,0.00000000
12.38923788,8000.00000000,0.00000000
12.40504503,8000.00000000,0.00000000
12.42167568,8000.00000000,0.00000000
12.43671560,8000.00000000,0.00000000
12.45250750,8000.00000000,0.00000000
12.46879911,8000.00000000,0.00000000
12.48510742,8000.00000000,0.00000000
12.50085688,8000.00000000,0.00000000
12.51723289,8000.00000000,0.00000000
12.53242254,8000.00000000,0.00000000
12.54873085,8000.00000000,0.00000000
12.56539679,8000.00000000,0.00000000
12.58132076,8000.00000000,0.00000000
12.59699249,8000.00000000,0.00000000
12.61455011,8000.00000000,0.00000000
12.62964344,8000.00000000,0.00000000
12.64470243,8000.00000000,0.00000000
12.66147089,8000.00000000,0.00000000
12.67663956,8000.00000000,0.00000000
12.69293833,8000.00000000,0.00000000
12.70955133,8000.00000000,0.00000000
12.72486401,8000.00000000,0.00000000
12.74135590,8000.00000000,0.00000000
12.75666761,8000.00000000,0.00000000
12.77305460,8000.00000000,0.00000000
12.78868341,8000.00000000,0.00000000
12.80544424,8000.00000000,0.00000000
12.82113791,8000.00000000,0.00000000
12.83735561,8000.00000000,0.00000000
12.85254574,8000.00000000,0.00000000
12.86857557,8000.00000000,0.00000000
12.88491678,8000.00000000,0.00000000
12.90093994,8000.00000000,0.00000000
12.91653347,8000.00000000,0.00000000
12.93312454,8000.00000000,0.00000000
12.94889069,8000.00000000,0.00000000
12.96550179,8000.00000000,0.00000000
12.98106623,8000.00000000,0.00000000
12.99724531,8000.00000000,0.00000000
13.01287413,8000.00000000,0.00000000
13.02936363,8000.00000000,0.00000000
13.04595613,8000.00000000,0.00000000
13.06174231,8000.00000000,0.00000000
13.07698488,8000.00000000,0.00000000
13.09341574,8000.00000000,0.00000000
13.10903788,8000.00000000,0.00000000
13.12586832,8000.00000000,0.00000000
13.14192200,8000.00000000,0.00000000
13.15779352,8000.00000000,0.00000000
13.17346287,8000.00000000,0.00000000
13.18919611,8000.00000000,0.00000000
13.20538139,8000.00000000,0.00000000
13.22133350,8000.00000000,0.00000000
13.23725796,8000.00000000,0.00000000
13.25234747,8000.00000000,0.00000000
13.26875830,8000.00000000,0.00000000
13.28492260,8000.00000000,0.00000000
13.30080318,8000.00000000,0.00000000
13.31724787,8000.00000000,0.00000000
13.33326578,8000.00000000,0.00000000
13.34843683,8000.00000000,0.00000000
13.36502028,8000.00000000,0.00000000
13.38100815,8000.00000000,0.00000000
13.39688730,8000.00000000,0.00000000
13.41308212,8000.00000000,0.00000000
13.42934132,8000.00000000,0.00000000
13.44497824,8000.00000000,0.00000000
13.46207428,8000.00000000,0.00000000
13.47725391,8000.00000000,0.00000000
13.49286222,8000.00000000,0.00000000
13.50915051,8000.00000000,0.00000000
13.52470493,8000.00000000,0.00000000
13.54136467,8000.00000000,0.00000000
13.55728579,8000.00000000,0.00000000
13.57313585,8000.00000000,0.00000000
13.58875179,8000.00000000,0.00000000
13.60465574,8000.00000000,0.00000000
13.62053204,8000.00000000,0.00000000
13.63705730,8000.00000000,0.00000000
13.65296793,8000.00000000,0.00000000
13.66863155,8000.00000000,0.00000000
13.68551874,8000.00000000,0.00000000
13.70084333,8000.00000000,0.00000000
13.71694183,8000.00000000,0.00000000
13.73261118,8000.00000000,0.00000000
13.74923992,8000.00000000,0.00000000
13.76592112,8000.00000000,0.00000000
13.78133345,8000.00000000,0.00000000
13.79783964,8000.00000000,0.00000000
13.81343222,8000.00000000,0.00000000
13.82989025,8000.00000000,0.00000000
13.84464788,8000.00000000,0.00000000
13.86052322,8000.00000000,0.00000000
13.87733412,8000.00000000,0.00000000
13.89278412,8000.00000000,0.00000000
13.90952921,8000.00000000,0.00000000
13.92523098,8000.00000000,0.00000000
13.94072676,8000.00000000,0.00000000
13.95657444,8000.00000000,0.00000000
13.97291231,8000.00000000,0.00000000
13.98849440,8000.00000000,0.00000000
14.00481701,8000.00000000,0.00000000
14.02129412,8000.00000000,0.00000000
14.03664637,8000.00000000,0.00000000
14.05270672,8000.00000000,0.00000000
14.06936646,8000.00000000,0.00000000
14.08514643,8000.00000000,0.00000000
14.10147142,8000.00000000,0.00000000
14.11648798,8000.00000000,0.00000000
14.13316154,8000.00000000,0.00000000
14.14917183,8000.00000000,0.00000000
14.16493082,8000.00000000,0.00000000
14.18236589,8000.00000000,0.00000000
14.19875145,8000.00000000,0.00000000
14.21297836,8000.00000000,0.00000000
14.22899342,8000.00000000,0.00000000
14.24457121,8000.00000000,0.00000000
14.26124048,8000.00000000,0.00000000
14.27718782,8000.00000000,0.00000000
14.29355335,8000.00000000,0.00000000
14.30904531,8000.00000000,0.00000000
14.32550669,8000.00000000,0.00000000
14.34097052,8000.00000000,0.00000000
14.35705185,8000.00000000,0.00000000
14.37305212,8000.00000000,0.00000000
14.38953686,8000.00000000,0.00000000
14.40485620,8000.00000000,0.00000000
14.42052031,8000.00000000,0.00000000
14.43662977,8000.00000000,0.00000000
14.45345688,8000.00000000,0.00000000
14.46906519,8000.00000000,0.00000000
14.48634481,8000.00000000,0.00000000
14.50198793,8000.00000000,0.00000000
14.51762342,8000.00000000,0.00000000
14.53326845,8000.00000000,0.00000000
14.54862595,8000.00000000,0.00000000
14.56458855,8000.00000000,0.00000000
14.58126402,8000.00000000,0.00000000
14.59694481,8000.00000000,0.00000000
14.61466265,8000.00000000,0.00000000
14.62938261,8000.00000000,0.00000000
14.64490557,8000.00000000,0.00000000
14.66151476,8000.00000000,0.00000000
14.67710590,8000.00000000,0.00000000
14.69351816,8000.00000000,0.00000000
14.70921421,8000.00000000,0.00000000
14.72523165,8000.00000000,0.00000000
14.74185419,8000.00000000,0.00000000
14.75732517,8000.00000000,0.00000000
14.77292252,8000.00000000,0.00000000
14.78877544,8000.00000000,0.00000000
14.80519247,8000.00000000,0.00000000
14.82088852,8000.00000000,0.00000000
14.83744049,8000.00000000,0.00000000
14.85327482,8000.00000000,0.00000000
14.86912298,8000.00000000,0.00000000
14.88487291,8000.00000000,0.00000000
14.90087175,8000.00000000,0.00000000
14.91692734,8000.00000000,0.00000000
14.93330669,8000.00000000,0.00000000
14.94969845,8000.00000000,0.00000000
14.96513081,8000.00000000,0.00000000
14.98078632,8000.00000000,0.00000000
14.99714899,8000.00000000,0.00000000
15.01381445,8000.00000000,0.00000000
15.03066921,8000.00000000,0.00000000
15.04755211,8000.00000000,0.00000000
15.06315184,8000.00000000,0.00000000
15.08022118,8000.00000000,0.00000000
15.09718418,8000.00000000,0.00000000
15.11538839,8000.00000000,0.00000000
15.13204193,8000.00000000,0.00000000
15.15692997,8000.00000000,0.00000000
15.18410826,8000.00000000,0.00000000
15.20517683,8000.00000000,0.00000000
15.22013903,8000.00000000,0.00000000
15.23891115,8000.00000000,0.00000000
15.25437450,8000.00000000,0.00000000
15.27177811,8000.00000000,0.00000000
15.28743649,8000.00000000,0.00000000
15.30539751,8000.00000000,0.00000000
15.32297754,8000.00000000,0.00000000
15.33855104,8000.00000000,0.00000000
15.35352039,8000.00000000,0.00000000
15.37101221,8000.00000000,0.00000000
15.38813353,8000.00000000,0.00000000
15.41304350,8000.00000000,0.00000000
15.42991924,8000.00000000,0.00000000
15.44610310,8000.00000000,0.00000000
15.46213579,8000.00000000,0.00000000
15.48031521,8000.00000000,0.00000000
15.49891806,8000.00000000,0.00000000
15.51531553,8000.00000000,0.00000000
15.53132629,8000.00000000,0.00000000
15.54990387,8000.00000000,0.00000000
15.57244682,8000.00000000,0.00000000
15.58921337,8000.00000000,0.00000000
15.61053038,8000.00000000,0.00000000
15.62665749,8000.00000000,0.00000000
15.64258766,8000.00000000,0.00000000
15.66916656,8000.00000000,0.00000000
15.68492222,8000.00000000,0.00000000
15.70206642,8000.00000000,0.00000000
15.71809483,8000.00000000,0.00000000
15.73585176,8000.00000000,0.00000000
15.75308800,8000.00000000,0.00000000
15.76961470,8000.00000000,0.00000000
15.78630972,8000.00000000,0.00000000
15.80148649,8000.00000000,0.00000000
15.81882191,8000.00000000,0.00000000
15.83554506,8000.00000000,0.00000000
15.85087252,8000.00000000,0.00000000
15.86860323,8000.00000000,0.00000000
15.88538980,8000.00000000,0.00000000
15.90914392,8000.00000000,0.00000000
15.92482185,8000.00000000,0.00000000
15.94230080,8000.00000000,0.00000000
15.95766449,8000.00000000,0.00000000
15.97559929,8000.00000000,0.00000000
15.99191332,8000.00000000,0.00000000
16.00793982,8000.00000000,0.00000000
16.02559328,8000.00000000,0.00000000
16.04189730,8000.00000000,0.00000000
16.05641794,8000.00000000,0.00000000
16.07416248,8000.00000000,0.00000000
16.08992720,8000.00000000,0.00000000
16.10560751,8000.00000000,0.00000000
16.12256765,8000.00000000,0.00000000
16.13863945,8000.00000000,0.00000000
16.15308571,8000.00000000,0.00000000
16.17124653,8000.00000000,0.00000000
16.18652773,8000.00000000,0.00000000
16.20327282,8000.00000000,0.00000000
16.21923542,8000.00000000,0.00000000
16.23442698,8000.00000000,0.00000000
16.25240374,8000.00000000,0.00000000
16.27742147,8000.00000000,0.00000000
16.29278421,8000.00000000,0.00000000
16.31134319,8000.00000000,0.00000000
16.32665443,8000.00000000,0.00000000
16.34326220,8000.00000000,0.00000000
16.36100006,8000.00000000,0.00000000
16.37653303,8000.00000000,0.00000000
16.39484406,8000.00000000,0.00000000
16.41013145,8000.00000000,0.00000000
16.43701029,8000.00000000,0.00000000
16.45259380,8000.00000000,0.00000000
16.46916389,8000.00000000,0.00000000
16.48577499,8000.00000000,0.00000000
16.50126839,8000.00000000,0.00000000
16.51623487,8000.00000000,0.00000000
16.53463840,8000.00000000,0.00000000
16.55103111,8000.00000000,0.00000000
16.56950092,8000.00000000,0.00000000
16.58602381,8000.00000000,0.00000000
16.60098934,8000.00000000,0.00000000
16.61806774,8000.00000000,0.00000000
16.63394356,8000.00000000,0.00000000
16.64971399,8000.00000000,0.00000000
16.66701174,8000.00000000,0.00000000
16.69308090,8000.00000000,0.00000000
16.70871830,8000.00000000,0.00000000
16.72692442,8000.00000000,0.00000000
16.74250841,8000.00000000,0.00000000
16.75889730,8000.00000000,0.00000000
16.77806473,8000.00000000,0.00000000
16.79359961,8000.00000000,0.00000000
16.81408167,8000.00000000,0.00000000
16.83697081,8000.00000000,0.00000000
16.85322618,8000.00000000,0.00000000
16.87051392,8000.00000000,0.00000000
16.88707924,8000.00000000,0.00000000
16.90293360,8000.00000000,0.00000000
16.91805506,8000.00000000,0.00000000
16.93354034,8000.00000000,0.00000000
16.95199156,8000.00000000,0.00000000
16.96728754,8000.00000000,0.00000000
16.98274994,8000.00000000,0.00000000
16.99737883,8000.00000000,0.00000000
17.01292324,8000.00000000,0.00000000
17.02879190,8000.00000000,0.00000000
17.04525280,8000.00000000,0.00000000
17.06160021,8000.00000000,0.00000000
17.07689953,8000.00000000,0.00000000
17.09307861,8000.00000000,0.00000000
17.10935402,8000.00000000,0.00000000
17.12467337,8000.00000000,0.00000000
17.14139223,8000.00000000,0.00000000
17.15705299,8000.00000000,0.00000000
17.17335796,8000.00000000,0.00000000
17.18867064,8000.00000000,0.00000000
17.20535803,8000.00000000,0.00000000
17.22089529,8000.00000000,0.00000000
17.23736954,8000.00000000,0.00000000
17.25346661,8000.00000000,0.00000000
17.26856375,8000.00000000,0.00000000
17.28541994,8000.00000000,0.00000000
17.30095005,8000.00000000,0.00000000
17.31702328,8000.00000000,0.00000000
17.33276367,8000.00000000,0.00000000
17.34919691,8000.00000000,0.00000000
17.36538887,8000.00000000,0.00000000
17.38090515,8000.00000000,0.00000000
17.39727402,8000.00000000,0.00000000
17.41380405,8000.00000000,0.00000000
17.42918491,8000.00000000,0.00000000
17.44524431,8000.00000000,0.00000000
17.46194792,8000.00000000,0.00000000
17.47694254,8000.00000000,0.00000000
17.49248934,8000.00000000,0.00000000
17.50935602,8000.00000000,0.00000000
17.52508688,8000.00000000,0.00000000
17.54074669,8000.00000000,0.00000000
17.55751181,8000.00000000,0.00000000
17.57501364,8000.00000000,0.00000000
17.59037495,8000.00000000,0.00000000
17.60543394,8000.00000000,0.00000000
17.62097073,8000.00000000,0.00000000
17.63629627,8000.00000000,0.00000000
17.65266848,8000.00000000,0.00000000
17.66942501,8000.00000000,0.00000000
17.68490267,8000.00000000,0.00000000
17.70044851,8000.00000000,0.00000000
17.71663237,8000.00000000,0.00000000
17.73285866,8000.00000000,0.00000000
17.74942636,8000.00000000,0.00000000
17.76482725,8000.00000000,0.00000000
17.78079319,8000.00000000,0.00000000
17.79742479,8000.00000000,0.00000000
17.81345987,8000.00000000,0.00000000
17.82932520,8000.00000000,0.00000000
17.84478474,8000.00000000,0.00000000
17.86107492,8000.00000000,0.00000000
17.87697887,8000.00000000,0.00000000
17.89295816,8000.00000000,0.00000000
17.90926266,8000.00000000,0.00000000
17.92506504,8000.00000000,0.00000000
17.94107437,8000.00000000,0.00000000
17.95684910,8000.00000000,0.00000000
17.97342062,8000.00000000,0.00000000
17.98850679,8000.00000000,0.00000000
18.00511885,8000.00000000,0.00000000
18.02125263,8000.00000000,0.00000000
18.03707600,8000.00000000,0.00000000
18.05296993,8000.00000000,0.00000000
18.06859350,8000.00000000,0.00000000
18.08452988,8000.00000000,0.00000000
18.10142040,8000.00000000,0.00000000
18.11720419,8000.00000000,0.00000000
18.13327169,8000.00000000,0.00000000
18.14883327,8000.00000000,0.00000000
18.16564941,8000.00000000,0.00000000
18.18072033,8000.00000000,0.00000000
18.19730949,8000.00000000,0.00000000
18.21265030,8000.00000000,0.00000000
18.22905970,8000.00000000,0.00000000
18.24456406,8000.00000000,0.00000000
18.26187658,8000.00000000,0.00000000
18.27726793,8000.00000000,0.00000000
18.29290342,8000.00000000,0.00000000
18.30912495,8000.00000000,0.00000000
18.32500935,8000.00000000,0.00000000
18.34087515,8000.00000000,0.00000000
18.35735416,8000.00000000,0.00000000
18.37281561,8000.00000000,0.00000000
18.38926363,8000.00000000,0.00000000
18.40456581,8000.00000000,0.00000000
18.42088985,8000.00000000,0.00000000
18.43720198,8000.00000000,0.00000000
18.45309210,8000.00000000,0.00000000
18.46979380,8000.00000000,0.00000000
18.48544550,8000.00000000,0.00000000
18.50155067,8000.00000000,0.00000000
18.51683044,8000.00000000,0.00000000
18.53248215,8000.00000000,0.00000000
18.54967165,8000.00000000,0.00000000
18.56522369,8000.00000000,0.00000000
18.58196688,8000.00000000,0.00000000
18.59733105,8000.00000000,0.00000000
18.61280966,8000.00000000,0.00000000
18.62935638,8000.00000000,0.00000000
18.64496756,8000.00000000,0.00000000
18.66146517,8000.00000000,0.00000000
18.67699909,8000.00000000,0.00000000
18.69358492,8000.00000000,0.00000000
18.70929480,8000.00000000,0.00000000
18.72479153,8000.00000000,0.00000000
18.74039078,8000.00000000,0.00000000
18.75683641,8000.00000000,0.00000000
18.77245903,8000.00000000,0.00000000
18.78924656,8000.00000000,0.00000000
18.80482483,8000.00000000,0.00000000
18.82089043,8000.00000000,0.00000000
18.83664942,8000.00000000,0.00000000
18.85314369,8000.00000000,0.00000000
18.86898279,8000.00000000,0.00000000
18.88458109,8000.00000000,0.00000000
18.90046978,8000.00000000,0.00000000
18.91715622,8000.00000000,0.00000000
18.93340206,8000.00000000,0.00000000
18.94867516,8000.00000000,0.00000000
18.96458578,8000.00000000,0.00000000
18.98136806,8000.00000000,0.00000000
18.99801540,8000.00000000,0.00000000
19.01367187,8000.00000000,0.00000000
19.02856255,8000.00000000,0.00000000
19.04499102,8000.00000000,0.00000000
19.06098080,8000.00000000,0.00000000
19.07686043,8000.00000000,0.00000000
19.09270334,8000.00000000,0.00000000
19.10888481,8000.00000000,0.00000000
19.12539959,8000.00000000,0.00000000
19.14106560,8000.00000000,0.00000000
19.15665007,8000.00000000,0.00000000
19.17313671,8000.00000000,0.00000000
19.18849230,8000.00000000,0.00000000
19.20494175,8000.00000000,0.00000000
19.22075081,8000.00000000,0.00000000
19.23647642,8000.00000000,0.00000000
19.25324535,8000.00000000,0.00000000
19.26887846,8000.00000000,0.00000000
19.28451490,8000.00000000,0.00000000
19.30027485,8000.00000000,0.00000000
19.31675529,8000.00000000,0.00000000
19.33339405,8000.00000000,0.00000000
19.34859276,8000.00000000,0.00000000
19.36520100,8000.00000000,0.00000000
19.38148880,8000.00000000,0.00000000
19.39660311,8000.00000000,0.00000000
19.41321564,8000.00000000,0.00000000
19.42843676,8000.00000000,0.00000000
19.44443035,8000.00000000,0.00000000
19.46226740,8000.00000000,0.00000000
19.47740316,8000.00000000,0.00000000
19.49309015,8000.00000000,0.00000000
19.50916767,8000.00000000,0.00000000
19.52486706,8000.00000000,0.00000000
19.54103994,8000.00000000,0.00000000
19.55678844,8000.00000000,0.00000000
19.57208633,8000.00000000,0.00000000
19.58944607,8000.00000000,0.00000000
19.60478687,8000.00000000,0.00000000
19.62125921,8000.00000000,0.00000000
19.63687134,8000.00000000,0.00000000
19.65323210,8000.00000000,0.00000000
19.66914177,8000.00000000,0.00000000
19.68442249,8000.00000000,0.00000000
19.70125341,8000.00000000,0.00000000
19.71654320,8000.00000000,0.00000000
19.73289347,8000.00000000,0.00000000
19.74884605,8000.00000000,0.00000000
19.76545000,8000.00000000,0.00000000
19.78095198,8000.00000000,0.00000000
19.79648256,8000.00000000,0.00000000
19.81360006,8000.00000000,0.00000000
19.82944918,8000.00000000,0.00000000
19.84555054,8000.00000000,0.00000000
19.86159897,8000.00000000,0.00000000
19.87718964,8000.00000000,0.00000000
19.89345407,8000.00000000,0.00000000
19.90901232,8000.00000000,0.00000000
19.92530346,8000.00000000,0.00000000
19.94197369,8000.00000000,0.00000000
19.95794201,8000.00000000,0.00000000
19.97314167,8000.00000000,0.00000000
19.98870087,8000.00000000,0.00000000
20.00419760,8000.00000000,0.00000000
20.02129936,8000.00000000,0.00000000
20.03679085,8000.00000000,0.00000000
20.05262375,8000.00000000,0.00000000
20.06932640,8000.00000000,0.00000000
20.08520508,8000.00000000,0.00000000
20.10082293,8000.00000000,0.00000000
20.11746597,8000.00000000,0.00000000
20.13294935,8000.00000000,0.00000000
20.14897680,8000.00000000,0.00000000
20.16550541,8000.00000000,0.00000000
20.18084764,8000.00000000,0.00000000
20.19735146,8000.00000000,0.00000000
20.21285152,8000.00000000,0.00000000
20.22908163,8000.00000000,0.00000000
20.24467945,8000.00000000,0.00000000
20.26131630,8000.00000000,0.00000000
20.27716780,8000.00000000,0.00000000
20.29274845,8000.00000000,0.00000000
20.30864143,8000.00000000,0.00000000
20.32428551,8000.00000000,0.00000000
20.34100723,8000.00000000,0.00000000
20.35679293,8000.00000000,0.00000000
20.37309647,8000.00000000,0.00000000
20.38886118,8000.00000000,0.00000000
20.40555525,8000.00000000,0.00000000
20.43749809,8000.00000000,0.00000000
20.45282555,8000.00000000,0.00000000
20.46862793,8000.00000000,0.00000000
20.48513985,8000.00000000,0.00000000
20.50306749,8000.00000000,0.00000000
20.51833439,8000.00000000,0.00000000
20.54072952,8000.00000000,0.00000000
20.56452847,8000.00000000,0.00000000
20.58682728,8000.00000000,0.00000000
20.60283422,8000.00000000,0.00000000
20.65505171,8000.00000000,0.00000000
20.69464779,8000.00000000,0.00000000
20.71951818,8000.00000000,0.00000000
20.74099493,8000.00000000,0.00000000
20.75740814,8000.00000000,0.00000000
20.77940798,8000.00000000,0.00000000
20.79504728,8000.00000000,0.00000000
20.82132292,8000.00000000,0.00000000
20.86773062,8000.00000000,0.00000000
20.88527441,8000.00000000,0.00000000
20.90087938,8000.00000000,0.00000000
20.93045282,8000.00000000,0.00000000
20.94942474,8000.00000000,0.00000000
20.96490049,8000.00000000,0.00000000
21.01232815,8000.00000000,0.00000000
21.03028774,8000.00000000,0.00000000
21.06927776,8000.00000000,0.00000000
21.10695314,8000.00000000,0.00000000
21.12528515,8000.00000000,0.00000000
21.14082956,8000.00000000,0.00000000
21.15706635,8000.00000000,0.00000000
21.18871212,8000.00000000,0.00000000
21.20516157,8000.00000000,0.00000000
21.22140312,8000.00000000,0.00000000
21.23694801,8000.00000000,0.00000000
21.25338030,8000.00000000,0.00000000
21.26897860,8000.00000000,0.00000000
21.28492451,8000.00000000,0.00000000
21.30142212,8000.00000000,0.00000000
21.31675005,8000.00000000,0.00000000
21.33342695,8000.00000000,0.00000000
21.34895325,8000.00000000,0.00000000
21.36548615,8000.00000000,0.00000000
21.38093042,8000.00000000,0.00000000
21.39666080,8000.00000000,0.00000000
21.41416168,8000.00000000,0.00000000
21.43810225,8000.00000000,0.00000000
21.46186352,8000.00000000,0.00000000
21.48272324,8000.00000000,0.00000000
21.50914764,8000.00000000,0.00000000
21.52510786,8000.00000000,0.00000000
21.54131699,8000.00000000,0.00000000
21.55685425,8000.00000000,0.00000000
21.57520533,8000.00000000,0.00000000
21.59165192,8000.00000000,0.00000000
21.60613060,8000.00000000,0.00000000
21.63015699,8000.00000000,0.00000000
21.65403175,8000.00000000,0.00000000
21.66922712,8000.00000000,0.00000000
21.68475723,8000.00000000,0.00000000
21.70103168,8000.00000000,0.00000000
21.71715832,8000.00000000,0.00000000
21.73290348,8000.00000000,0.00000000
21.75073004,8000.00000000,0.00000000
21.76670837,8000.00000000,0.00000000
21.78133488,8000.00000000,0.00000000
21.80244446,8000.00000000,0.00000000
21.81814003,8000.00000000,0.00000000
21.83309364,8000.00000000,0.00000000
21.84947491,8000.00000000,0.00000000
21.86480188,8000.00000000,0.00000000
21.87993431,8000.00000000,0.00000000
21.89620399,8000.00000000,0.00000000
21.91160107,8000.00000000,0.00000000
21.93204117,8000.00000000,0.00000000
21.96945906,8000.00000000,0.00000000
21.99710512,8000.00000000,0.00000000
22.02150202,8000.00000000,0.00000000
22.04329443,8000.00000000,0.00000000
22.08916998,8000.00000000,0.00000000
22.10855484,8000.00000000,0.00000000
22.12302589,8000.00000000,0.00000000
22.13879442,8000.00000000,0.00000000
22.15347767,8000.00000000,0.00000000
22.17230034,8000.00000000,0.00000000
22.21380234,8000.00000000,0.00000000
22.22903395,8000.00000000,0.00000000
22.25218868,8000.00000000,0.00000000
22.26729393,8000.00000000,0.00000000
22.28280401,8000.00000000,0.00000000
22.29777098,8000.00000000,0.00000000
22.31359291,8000.00000000,0.00000000
22.33087683,8000.00000000,0.00000000
22.35708666,8000.00000000,0.00000000
22.37286568,8000.00000000,0.00000000
22.38932276,8000.00000000,0.00000000
22.41217518,8000.00000000,0.00000000
22.43717670,8000.00000000,0.00000000
22.45323420,8000.00000000,0.00000000
22.48844957,8000.00000000,0.00000000
22.53432178,8000.00000000,0.00000000
22.55005646,8000.00000000,0.00000000
22.56508017,8000.00000000,0.00000000
22.58074236,8000.00000000,0.00000000
22.59722805,8000.00000000,0.00000000
22.61307716,8000.00000000,0.00000000
22.62847900,8000.00000000,0.00000000
22.64491320,8000.00000000,0.00000000
22.66135311,8000.00000000,0.00000000
22.67780924,8000.00000000,0.00000000
22.69339132,8000.00000000,0.00000000
22.70865726,8000.00000000,0.00000000
22.72492027,8000.00000000,0.00000000
22.74113417,8000.00000000,0.00000000
22.75710011,8000.00000000,0.00000000
22.77313089,8000.00000000,0.00000000
22.78853559,8000.00000000,0.00000000
22.80655003,8000.00000000,0.00000000
22.82141638,8000.00000000,0.00000000
22.83726931,8000.00000000,0.00000000
22.85296345,8000.00000000,0.00000000
22.86943531,8000.00000000,0.00000000
22.88506269,8000.00000000,0.00000000
22.90108299,8000.00000000,0.00000000
22.91695690,8000.00000000,0.00000000
22.93264818,8000.00000000,0.00000000
22.94909763,8000.00000000,0.00000000
22.96527290,8000.00000000,0.00000000
22.98108053,8000.00000000,0.00000000
22.99715376,8000.00000000,0.00000000
23.01278305,8000.00000000,0.00000000
23.02862549,8000.00000000,0.00000000
23.04537058,8000.00000000,0.00000000
23.06125784,8000.00000000,0.00000000
23.07704687,8000.00000000,0.00000000
23.09249306,8000.00000000,0.00000000
23.10928440,8000.00000000,0.00000000
23.12450457,8000.00000000,0.00000000
23.14053774,8000.00000000,0.00000000
23.15715170,8000.00000000,0.00000000
23.17348242,8000.00000000,0.00000000
23.18893003,8000.00000000,0.00000000
23.20499659,8000.00000000,0.00000000
23.22134733,8000.00000000,0.00000000
23.23667622,8000.00000000,0.00000000
23.25226688,8000.00000000,0.00000000
23.26907635,8000.00000000,0.00000000
23.28551865,8000.00000000,0.00000000
23.30079269,8000.00000000,0.00000000
23.31675482,8000.00000000,0.00000000
23.33316612,8000.00000000,0.00000000
23.34979010,8000.00000000,0.00000000
23.36489630,8000.00000000,0.00000000
23.38093233,8000.00000000,0.00000000
23.39701080,8000.00000000,0.00000000
23.41334438,8000.00000000,0.00000000
23.42895174,8000.00000000,0.00000000
23.44468260,8000.00000000,0.00000000
23.46090555,8000.00000000,0.00000000
23.47772217,8000.00000000,0.00000000
23.49365997,8000.00000000,0.00000000
23.50861979,8000.00000000,0.00000000
23.52541494,8000.00000000,0.00000000
23.54113150,8000.00000000,0.00000000
23.55693054,8000.00000000,0.00000000
23.57331181,8000.00000000,0.00000000
23.58905697,8000.00000000,0.00000000
23.60511971,8000.00000000,0.00000000
23.62096786,8000.00000000,0.00000000
23.63663673,8000.00000000,0.00000000
23.65342522,8000.00000000,0.00000000
23.66871357,8000.00000000,0.00000000
23.68507099,8000.00000000,0.00000000
23.70096779,8000.00000000,0.00000000
23.71724176,8000.00000000,0.00000000
23.73316813,8000.00000000,0.00000000
23.74835634,8000.00000000,0.00000000
23.76509237,8000.00000000,0.00000000
23.78130388,8000.00000000,0.00000000
23.79765177,8000.00000000,0.00000000
23.81308651,8000.00000000,0.00000000
23.82880974,8000.00000000,0.00000000
23.84508419,8000.00000000,0.00000000
23.86136293,8000.00000000,0.00000000
23.87737989,8000.00000000,0.00000000
23.89733028,8000.00000000,0.00000000
23.91242504,8000.00000000,0.00000000
23.92692947,8000.00000000,0.00000000
23.94251633,8000.00000000,0.00000000
23.95947742,8000.00000000,0.00000000
23.97478962,8000.00000000,0.00000000
23.98902845,8000.00000000,0.00000000
24.00475693,8000.00000000,0.00000000
24.02115393,8000.00000000,0.00000000
24.03752136,8000.00000000,0.00000000
24.05247784,8000.00000000,0.00000000
24.06881857,8000.00000000,0.00000000
24.08516026,8000.00000000,0.00000000
24.10094261,8000.00000000,0.00000000
24.11631966,8000.00000000,0.00000000
24.13314486,8000.00000000,0.00000000
24.14868593,8000.00000000,0.00000000
24.16515303,8000.00000000,0.00000000
24.18206501,8000.00000000,0.00000000
24.19717216,8000.00000000,0.00000000
24.21354008,8000.00000000,0.00000000
24.22919703,8000.00000000,0.00000000
24.24459124,8000.00000000,0.00000000
24.26239681,8000.00000000,0.00000000
24.27793646,8000.00000000,0.00000000
24.29434538,8000.00000000,0.00000000
24.30994415,8000.00000000,0.00000000
24.32554865,8000.00000000,0.00000000
24.34126663,8000.00000000,0.00000000
24.35700321,8000.00000000,0.00000000
24.37217760,8000.00000000,0.00000000
24.38892126,8000.00000000,0.00000000
24.40444660,8000.00000000,0.00000000
24.42132664,8000.00000000,0.00000000
24.43652630,8000.00000000,0.00000000
24.45254517,8000.00000000,0.00000000
24.46896315,8000.00000000,0.00000000
24.48471117,8000.00000000,0.00000000
24.50025892,8000.00000000,0.00000000
24.51679564,8000.00000000,0.00000000
24.53278112,8000.00000000,0.00000000
24.54903936,8000.00000000,0.00000000
24.56494808,8000.00000000,0.00000000
24.58098650,8000.00000000,0.00000000
24.59736776,8000.00000000,0.00000000
24.61295414,8000.00000000,0.00000000
24.62883329,8000.00000000,0.00000000
24.64550161,8000.00000000,0.00000000
24.66157007,8000.00000000,0.00000000
24.67721701,8000.00000000,0.00000000
24.69323540,8000.00000000,0.00000000
24.70921803,8000.00000000,0.00000000
24.73312426,8000.00000000,0.00000000
24.75710583,8000.00000000,0.00000000
24.77313471,8000.00000000,0.00000000
24.78918695,8000.00000000,0.00000000
24.80497313,8000.00000000,0.00000000
24.82097626,8000.00000000,0.00000000
24.83685112,8000.00000000,0.00000000
24.85348463,8000.00000000,0.00000000
24.86855650,8000.00000000,0.00000000
24.88552141,8000.00000000,0.00000000
24.90090752,8000.00000000,0.00000000
24.91654921,8000.00000000,0.00000000
24.93277407,8000.00000000,0.00000000
24.94919634,8000.00000000,0.00000000
24.96484089,8000.00000000,0.00000000
24.98084402,8000.00000000,0.00000000
24.99680471,8000.00000000,0.00000000
25.01341057,8000.00000000,0.00000000
25.02941608,8000.00000000,0.00000000
25.04479170,8000.00000000,0.00000000
25.06126118,8000.00000000,0.00000000
25.07711935,8000.00000000,0.00000000
25.09356308,8000.00000000,0.00000000
25.10912371,8000.00000000,0.00000000
25.12523937,8000.00000000,0.00000000
25.14036369,8000.00000000,0.00000000
25.15717649,8000.00000000,0.00000000
25.17276382,8000.00000000,0.00000000
25.18930292,8000.00000000,0.00000000
25.20506001,8000.00000000,0.00000000
25.22108746,8000.00000000,0.00000000
25.23704958,8000.00000000,0.00000000
25.25335789,8000.00000000,0.00000000
25.26886654,8000.00000000,0.00000000
25.28512859,8000.00000000,0.00000000
25.30144119,8000.00000000,0.00000000
25.31725264,8000.00000000,0.00000000
25.33265781,8000.00000000,0.00000000
25.34964895,8000.00000000,0.00000000
25.36503029,8000.00000000,0.00000000
25.38243628,8000.00000000,0.00000000
25.39690781,8000.00000000,0.00000000
25.41328764,8000.00000000,0.00000000
25.42937374,8000.00000000,0.00000000
25.44520855,8000.00000000,0.00000000
25.46149683,8000.00000000,0.00000000
25.47690344,8000.00000000,0.00000000
25.49334192,8000.00000000,0.00000000
25.50909948,8000.00000000,0.00000000
25.52538919,8000.00000000,0.00000000
25.54095602,8000.00000000,0.00000000
25.55690575,8000.00000000,0.00000000
25.57331181,8000.00000000,0.00000000
25.58865070,8000.00000000,0.00000000
25.60526800,8000.00000000,0.00000000
25.62074852,8000.00000000,0.00000000
25.63740158,8000.00000000,0.00000000
25.65262985,8000.00000000,0.00000000
25.66922951,8000.00000000,0.00000000
25.68493414,8000.00000000,0.00000000
25.70147991,8000.00000000,0.00000000
25.71728230,8000.00000000,0.00000000
25.73287582,8000.00000000,0.00000000
25.74855375,8000.00000000,0.00000000
25.76584482,8000.00000000,0.00000000
25.78123379,8000.00000000,0.00000000
25.79728651,8000.00000000,0.00000000
25.81263590,8000.00000000,0.00000000
25.82865572,8000.00000000,0.00000000
25.84546041,8000.00000000,0.00000000
25.86074352,8000.00000000,0.00000000
25.87696743,8000.00000000,0.00000000
25.89325666,8000.00000000,0.00000000
25.90925217,8000.00000000,0.00000000
25.92490768,8000.00000000,0.00000000
25.94148827,8000.00000000,0.00000000
25.95720577,8000.00000000,0.00000000
25.97284031,8000.00000000,0.00000000
25.98876476,8000.00000000,0.00000000
26.00456905,8000.00000000,0.00000000
26.02127504,8000.00000000,0.00000000
26.03652954,8000.00000000,0.00000000
26.05280447,8000.00000000,0.00000000
26.09877777,8000.00000000,0.00000000
26.14187479,8000.00000000,0.00000000
26.18658113,8000.00000000,0.00000000
26.23145533,8000.00000000,0.00000000
26.27533197,8000.00000000,0.00000000
26.32017136,8000.00000000,0.00000000
26.36677361,8000.00000000,0.00000000
26.41354513,8000.00000000,0.00000000
26.45824099,8000.00000000,0.00000000
26.50494146,8000.00000000,0.00000000
26.55070543,8000.00000000,0.00000000
26.59559011,8000.00000000,0.00000000
26.63895369,8000.00000000,0.00000000
26.68485785,8000.00000000,0.00000000
26.73139334,8000.00000000,0.00000000
26.77562237,8000.00000000,0.00000000
26.82041883,8000.00000000,0.00000000
26.86641455,8000.00000000,0.00000000
26.91171217,8000.00000000,0.00000000
26.95446157,8000.00000000,0.00000000
26.99991846,8000.00000000,0.00000000
27.04702902,8000.00000000,0.00000000
27.09169531,8000.00000000,0.00000000
27.13942337,8000.00000000,0.00000000
27.18438482,8000.00000000,0.00000000
27.22979832,8000.00000000,0.00000000
27.27379131,8000.00000000,0.00000000
27.31922579,8000.00000000,0.00000000
27.36456537,8000.00000000,0.00000000
27.40905190,8000.00000000,0.00000000
27.45394707,8000.00000000,0.00000000
27.49907780,8000.00000000,0.00000000
27.54500246,8000.00000000,0.00000000
27.59086561,8000.00000000,0.00000000
27.63469219,8000.00000000,0.00000000
27.68068457,8000.00000000,0.00000000
27.72552443,8000.00000000,0.00000000
27.77057457,8000.00000000,0.00000000
27.81648064,8000.00000000,0.00000000
27.86122179,8000.00000000,0.00000000
27.90572309,8000.00000000,0.00000000
27.95232010,8000.00000000,0.00000000
27.99716234,8000.00000000,0.00000000
28.04091311,8000.00000000,0.00000000
28.08537436,8000.00000000,0.00000000
28.12945986,8000.00000000,0.00000000
28.17481232,8000.00000000,0.00000000
28.21979809,8000.00000000,0.00000000
28.26507092,8000.00000000,0.00000000
28.30856705,8000.00000000,0.00000000
28.35290480,8000.00000000,0.00000000
28.39718962,8000.00000000,0.00000000
28.44297552,8000.00000000,0.00000000
28.48672199,8000.00000000,0.00000000
28.53248405,8000.00000000,0.00000000
28.58591270,8000.00000000,0.00000000
28.63746643,8000.00000000,0.00000000
28.68343401,8000.00000000,0.00000000
28.72947693,8000.00000000,0.00000000
28.77282047,8000.00000000,0.00000000
28.81712580,8000.00000000,0.00000000
28.86241102,8000.00000000,0.00000000
28.90605354,8000.00000000,0.00000000
28.94976759,8000.00000000,0.00000000
28.99508667,8000.00000000,0.00000000
29.04032755,8000.00000000,0.00000000
29.08622885,8000.00000000,0.00000000
29.13187122,8000.00000000,0.00000000
29.17495155,8000.00000000,0.00000000
29.22239733,8000.00000000,0.00000000
29.26827908,8000.00000000,0.00000000
29.31273699,8000.00000000,0.00000000
29.35691404,8000.00000000,0.00000000
29.40294075,8000.00000000,0.00000000
29.44925880,8000.00000000,0.00000000
29.49559450,8000.00000000,0.00000000
29.54232740,8000.00000000,0.00000000
29.58666754,8000.00000000,0.00000000
29.63158226,8000.00000000,0.00000000
29.67541504,8000.00000000,0.00000000
29.72071791,8000.00000000,0.00000000
29.76592112,8000.00000000,0.00000000
29.81075096,8000.00000000,0.00000000
29.85477638,8000.00000000,0.00000000
29.89942980,8000.00000000,0.00000000
29.94315815,8000.00000000,0.00000000
29.98703527,8000.00000000,0.00000000
30.03157806,8000.00000000,0.00000000
30.07599878,8000.00000000,0.00000000
30.12075377,8000.00000000,0.00000000
30.16578484,8000.00000000,0.00000000
30.21134853,8000.00000000,0.00000000
30.25745392,8000.00000000,0.00000000
30.30325842,8000.00000000,0.00000000
30.35067415,8000.00000000,0.00000000
30.39561033,8000.00000000,0.00000000
30.43887711,8000.00000000,0.00000000
30.48533678,8000.00000000,0.00000000
30.53266954,8000.00000000,0.00000000
30.57838774,8000.00000000,0.00000000
30.62438393,8000.00000000,0.00000000
30.66854143,8000.00000000,0.00000000
30.71493912,8000.00000000,0.00000000
30.75904560,8000.00000000,0.00000000
30.80461359,8000.00000000,0.00000000
30.85021544,8000.00000000,0.00000000
30.89578390,8000.00000000,0.00000000
30.91690159,8000.00000000,0.00000000
30.93694305,8000.00000000,0.00000000
30.95258808,8000.00000000,0.00000000
30.96898746,8000.00000000,0.00000000
30.98461056,8000.00000000,0.00000000
30.99947262,8000.00000000,0.00000000
31.01550055,8000.00000000,0.00000000
31.03093004,8000.00000000,0.00000000
31.04732370,8000.00000000,0.00000000
31.06232214,8000.00000000,0.00000000
31.07845449,8000.00000000,0.00000000
31.09294367,8000.00000000,0.00000000
31.10923862,8000.00000000,0.00000000
31.12449646,8000.00000000,0.00000000
31.14073849,8000.00000000,0.00000000
31.15688658,8000.00000000,0.00000000
31.17213535,8000.00000000,0.00000000
31.18865633,8000.00000000,0.00000000
31.20522690,8000.00000000,0.00000000
31.22095680,8000.00000000,0.00000000
31.23673916,8000.00000000,0.00000000
31.25303841,8000.00000000,0.00000000
31.26942635,8000.00000000,0.00000000
31.28517914,8000.00000000,0.00000000
31.30121708,8000.00000000,0.00000000
31.31699657,8000.00000000,0.00000000
31.33330488,8000.00000000,0.00000000
31.34885740,8000.00000000,0.00000000
31.36536741,8000.00000000,0.00000000
31.38045931,8000.00000000,0.00000000
31.39716959,8000.00000000,0.00000000
31.41332960,8000.00000000,0.00000000
31.42831945,8000.00000000,0.00000000
31.44510317,8000.00000000,0.00000000
31.46225357,8000.00000000,0.00000000
31.47704935,8000.00000000,0.00000000
31.49362564,8000.00000000,0.00000000
31.50962496,8000.00000000,0.00000000
31.52492380,8000.00000000,0.00000000
31.54048872,8000.00000000,0.00000000
31.55670452,8000.00000000,0.00000000
31.57466364,8000.00000000,0.00000000
31.58934355,8000.00000000,0.00000000
31.60504341,8000.00000000,0.00000000
31.62133026,8000.00000000,0.00000000
31.63676310,8000.00000000,0.00000000
31.65254593,8000.00000000,0.00000000
31.66911030,8000.00000000,0.00000000
31.68476057,8000.00000000,0.00000000
31.70120096,8000.00000000,0.00000000
31.71744251,8000.00000000,0.00000000
31.73273420,8000.00000000,0.00000000
31.74928093,8000.00000000,0.00000000
31.76540565,8000.00000000,0.00000000
31.78177881,8000.00000000,0.00000000
31.79675055,8000.00000000,0.00000000
31.81272173,8000.00000000,0.00000000
31.82843161,8000.00000000,0.00000000
31.84446621,8000.00000000,0.00000000
31.86196041,8000.00000000,0.00000000
31.87866640,8000.00000000,0.00000000
31.89293623,8000.00000000,0.00000000
31.90951014,8000.00000000,0.00000000
31.92509604,8000.00000000,0.00000000
31.94085073,8000.00000000,0.00000000
31.95685434,8000.00000000,0.00000000
31.97340679,8000.00000000,0.00000000
31.98943663,8000.00000000,0.00000000
32.00459242,8000.00000000,0.00000000
32.02121782,8000.00000000,0.00000000
32.03690577,8000.00000000,0.00000000
32.05294132,8000.00000000,0.00000000
32.06966734,8000.00000000,0.00000000
32.08522987,8000.00000000,0.00000000
32.10079765,8000.00000000,0.00000000
32.11758137,8000.00000000,0.00000000
32.13307285,8000.00000000,0.00000000
32.14926767,8000.00000000,0.00000000
32.16457033,8000.00000000,0.00000000
32.18100977,8000.00000000,0.00000000
32.19752645,8000.00000000,0.00000000
32.21287251,8000.00000000,0.00000000
32.22904968,8000.00000000,0.00000000
32.24549007,8000.00000000,0.00000000
32.26079130,8000.00000000,0.00000000
32.27672863,8000.00000000,0.00000000
32.29267263,8000.00000000,0.00000000
32.30873299,8000.00000000,0.00000000
32.32543850,8000.00000000,0.00000000
32.34046412,8000.00000000,0.00000000
32.35723305,8000.00000000,0.00000000
32.37371731,8000.00000000,0.00000000
32.38930988,8000.00000000,0.00000000
32.40519810,8000.00000000,0.00000000
32.42185450,8000.00000000,0.00000000
32.43755865,8000.00000000,0.00000000
32.45344639,8000.00000000,0.00000000
32.46907616,8000.00000000,0.00000000
32.48588228,8000.00000000,0.00000000
32.50117064,8000.00000000,0.00000000
32.51703787,8000.00000000,0.00000000
32.53301382,8000.00000000,0.00000000
32.54854393,8000.00000000,0.00000000
32.56457090,8000.00000000,0.00000000
32.58216095,8000.00000000,0.00000000
32.59747410,8000.00000000,0.00000000
32.61306572,8000.00000000,0.00000000
32.62893343,8000.00000000,0.00000000
32.64467859,8000.00000000,0.00000000
32.66241741,8000.00000000,0.00000000
32.67699909,8000.00000000,0.00000000
32.69378233,8000.00000000,0.00000000
32.70956039,8000.00000000,0.00000000
32.72522545,8000.00000000,0.00000000
32.74106550,8000.00000000,0.00000000
32.75711727,8000.00000000,0.00000000
32.77302980,8000.00000000,0.00000000
32.78917742,8000.00000000,0.00000000
32.80556440,8000.00000000,0.00000000
32.82134342,8000.00000000,0.00000000
32.83725405,8000.00000000,0.00000000
32.85250425,8000.00000000,0.00000000
32.86891365,8000.00000000,0.00000000
32.88521814,8000.00000000,0.00000000
32.90139151,8000.00000000,0.00000000
32.91709232,8000.00000000,0.00000000
32.93269634,8000.00000000,0.00000000
32.94873810,8000.00000000,0.00000000
32.96527433,8000.00000000,0.00000000
32.98098421,8000.00000000,0.00000000
32.99710798,8000.00000000,0.00000000
33.01297760,8000.00000000,0.00000000
33.02864695,8000.00000000,0.00000000
33.04554605,8000.00000000,0.00000000
33.06113911,8000.00000000,0.00000000
33.07927656,8000.00000000,0.00000000
33.09404850,8000.00000000,0.00000000
33.11045980,8000.00000000,0.00000000
33.12602329,8000.00000000,0.00000000
33.14148331,8000.00000000,0.00000000
33.15699863,8000.00000000,0.00000000
33.17270184,8000.00000000,0.00000000
33.18927670,8000.00000000,0.00000000
33.20492411,8000.00000000,0.00000000
33.22074080,8000.00000000,0.00000000
33.23689985,8000.00000000,0.00000000
33.25262880,8000.00000000,0.00000000
33.26852942,8000.00000000,0.00000000
33.28494120,8000.00000000,0.00000000
33.30060101,8000.00000000,0.00000000
33.31675720,8000.00000000,0.00000000
33.33321238,8000.00000000,0.00000000
33.34951925,8000.00000000,0.00000000
33.36606884,8000.00000000,0.00000000
33.38148499,8000.00000000,0.00000000
33.39697170,8000.00000000,0.00000000
33.41276312,8000.00000000,0.00000000
33.42955828,8000.00000000,0.00000000
33.44411469,8000.00000000,0.00000000
33.46132708,8000.00000000,0.00000000
33.47745800,8000.00000000,0.00000000
33.49278641,8000.00000000,0.00000000
33.50924349,8000.00000000,0.00000000
33.52510643,8000.00000000,0.00000000
33.54053450,8000.00000000,0.00000000
33.55645609,8000.00000000,0.00000000
33.57277632,8000.00000000,0.00000000
33.58915091,8000.00000000,0.00000000
33.60509157,8000.00000000,0.00000000
33.62090874,8000.00000000,0.00000000
33.63684177,8000.00000000,0.00000000
33.65293121,8000.00000000,0.00000000
33.66949511,8000.00000000,0.00000000
33.68550587,8000.00000000,0.00000000
33.70136213,8000.00000000,0.00000000
33.71711874,8000.00000000,0.00000000
33.73294306,8000.00000000,0.00000000
33.74860811,8000.00000000,0.00000000
33.76492500,8000.00000000,0.00000000
33.78189611,8000.00000000,0.00000000
33.79697943,8000.00000000,0.00000000
33.81290245,8000.00000000,0.00000000
33.82891941,8000.00000000,0.00000000
33.84454632,8000.00000000,0.00000000
33.86121082,8000.00000000,0.00000000
33.87660074,8000.00000000,0.00000000
33.89352274,8000.00000000,0.00000000
33.90861320,8000.00000000,0.00000000
33.92516232,8000.00000000,0.00000000
33.94194412,8000.00000000,0.00000000
33.95786762,8000.00000000,0.00000000
33.97314835,8000.00000000,0.00000000
33.98944235,8000.00000000,0.00000000
34.00446224,8000.00000000,0.00000000
34.02140570,8000.00000000,0.00000000
34.03739071,8000.00000000,0.00000000
34.05299187,8000.00000000,0.00000000
34.06938171,8000.00000000,0.00000000
34.08534908,8000.00000000,0.00000000
34.10126543,8000.00000000,0.00000000
34.11784983,8000.00000000,0.00000000
34.13308954,8000.00000000,0.00000000
34.14902353,8000.00000000,0.00000000
34.16608763,8000.00000000,0.00000000
34.18212986,8000.00000000,0.00000000
34.19797993,8000.00000000,0.00000000
34.21343327,8000.00000000,0.00000000
34.22901440,8000.00000000,0.00000000
34.24498653,8000.00000000,0.00000000
34.26164293,8000.00000000,0.00000000
34.27809238,8000.00000000,0.00000000
34.29468536,8000.00000000,0.00000000
34.31090498,8000.00000000,0.00000000
34.32593107,8000.00000000,0.00000000
34.34090948,8000.00000000,0.00000000
34.35702801,8000.00000000,0.00000000
34.37295675,8000.00000000,0.00000000
34.38863134,8000.00000000,0.00000000
34.40463400,8000.00000000,0.00000000
34.42140532,8000.00000000,0.00000000
34.43722486,8000.00000000,0.00000000
34.45263004,8000.00000000,0.00000000
34.46867371,8000.00000000,0.00000000
34.48464203,8000.00000000,0.00000000
34.50111723,8000.00000000,0.00000000
34.51672125,8000.00000000,0.00000000
34.53566456,8000.00000000,0.00000000
34.55013847,8000.00000000,0.00000000
34.56728029,8000.00000000,0.00000000
34.58459139,8000.00000000,0.00000000
34.60018730,8000.00000000,0.00000000
34.61593533,8000.00000000,0.00000000
34.63338470,8000.00000000,0.00000000
34.64809608,8000.00000000,0.00000000
34.66598320,8000.00000000,0.00000000
34.68157864,8000.00000000,0.00000000
34.69681644,8000.00000000,0.00000000
34.71321106,8000.00000000,0.00000000
34.72954655,8000.00000000,0.00000000
34.74390793,8000.00000000,0.00000000
34.76009512,8000.00000000,0.00000000
34.77670145,8000.00000000,0.00000000
34.79191542,8000.00000000,0.00000000
34.80719090,8000.00000000,0.00000000
34.82355165,8000.00000000,0.00000000
34.83912516,8000.00000000,0.00000000
34.85475397,8000.00000000,0.00000000
34.87057304,8000.00000000,0.00000000
34.88516283,8000.00000000,0.00000000
34.90189886,8000.00000000,0.00000000
34.91659212,8000.00000000,0.00000000
34.93303156,8000.00000000,0.00000000
34.95056438,8000.00000000,0.00000000
34.98059177,8000.00000000,0.00000000
34.99763632,8000.00000000,0.00000000
35.01323223,8000.00000000,0.00000000
35.02934122,8000.00000000,0.00000000
35.04531431,8000.00000000,0.00000000
35.06251764,8000.00000000,0.00000000
35.07931519,8000.00000000,0.00000000
35.09668636,8000.00000000,0.00000000
35.11235380,8000.00000000,0.00000000
35.12886763,8000.00000000,0.00000000
35.14444256,8000.00000000,0.00000000
35.15968609,8000.00000000,0.00000000
35.17510128,8000.00000000,0.00000000
35.19191694,8000.00000000,0.00000000
35.20752716,8000.00000000,0.00000000
35.22264576,8000.00000000,0.00000000
35.23860025,8000.00000000,0.00000000
35.25485277,8000.00000000,0.00000000
35.26932764,8000.00000000,0.00000000
35.28539181,8000.00000000,0.00000000
35.30142593,8000.00000000,0.00000000
35.31717873,8000.00000000,0.00000000
35.33289146,8000.00000000,0.00000000
35.34889126,8000.00000000,0.00000000
35.36650515,8000.00000000,0.00000000
35.38183594,8000.00000000,0.00000000
35.39734840,8000.00000000,0.00000000
35.41522121,8000.00000000,0.00000000
35.43004799,8000.00000000,0.00000000
35.44570732,8000.00000000,0.00000000
35.46215630,8000.00000000,0.00000000
35.47837400,8000.00000000,0.00000000
35.49372864,8000.00000000,0.00000000
35.50917482,8000.00000000,0.00000000
35.52784204,8000.00000000,0.00000000
35.54255676,8000.00000000,0.00000000
35.55944347,8000.00000000,0.00000000
35.57681179,8000.00000000,0.00000000
35.59177446,8000.00000000,0.00000000
35.60926533,8000.00000000,0.00000000
35.62522793,8000.00000000,0.00000000
35.64207935,8000.00000000,0.00000000
35.65810728,8000.00000000,0.00000000
35.67388153,8000.00000000,0.00000000
35.68915606,8000.00000000,0.00000000
35.70473051,8000.00000000,0.00000000
35.72032833,8000.00000000,0.00000000
35.73514223,8000.00000000,0.00000000
35.75196123,8000.00000000,0.00000000
35.76719093,8000.00000000,0.00000000
35.78418779,8000.00000000,0.00000000
35.79968643,8000.00000000,0.00000000
35.81514359,8000.00000000,0.00000000
35.83201456,8000.00000000,0.00000000
35.84855127,8000.00000000,0.00000000
35.86412334,8000.00000000,0.00000000
35.88036251,8000.00000000,0.00000000
35.89622211,8000.00000000,0.00000000
35.91209984,8000.00000000,0.00000000
35.92865944,8000.00000000,0.00000000
35.94492245,8000.00000000,0.00000000
35.96149015,8000.00000000,0.00000000
35.97873449,8000.00000000,0.00000000
35.99392653,8000.00000000,0.00000000
36.00904322,8000.00000000,0.00000000
36.02553558,8000.00000000,0.00000000
36.04110622,8000.00000000,0.00000000
36.05665493,8000.00000000,0.00000000
36.07310390,8000.00000000,0.00000000
36.08804274,8000.00000000,0.00000000
36.10362244,8000.00000000,0.00000000
36.11924887,8000.00000000,0.00000000
36.13395977,8000.00000000,0.00000000
36.14898300,8000.00000000,0.00000000
36.16573095,8000.00000000,0.00000000
36.18119526,8000.00000000,0.00000000
36.19734764,8000.00000000,0.00000000
36.21265268,8000.00000000,0.00000000
36.22917652,8000.00000000,0.00000000
36.24477339,8000.00000000,0.00000000
36.26064491,8000.00000000,0.00000000
36.27750826,8000.00000000,0.00000000
36.29324961,8000.00000000,0.00000000
36.30862713,8000.00000000,0.00000000
36.32538033,8000.00000000,0.00000000
36.34176540,8000.00000000,0.00000000
36.35748291,8000.00000000,0.00000000
36.37325907,8000.00000000,0.00000000
36.38983965,8000.00000000,0.00000000
36.40449286,8000.00000000,0.00000000
36.42144346,8000.00000000,0.00000000
36.43711185,8000.00000000,0.00000000
36.45269012,8000.00000000,0.00000000
36.46853876,8000.00000000,0.00000000
36.48544359,8000.00000000,0.00000000
36.50054693,8000.00000000,0.00000000
36.51725864,8000.00000000,0.00000000
36.53302908,8000.00000000,0.00000000
36.54884481,8000.00000000,0.00000000
36.56540918,8000.00000000,0.00000000
36.58153534,8000.00000000,0.00000000
36.59697151,8000.00000000,0.00000000
36.61276770,8000.00000000,0.00000000
36.62946892,8000.00000000,0.00000000
36.64474773,8000.00000000,0.00000000
36.66156816,8000.00000000,0.00000000
36.67719412,8000.00000000,0.00000000
36.69296360,8000.00000000,0.00000000
36.70837641,8000.00000000,0.00000000
36.72530985,8000.00000000,0.00000000
36.74137926,8000.00000000,0.00000000
36.75700712,8000.00000000,0.00000000
36.77263737,8000.00000000,0.00000000
36.78929424,8000.00000000,0.00000000
36.80464983,8000.00000000,0.00000000
36.82138157,8000.00000000,0.00000000
36.83708572,8000.00000000,0.00000000
36.85342503,8000.00000000,0.00000000
36.86925888,8000.00000000,0.00000000
36.88460064,8000.00000000,0.00000000
36.90128613,8000.00000000,0.00000000
36.91695595,8000.00000000,0.00000000
36.93242168,8000.00000000,0.00000000
36.94920921,8000.00000000,0.00000000
36.96541309,8000.00000000,0.00000000
36.98097229,8000.00000000,0.00000000
36.99786282,8000.00000000,0.00000000
37.01295567,8000.00000000,0.00000000
37.02892685,8000.00000000,0.00000000
37.04507399,8000.00000000,0.00000000
37.06114626,8000.00000000,0.00000000
37.07733917,8000.00000000,0.00000000
37.09268904,8000.00000000,0.00000000
37.10905504,8000.00000000,0.00000000
37.12508345,8000.00000000,0.00000000
37.14068460,8000.00000000,0.00000000
37.15662670,8000.00000000,0.00000000
37.17285013,8000.00000000,0.00000000
37.18873167,8000.00000000,0.00000000
37.20556927,8000.00000000,0.00000000
37.22116375,8000.00000000,0.00000000
37.23745060,8000.00000000,0.00000000
37.25297546,8000.00000000,0.00000000
37.26935196,8000.00000000,0.00000000
37.28485870,8000.00000000,0.00000000
37.30044603,8000.00000000,0.00000000
37.31740713,8000.00000000,0.00000000
37.33308887,8000.00000000,0.00000000
37.34934378,8000.00000000,0.00000000
37.36646795,8000.00000000,0.00000000
37.38139009,8000.00000000,0.00000000
37.39722252,8000.00000000,0.00000000
37.41297388,8000.00000000,0.00000000
37.42852211,8000.00000000,0.00000000
37.44467354,8000.00000000,0.00000000
37.46124220,8000.00000000,0.00000000
37.47733545,8000.00000000,0.00000000
37.49290466,8000.00000000,0.00000000
37.50937033,8000.00000000,0.00000000
37.52477455,8000.00000000,0.00000000
37.54033852,8000.00000000,0.00000000
37.55718040,8000.00000000,0.00000000
37.57306576,8000.00000000,0.00000000
37.58861971,8000.00000000,0.00000000
37.60517406,8000.00000000,0.00000000
37.62131786,8000.00000000,0.00000000
37.63680649,8000.00000000,0.00000000
37.65268087,8000.00000000,0.00000000
37.66943359,8000.00000000,0.00000000
37.68531036,8000.00000000,0.00000000
37.70093679,8000.00000000,0.00000000
37.71669102,8000.00000000,0.00000000
37.73256922,8000.00000000,0.00000000
37.74937630,8000.00000000,0.00000000
37.76519346,8000.00000000,0.00000000
37.78062010,8000.00000000,0.00000000
37.79717541,8000.00000000,0.00000000
37.81326151,8000.00000000,0.00000000
37.82881641,8000.00000000,0.00000000
37.84581614,8000.00000000,0.00000000
37.86135530,8000.00000000,0.00000000
37.87682009,8000.00000000,0.00000000
37.89296293,8000.00000000,0.00000000
37.90941572,8000.00000000,0.00000000
37.92477655,8000.00000000,0.00000000
37.94082451,8000.00000000,0.00000000
37.95746183,8000.00000000,0.00000000
37.97337532,8000.00000000,0.00000000
37.98939323,8000.00000000,0.00000000
38.00500250,8000.00000000,0.00000000
38.02073145,8000.00000000,0.00000000
38.03642607,8000.00000000,0.00000000
38.05288410,8000.00000000,0.00000000
38.06924534,8000.00000000,0.00000000
38.08519697,8000.00000000,0.00000000
38.10121536,8000.00000000,0.00000000
38.11694336,8000.00000000,0.00000000
38.13260412,8000.00000000,0.00000000
38.14884138,8000.00000000,0.00000000
38.16428900,8000.00000000,0.00000000
38.18062639,8000.00000000,0.00000000
38.19688797,8000.00000000,0.00000000
38.21381187,8000.00000000,0.00000000
38.22899103,8000.00000000,0.00000000
38.24480104,8000.00000000,0.00000000
38.26227999,8000.00000000,0.00000000
38.27745247,8000.00000000,0.00000000
38.29314089,8000.00000000,0.00000000
38.30846882,8000.00000000,0.00000000
38.32453489,8000.00000000,0.00000000
38.34105635,8000.00000000,0.00000000
38.35656929,8000.00000000,0.00000000
38.37314653,8000.00000000,0.00000000
38.38933086,8000.00000000,0.00000000
38.40448332,8000.00000000,0.00000000
38.42105913,8000.00000000,0.00000000
38.43700457,8000.00000000,0.00000000
38.45327854,8000.00000000,0.00000000
38.46922159,8000.00000000,0.00000000
38.48510456,8000.00000000,0.00000000
38.50113440,8000.00000000,0.00000000
38.51734352,8000.00000000,0.00000000
38.53301430,8000.00000000,0.00000000
38.54877901,8000.00000000,0.00000000
38.56546497,8000.00000000,0.00000000
38.58100796,8000.00000000,0.00000000
38.59729910,8000.00000000,0.00000000
38.61345387,8000.00000000,0.00000000
38.62878609,8000.00000000,0.00000000
38.64658308,8000.00000000,0.00000000
38.66120863,8000.00000000,0.00000000
38.67661476,8000.00000000,0.00000000
38.69334269,8000.00000000,0.00000000
38.70885372,8000.00000000,0.00000000
38.72540522,8000.00000000,0.00000000
38.74150276,8000.00000000,0.00000000
38.75674582,8000.00000000,0.00000000
38.77246189,8000.00000000,0.00000000
38.78919697,8000.00000000,0.00000000
38.80479622,8000.00000000,0.00000000
38.82092047,8000.00000000,0.00000000
38.83629227,8000.00000000,0.00000000
38.85301161,8000.00000000,0.00000000
38.86922646,8000.00000000,0.00000000
38.88516140,8000.00000000,0.00000000
38.90102816,8000.00000000,0.00000000
38.91722918,8000.00000000,0.00000000
38.93255663,8000.00000000,0.00000000
38.94877863,8000.00000000,0.00000000
38.96543169,8000.00000000,0.00000000
38.98068094,8000.00000000,0.00000000
38.99724722,8000.00000000,0.00000000
39.01425838,8000.00000000,0.00000000
39.02975893,8000.00000000,0.00000000
39.04608440,8000.00000000,0.00000000
39.06146622,8000.00000000,0.00000000
39.07671118,8000.00000000,0.00000000
39.09251451,8000.00000000,0.00000000
39.10836220,8000.00000000,0.00000000
39.12471342,8000.00000000,0.00000000
39.14079618,8000.00000000,0.00000000
39.15737867,8000.00000000,0.00000000
39.17338037,8000.00000000,0.00000000
39.18889523,8000.00000000,0.00000000
39.20483065,8000.00000000,0.00000000
39.22134829,8000.00000000,0.00000000
39.23753357,8000.00000000,0.00000000
39.25276661,8000.00000000,0.00000000
39.26882648,8000.00000000,0.00000000
39.28547192,8000.00000000,0.00000000
39.30142879,8000.00000000,0.00000000
39.31700516,8000.00000000,0.00000000
39.33284235,8000.00000000,0.00000000
39.34857798,8000.00000000,0.00000000
39.36516237,8000.00000000,0.00000000
39.38179016,8000.00000000,0.00000000
39.39730835,8000.00000000,0.00000000
39.41338015,8000.00000000,0.00000000
39.42885303,8000.00000000,0.00000000
39.44492102,8000.00000000,0.00000000
39.46247768,8000.00000000,0.00000000
39.47831154,8000.00000000,0.00000000
39.49353456,8000.00000000,0.00000000
39.50910759,8000.00000000,0.00000000
39.52459192,8000.00000000,0.00000000
39.54085350,8000.00000000,0.00000000
39.55760813,8000.00000000,0.00000000
39.57323170,8000.00000000,0.00000000
39.58889532,8000.00000000,0.00000000
39.60416842,8000.00000000,0.00000000
39.62129068,8000.00000000,0.00000000
39.63747931,8000.00000000,0.00000000
39.65306044,8000.00000000,0.00000000
39.66853380,8000.00000000,0.00000000
39.68542624,8000.00000000,0.00000000
39.70141125,8000.00000000,0.00000000
39.71759892,8000.00000000,0.00000000
39.73321104,8000.00000000,0.00000000
39.74920702,8000.00000000,0.00000000
39.76551771,8000.00000000,0.00000000
39.78117752,8000.00000000,0.00000000
39.79783440,8000.00000000,0.00000000
39.81334305,8000.00000000,0.00000000
39.82966566,8000.00000000,0.00000000
39.84576082,8000.00000000,0.00000000
39.86163139,8000.00000000,0.00000000
39.87718010,8000.00000000,0.00000000
39.89365625,8000.00000000,0.00000000
39.90915680,8000.00000000,0.00000000
39.92485714,8000.00000000,0.00000000
39.94090700,8000.00000000,0.00000000
39.95662928,8000.00000000,0.00000000
39.97283506,8000.00000000,0.00000000
39.98901606,8000.00000000,0.00000000
40.00547314,8000.00000000,0.00000000
40.02053785,8000.00000000,0.00000000
40.03653622,8000.00000000,0.00000000
40.05273437,8000.00000000,0.00000000
40.06864548,8000.00000000,0.00000000
40.08539438,8000.00000000,0.00000000
40.10106230,8000.00000000,0.00000000
40.11677122,8000.00000000,0.00000000
40.13327551,8000.00000000,0.00000000
40.14854097,8000.00000000,0.00000000
40.16561842,8000.00000000,0.00000000
40.18038845,8000.00000000,0.00000000
40.19656134,8000.00000000,0.00000000
40.21373034,8000.00000000,0.00000000
40.22924328,8000.00000000,0.00000000
40.24496078,8000.00000000,0.00000000
40.26278687,8000.00000000,0.00000000
40.27825069,8000.00000000,0.00000000
40.29333305,8000.00000000,0.00000000
40.30920219,8000.00000000,0.00000000
40.32476997,8000.00000000,0.00000000
40.34005594,8000.00000000,0.00000000
40.35719204,8000.00000000,0.00000000
0.00000000,0.00000000,0.00000000
0.02527905,0.00000000,0.00000000
0.05753088,0.00000000,0.00000000
0.08328867,0.00000000,0.00000000
0.10541391,0.00000000,0.00000000
0.12185287,0.00000000,0.00000000
0.13815117,0.00000000,0.00000000
0.15373564,0.00000000,0.00000000
0.16928291,0.00000000,0.00000000
0.18593264,0.00000000,0.00000000
0.20142555,0.00000000,0.00000000
0.21751976,0.00000000,0.00000000
0.23310757,0.00000000,0.00000000
0.24939442,0.00000000,0.00000000
0.26532555,0.00000000,0.00000000
0.28134632,0.00000000,0.00000000
0.29719400,0.00000000,0.00000000
0.31336212,0.00000000,0.00000000
0.32970476,0.00000000,0.00000000
0.34552479,0.00000000,0.00000000
0.36067772,0.00000000,0.00000000
0.37770700,0.00000000,0.00000000
0.39321947,0.00000000,0.00000000
0.40973425,0.00000000,0.00000000
0.42508650,0.00000000,0.00000000
0.44162941,0.00000000,0.00000000
0.45709705,0.00000000,0.00000000
0.47343302,0.00000000,0.00000000
0.48944139,0.00000000,0.00000000
0.50564861,0.00000000,0.00000000
0.52158165,0.00000000,0.00000000
0.53755522,0.00000000,0.00000000
0.55393410,0.00000000,0.00000000
0.56956434,0.00000000,0.00000000
0.58547735,0.00000000,0.00000000
0.60119581,0.00000000,0.00000000
0.61712885,0.00000000,0.00000000
0.63320827,0.00000000,0.00000000
0.64887524,0.00000000,0.00000000
0.66591072,0.00000000,0.00000000
0.68120241,0.00000000,0.00000000
0.69682789,0.00000000,0.00000000
0.71321058,0.00000000,0.00000000
0.72939110,0.00000000,0.00000000
0.74526548,0.00000000,0.00000000
0.76158524,0.00000000,0.00000000
0.77694035,0.00000000,0.00000000
0.79335022,0.00000000,0.00000000
0.80985785,0.00000000,0.00000000
0.82539129,0.00000000,0.00000000
0.84147787,0.00000000,0.00000000
0.85763836,0.00000000,0.00000000
0.87356186,0.00000000,0.00000000
0.88963509,0.00000000,0.00000000
0.90545750,0.00000000,0.00000000
0.92132282,0.00000000,0.00000000
0.93819761,0.00000000,0.00000000
0.95457983,0.00000000,0.00000000
0.97022295,0.00000000,0.00000000
0.98563099,0.00000000,0.00000000
1.00116253,0.00000000,0.00000000
1.01750994,0.00000000,0.00000000
1.03319788,0.00000000,0.00000000
1.04984426,0.00000000,0.00000000
1.06524611,0.00000000,0.00000000
1.08185482,0.00000000,0.00000000
1.09718513,0.00000000,0.00000000
1.11373997,0.00000000,0.00000000
1.12931252,0.00000000,0.00000000
1.14577818,0.00000000,0.00000000
1.16180801,0.00000000,0.00000000
1.17748499,0.00000000,0.00000000
1.19354391,0.00000000,0.00000000
1.20916557,0.00000000,0.00000000
1.22582579,0.00000000,0.00000000
1.24136019,0.00000000,0.00000000
1.25699425,0.00000000,0.00000000
1.27376127,0.00000000,0.00000000
1.28951263,0.00000000,0.00000000
1.30594587,0.00000000,0.00000000
1.32177019,0.00000000,0.00000000
1.33704519,0.00000000,0.00000000
1.35323095,0.00000000,0.00000000
1.37020063,0.00000000,0.00000000
1.40160370,0.00000000,0.00000000
1.41761971,0.00000000,0.00000000
1.43317604,0.00000000,0.00000000
1.44895601,0.00000000,0.00000000
1.46559763,0.00000000,0.00000000
1.48118353,0.00000000,0.00000000
1.49700212,0.00000000,0.00000000
1.51346588,0.00000000,0.00000000
1.52933073,0.00000000,0.00000000
1.54585028,0.00000000,0.00000000
1.56095695,0.00000000,0.00000000
1.57717848,0.00000000,0.00000000
1.59384966,0.00000000,0.00000000
1.60879421,0.00000000,0.00000000
1.62546062,0.00000000,0.00000000
1.64125967,0.00000000,0.00000000
1.65763569,0.00000000,0.00000000
1.67325163,0.00000000,0.00000000
1.69053459,0.00000000,0.00000000
1.70595646,0.00000000,0.00000000
1.72339487,0.00000000,0.00000000
1.73998260,0.00000000,0.00000000
1.75525522,0.00000000,0.00000000
1.77076149,0.00000000,0.00000000
1.78667784,0.00000000,0.00000000
1.80203581,0.00000000,0.00000000
1.81745052,0.00000000,0.00000000
1.83378983,0.00000000,0.00000000
1.84902000,0.00000000,0.00000000
1.86532545,0.00000000,0.00000000
1.88168716,0.00000000,0.00000000
1.89737225,0.00000000,0.00000000
1.91340351,0.00000000,0.00000000
1.92987585,0.00000000,0.00000000
1.94514227,0.00000000,0.00000000
1.97388744,0.00000000,0.00000000
1.99341631,0.00000000,0.00000000
2.00935602,0.00000000,0.00000000
2.02495909,0.00000000,0.00000000
2.04131222,0.00000000,0.00000000
2.05747271,0.00000000,0.00000000
2.07272863,0.00000000,0.00000000
2.09034681,0.00000000,0.00000000
2.10600376,0.00000000,0.00000000
2.12157345,0.00000000,0.00000000
2.13769722,0.00000000,0.00000000
2.15269136,0.00000000,0.00000000
2.16945791,0.00000000,0.00000000
2.18601322,0.00000000,0.00000000
2.20105028,0.00000000,0.00000000
2.21713305,0.00000000,0.00000000
2.23338509,0.00000000,0.00000000
2.24968481,0.00000000,0.00000000
2.26503754,0.00000000,0.00000000
2.28147554,0.00000000,0.00000000
2.29711246,0.00000000,0.00000000
2.31313133,0.00000000,0.00000000
2.32893610,0.00000000,0.00000000
2.34555435,0.00000000,0.00000000
2.36209345,0.00000000,0.00000000
2.37777853,0.00000000,0.00000000
2.39328527,0.00000000,0.00000000
2.40960455,0.00000000,0.00000000
2.42502117,0.00000000,0.00000000
2.44138956,0.00000000,0.00000000
2.45777941,0.00000000,0.00000000
2.47395134,0.00000000,0.00000000
2.48928738,0.00000000,0.00000000
2.50567818,0.00000000,0.00000000
2.52198076,0.00000000,0.00000000
2.53723049,0.00000000,0.00000000
2.55374956,0.00000000,0.00000000
2.57010841,0.00000000,0.00000000
2.58501625,0.00000000,0.00000000
2.60133314,0.00000000,0.00000000
2.61734581,0.00000000,0.00000000
2.63364172,0.00000000,0.00000000
2.64881086,0.00000000,0.00000000
2.66517210,0.00000000,0.00000000
2.68602991,0.00000000,0.00000000
2.70688391,0.00000000,0.00000000
2.72943640,0.00000000,0.00000000
2.74574900,0.00000000,0.00000000
2.76142120,0.00000000,0.00000000
2.77701473,0.00000000,0.00000000
2.79291534,0.00000000,0.00000000
2.80951929,0.00000000,0.00000000
2.82578897,0.00000000,0.00000000
2.84170628,0.00000000,0.00000000
2.85738325,0.00000000,0.00000000
2.87298727,0.00000000,0.00000000
2.88992071,0.00000000,0.00000000
2.90550423,0.00000000,0.00000000
2.92174196,0.00000000,0.00000000
2.93754959,0.00000000,0.00000000
2.95324039,0.00000000,0.00000000
2.96990967,0.00000000,0.00000000
2.98530769,0.00000000,0.00000000
3.00149059,0.00000000,0.00000000
3.01707888,0.00000000,0.00000000
3.03384876,0.00000000,0.00000000
3.04963398,0.00000000,0.00000000
3.06651735,0.00000000,0.00000000
3.08132792,0.00000000,0.00000000
3.09709883,0.00000000,0.00000000
3.11363459,0.00000000,0.00000000
3.12895870,0.00000000,0.00000000
3.14555454,0.00000000,0.00000000
3.16149998,0.00000000,0.00000000
3.17736959,0.00000000,0.00000000
3.19351721,0.00000000,0.00000000
3.20892859,0.00000000,0.00000000
3.22530317,0.00000000,0.00000000
3.24061871,0.00000000,0.00000000
3.25768661,0.00000000,0.00000000
3.27312565,0.00000000,0.00000000
3.28937817,0.00000000,0.00000000
3.30583096,0.00000000,0.00000000
3.32194948,0.00000000,0.00000000
3.33688498,0.00000000,0.00000000
3.35369825,0.00000000,0.00000000
3.36928844,0.00000000,0.00000000
3.38568258,0.00000000,0.00000000
3.40124035,0.00000000,0.00000000
3.41780615,0.00000000,0.00000000
3.43324471,0.00000000,0.00000000
3.44987631,0.00000000,0.00000000
3.46484756,0.00000000,0.00000000
3.48136616,0.00000000,0.00000000
3.49765968,0.00000000,0.00000000
3.51374245,0.00000000,0.00000000
3.52942753,0.00000000,0.00000000
3.54556227,0.00000000,0.00000000
3.56120634,0.00000000,0.00000000
3.57705164,0.00000000,0.00000000
3.59282398,0.00000000,0.00000000
3.60925245,0.00000000,0.00000000
3.62596703,0.00000000,0.00000000
3.64168406,0.00000000,0.00000000
3.65741634,0.00000000,0.00000000
3.67524481,0.00000000,0.00000000
3.69020319,0.00000000,0.00000000
3.70577049,0.00000000,0.00000000
3.72152805,0.00000000,0.00000000
3.73793316,0.00000000,0.00000000
3.75366020,0.00000000,0.00000000
3.77053595,0.00000000,0.00000000
3.78658247,0.00000000,0.00000000
3.80132914,0.00000000,0.00000000
3.81786728,0.00000000,0.00000000
3.83355284,0.00000000,0.00000000
3.84954119,0.00000000,0.00000000
3.86519003,0.00000000,0.00000000
3.88192558,0.00000000,0.00000000
3.89827299,0.00000000,0.00000000
3.91358852,0.00000000,0.00000000
3.92895031,0.00000000,0.00000000
3.94567156,0.00000000,0.00000000
3.96158648,0.00000000,0.00000000
3.97698975,0.00000000,0.00000000
3.99352789,0.00000000,0.00000000
4.00994301,0.00000000,0.00000000
4.02590322,0.00000000,0.00000000
4.04169273,0.00000000,0.00000000
4.05693197,0.00000000,0.00000000
4.07352400,0.00000000,0.00000000
4.08901691,0.00000000,0.00000000
4.10641336,0.00000000,0.00000000
4.12221670,0.00000000,0.00000000
4.13731527,0.00000000,0.00000000
4.15350485,0.00000000,0.00000000
4.17006063,0.00000000,0.00000000
4.18566561,0.00000000,0.00000000
4.20156765,0.00000000,0.00000000
4.21761608,0.00000000,0.00000000
4.23365688,0.00000000,0.00000000
4.24925804,0.00000000,0.00000000
4.26476765,0.00000000,0.00000000
4.28150129,0.00000000,0.00000000
4.29755116,0.00000000,0.00000000
4.31322050,0.00000000,0.00000000
4.32984018,0.00000000,0.00000000
4.34574795,0.00000000,0.00000000
4.36161661,0.00000000,0.00000000
4.37805080,0.00000000,0.00000000
4.39379072,0.00000000,0.00000000
4.40963745,0.00000000,0.00000000
4.42519855,0.00000000,0.00000000
4.44178820,0.00000000,0.00000000
4.45714951,0.00000000,0.00000000
4.47411156,0.00000000,0.00000000
4.48892546,0.00000000,0.00000000
4.50583887,0.00000000,0.00000000
4.52133465,0.00000000,0.00000000
4.53803921,0.00000000,0.00000000
4.55337667,0.00000000,0.00000000
4.57010126,0.00000000,0.00000000
4.58591127,0.00000000,0.00000000
4.60211039,0.00000000,0.00000000
4.61712980,0.00000000,0.00000000
4.63337421,0.00000000,0.00000000
4.64992189,0.00000000,0.00000000
4.66551495,0.00000000,0.00000000
4.68195438,0.00000000,0.00000000
4.69787312,0.00000000,0.00000000
4.71348381,0.00000000,0.00000000
4.72905970,0.00000000,0.00000000
4.74511957,0.00000000,0.00000000
4.76096153,0.00000000,0.00000000
4.77698803,0.00000000,0.00000000
4.79356956,0.00000000,0.00000000
4.81020594,0.00000000,0.00000000
4.82453680,0.00000000,0.00000000
4.84188366,0.00000000,0.00000000
4.85766125,0.00000000,0.00000000
4.87398005,0.00000000,0.00000000
4.88947868,0.00000000,0.00000000
4.90569592,0.00000000,0.00000000
4.92135286,0.00000000,0.00000000
4.93758297,0.00000000,0.00000000
4.95323849,0.00000000,0.00000000
4.96994877,0.00000000,0.00000000
4.98564386,0.00000000,0.00000000
5.00160027,0.00000000,0.00000000
5.01727581,0.00000000,0.00000000
5.03278828,0.00000000,0.00000000
5.04949617,0.00000000,0.00000000
5.06592274,0.00000000,0.00000000
5.08083725,0.00000000,0.00000000
5.09756231,0.00000000,0.00000000
5.11321783,0.00000000,0.00000000
5.13253164,0.00000000,0.00000000
5.17782879,0.00000000,0.00000000
5.19353199,0.00000000,0.00000000
5.20935249,0.00000000,0.00000000
5.22589302,0.00000000,0.00000000
5.24231052,0.00000000,0.00000000
5.26382828,0.00000000,0.00000000
5.28956175,0.00000000,0.00000000
5.30691099,0.00000000,0.00000000
5.32184219,0.00000000,0.00000000
5.35310030,0.00000000,0.00000000
5.36943626,0.00000000,0.00000000
5.38486290,0.00000000,0.00000000
5.40120554,0.00000000,0.00000000
5.41752672,0.00000000,0.00000000
5.43348551,0.00000000,0.00000000
5.44981289,0.00000000,0.00000000
5.46631908,0.00000000,0.00000000
5.48104668,0.00000000,0.00000000
5.49998093,0.00000000,0.00000000
5.51455498,0.00000000,0.00000000
5.52979612,0.00000000,0.00000000
5.54562283,0.00000000,0.00000000
5.56187296,0.00000000,0.00000000
5.57768440,0.00000000,0.00000000
5.59388208,0.00000000,0.00000000
5.60989857,0.00000000,0.00000000
5.65429497,0.00000000,0.00000000
5.67952919,0.00000000,0.00000000
5.70540237,0.00000000,0.00000000
5.72251749,0.00000000,0.00000000
5.73870611,0.00000000,0.00000000
5.75346851,0.00000000,0.00000000
5.77007914,0.00000000,0.00000000
5.78576851,0.00000000,0.00000000
5.83107996,0.00000000,0.00000000
5.84937572,0.00000000,0.00000000
5.87012529,0.00000000,0.00000000
5.89736700,8000.00000000,0.00000000
5.91319561,8000.00000000,281.25000000
5.93483686,8000.00000000,1593.75000000
5.94993877,8000.00000000,2437.50000000
5.96499777,8000.00000000,3187.50000000
5.98019505,8000.00000000,4031.25000000
5.99515104,8000.00000000,4500.00000000
6.01710606,8000.00000000,5437.50000000
6.04164934,8000.00000000,6093.75000000
6.06182528,8000.00000000,6468.75000000
6.07842875,8000.00000000,6937.50000000
6.09559965,8000.00000000,7125.00000000
6.11256266,8000.00000000,7406.25000000
6.13752270,8000.00000000,7687.50000000
6.15370607,8000.00000000,7875.00000000
6.16937304,8000.00000000,7875.00000000
6.19318390,8000.00000000,7968.75000000
6.21746540,8000.00000000,8062.50000000
6.23558140,8000.00000000,8156.25000000
6.25193310,8000.00000000,8156.25000000
6.26714945,8000.00000000,8343.75000000
6.31204605,8000.00000000,8156.25000000
6.32937670,8000.00000000,8156.25000000
6.34510851,8000.00000000,8156.25000000
6.36142778,8000.00000000,8156.25000000
6.38034630,8000.00000000,8156.25000000
6.39567518,8000.00000000,8062.50000000
6.41064548,8000.00000000,8062.50000000
6.42545557,8000.00000000,8156.25000000
6.44114447,8000.00000000,8156.25000000
6.46218109,8000.00000000,8062.50000000
6.47694063,8000.00000000,8062.50000000
6.49591780,8000.00000000,8062.50000000
6.51113367,8000.00000000,8062.50000000
6.56010056,8000.00000000,8156.25000000
6.57508230,8000.00000000,8062.50000000
6.58947468,8000.00000000,7968.75000000
6.60622978,8000.00000000,7968.75000000
6.62213755,8000.00000000,7968.75000000
6.63693714,8000.00000000,7968.75000000
6.65148067,8000.00000000,7968.75000000
6.66927767,8000.00000000,7968.75000000
6.69331694,8000.00000000,7968.75000000
6.71337748,8000.00000000,8062.50000000
6.73423290,8000.00000000,7968.75000000
6.75788403,8000.00000000,7968.75000000
6.77736950,8000.00000000,7968.75000000
6.79294825,8000.00000000,7968.75000000
6.81002092,8000.00000000,8062.50000000
6.82898092,8000.00000000,7968.75000000
6.84348917,8000.00000000,8062.50000000
6.86005592,8000.00000000,8062.50000000
6.87438154,8000.00000000,8062.50000000
6.88935518,8000.00000000,8062.50000000
6.90606594,8000.00000000,7968.75000000
6.92122078,8000.00000000,7968.75000000
6.93775606,8000.00000000,7875.00000000
6.95316792,8000.00000000,8062.50000000
6.97739697,8000.00000000,7968.75000000
6.99337482,8000.00000000,7968.75000000
7.00848436,8000.00000000,7968.75000000
7.02354670,8000.00000000,7968.75000000
7.04050064,8000.00000000,7968.75000000
7.06537819,8000.00000000,8062.50000000
7.08083582,8000.00000000,7968.75000000
7.09700584,8000.00000000,7968.75000000
7.11369610,8000.00000000,7968.75000000
7.12897444,8000.00000000,7968.75000000
7.14544487,8000.00000000,7968.75000000
7.16125107,8000.00000000,7968.75000000
7.17764521,8000.00000000,8062.50000000
7.19309092,8000.00000000,7968.75000000
7.20972347,8000.00000000,8062.50000000
7.22585297,8000.00000000,8062.50000000
7.24190950,8000.00000000,8062.50000000
7.25696278,8000.00000000,7968.75000000
7.27551460,8000.00000000,7968.75000000
7.29475403,8000.00000000,8062.50000000
7.31101084,8000.00000000,7968.75000000
7.32712650,8000.00000000,7968.75000000
7.34226847,8000.00000000,8062.50000000
7.35890150,8000.00000000,7968.75000000
7.37360668,8000.00000000,7968.75000000
7.38907051,8000.00000000,7875.00000000
7.40485477,8000.00000000,7968.75000000
7.42148972,8000.00000000,8062.50000000
7.43731880,8000.00000000,7968.75000000
7.45171404,8000.00000000,8062.50000000
7.46824074,8000.00000000,8062.50000000
7.48430920,8000.00000000,7968.75000000
7.49897051,8000.00000000,8062.50000000
7.51493740,8000.00000000,7968.75000000
7.52978420,8000.00000000,7968.75000000
7.54614115,8000.00000000,7968.75000000
7.56187010,8000.00000000,7968.75000000
7.57762384,8000.00000000,7968.75000000
7.59367990,8000.00000000,7968.75000000
7.60903454,8000.00000000,7968.75000000
7.62504625,8000.00000000,7968.75000000
7.64262581,8000.00000000,7968.75000000
7.65776491,8000.00000000,7968.75000000
7.67696953,8000.00000000,7968.75000000
7.69790697,8000.00000000,7968.75000000
7.72148991,8000.00000000,8062.50000000
7.74343443,8000.00000000,7968.75000000
7.75841522,8000.00000000,8062.50000000
7.77403593,8000.00000000,8062.50000000
7.79177427,8000.00000000,7968.75000000
7.80658579,8000.00000000,7968.75000000
7.83337831,8000.00000000,7968.75000000
7.84885550,8000.00000000,7968.75000000
7.86542177,8000.00000000,7968.75000000
7.88106108,8000.00000000,7968.75000000
7.89716101,8000.00000000,7968.75000000
7.91305017,8000.00000000,8062.50000000
7.92910528,8000.00000000,7968.75000000
7.94540215,8000.00000000,7968.75000000
7.96160221,8000.00000000,8062.50000000
7.97742558,8000.00000000,8062.50000000
7.99305916,8000.00000000,8062.50000000
8.00904799,8000.00000000,8062.50000000
8.02534294,8000.00000000,8062.50000000
8.04099274,8000.00000000,8062.50000000
8.05770922,8000.00000000,7968.75000000
8.07329893,8000.00000000,7968.75000000
8.08894444,8000.00000000,8062.50000000
8.10542011,8000.00000000,8062.50000000
8.12178421,8000.00000000,7968.75000000
8.13726234,8000.00000000,7968.75000000
8.15343428,8000.00000000,7968.75000000
8.17241907,8000.00000000,7968.75000000
8.18765831,8000.00000000,7968.75000000
8.20340681,8000.00000000,31968.75000000
8.22047377,8000.00000000,7593.75000000
8.23669672,8000.00000000,7218.75000000
8.25371838,8000.00000000,7875.00000000
8.26936197,8000.00000000,8343.75000000
8.28483248,8000.00000000,8625.00000000
8.30419350,8000.00000000,8906.25000000
8.32898808,8000.00000000,9281.25000000
8.34506798,8000.00000000,9281.25000000
8.36155701,8000.00000000,9468.75000000
8.37699556,8000.00000000,9281.25000000
8.39370346,8000.00000000,9375.00000000
8.40945196,8000.00000000,9468.75000000
8.42523384,8000.00000000,9375.00000000
8.44169760,8000.00000000,9187.50000000
8.45849752,8000.00000000,9187.50000000
8.47419930,8000.00000000,9093.75000000
8.49145317,8000.00000000,9093.75000000
8.50695705,8000.00000000,8906.25000000
8.52482224,8000.00000000,8812.50000000
8.54012489,8000.00000000,8812.50000000
8.55513763,8000.00000000,8625.00000000
8.57092905,8000.00000000,8531.25000000
8.58689117,8000.00000000,8437.50000000
8.60151482,8000.00000000,8531.25000000
8.61730766,8000.00000000,8437.50000000
8.63364649,8000.00000000,8343.75000000
8.64973783,8000.00000000,8250.00000000
8.66524172,8000.00000000,8250.00000000
8.68494987,8000.00000000,8250.00000000
8.70173264,8000.00000000,8156.25000000
8.71884441,8000.00000000,8156.25000000
8.73365355,8000.00000000,8156.25000000
8.74901915,8000.00000000,8062.50000000
8.76475525,8000.00000000,8156.25000000
8.78017759,8000.00000000,8062.50000000
8.79514647,8000.00000000,7968.75000000
8.81106615,8000.00000000,8062.50000000
8.82589483,8000.00000000,8062.50000000
8.84148788,8000.00000000,8062.50000000
8.85753679,8000.00000000,8062.50000000
8.87360620,8000.00000000,8062.50000000
8.88948059,8000.00000000,7968.75000000
8.90559530,8000.00000000,8062.50000000
8.92150974,8000.00000000,7968.75000000
8.93707323,8000.00000000,7968.75000000
8.95449209,8000.00000000,7968.75000000
8.96987581,8000.00000000,7968.75000000
8.98549414,8000.00000000,8062.50000000
9.00088787,8000.00000000,8062.50000000
9.01714277,8000.00000000,8062.50000000
9.03358269,8000.00000000,7968.75000000
9.04961920,8000.00000000,8062.50000000
9.06537390,8000.00000000,7968.75000000
9.08084297,8000.00000000,7968.75000000
9.09740925,8000.00000000,7968.75000000
9.11339712,8000.00000000,7968.75000000
9.12935543,8000.00000000,7968.75000000
9.14531422,8000.00000000,7968.75000000
9.16108894,8000.00000000,7968.75000000
9.17740822,8000.00000000,7968.75000000
9.19405460,8000.00000000,8062.50000000
9.20972013,8000.00000000,8062.50000000
9.22517347,8000.00000000,8062.50000000
9.24100304,8000.00000000,7968.75000000
9.25755072,8000.00000000,7968.75000000
9.27402878,8000.00000000,7968.75000000
9.28950453,8000.00000000,8062.50000000
9.30529928,8000.00000000,8156.25000000
9.32216740,8000.00000000,7968.75000000
9.33779383,8000.00000000,8062.50000000
9.35358047,8000.00000000,8062.50000000
9.37069702,8000.00000000,8062.50000000
9.38622141,8000.00000000,8062.50000000
9.40166950,8000.00000000,7968.75000000
9.41744375,8000.00000000,7968.75000000
9.43512869,8000.00000000,7875.00000000
9.45109892,8000.00000000,7968.75000000
9.46736097,8000.00000000,7968.75000000
9.48281384,8000.00000000,7968.75000000
9.49810982,8000.00000000,8062.50000000
9.51385069,8000.00000000,7968.75000000
9.52972889,8000.00000000,7968.75000000
9.54497623,8000.00000000,8062.50000000
9.56141567,8000.00000000,7968.75000000
9.57770586,8000.00000000,7968.75000000
9.59321642,8000.00000000,8062.50000000
9.60950279,8000.00000000,7968.75000000
9.62497044,8000.00000000,8062.50000000
9.64157963,8000.00000000,8062.50000000
9.65816641,8000.00000000,8062.50000000
9.67412806,8000.00000000,7968.75000000
9.69204521,8000.00000000,7968.75000000
9.70787954,8000.00000000,7968.75000000
9.72235775,8000.00000000,7968.75000000
9.73827791,8000.00000000,7968.75000000
9.75421762,8000.00000000,7968.75000000
9.76973915,8000.00000000,8062.50000000
9.78596687,8000.00000000,7968.75000000
9.80116129,8000.00000000,7968.75000000
9.81747437,8000.00000000,7968.75000000
9.83318996,8000.00000000,7968.75000000
9.84984350,8000.00000000,7968.75000000
9.86568832,8000.00000000,7968.75000000
9.88464308,8000.00000000,7968.75000000
9.90059233,8000.00000000,7968.75000000
9.91932249,8000.00000000,8062.50000000
9.94540834,8000.00000000,8062.50000000
9.96850204,8000.00000000,8062.50000000
9.99872684,8000.00000000,8062.50000000
10.01388597,8000.00000000,7968.75000000
10.02918577,8000.00000000,8062.50000000
10.04369259,8000.00000000,7968.75000000
10.05845547,8000.00000000,7968.75000000
10.07536268,8000.00000000,7968.75000000
10.09045935,8000.00000000,7968.75000000
10.10563087,8000.00000000,7968.75000000
10.12100649,8000.00000000,7968.75000000
10.13699865,8000.00000000,7968.75000000
10.15404415,8000.00000000,7968.75000000
10.17018795,8000.00000000,7968.75000000
10.18583918,8000.00000000,7968.75000000
10.20109558,8000.00000000,8062.50000000
10.21753168,8000.00000000,8062.50000000
10.23374081,8000.00000000,7968.75000000
10.24870729,8000.00000000,8062.50000000
10.26499891,8000.00000000,7968.75000000
10.28156567,8000.00000000,7968.75000000
10.29741001,8000.00000000,7968.75000000
10.31345320,8000.00000000,7968.75000000
10.32902050,8000.00000000,7968.75000000
10.34502125,8000.00000000,8062.50000000
10.36192799,8000.00000000,8062.50000000
10.37747431,8000.00000000,8062.50000000
10.39395380,8000.00000000,8156.25000000
10.40891933,8000.00000000,8062.50000000
10.42523384,8000.00000000,7968.75000000
10.44084835,8000.00000000,7875.00000000
10.45729351,8000.00000000,7968.75000000
10.47355843,8000.00000000,7968.75000000
10.49011421,8000.00000000,7968.75000000
10.50519228,8000.00000000,7968.75000000
10.52135658,8000.00000000,7968.75000000
10.53792572,8000.00000000,7968.75000000
10.55323076,8000.00000000,8062.50000000
10.57081223,8000.00000000,8156.25000000
10.58613014,8000.00000000,8156.25000000
10.60174370,8000.00000000,8062.50000000
10.61785603,8000.00000000,8062.50000000
10.63376617,8000.00000000,7875.00000000
10.64937258,8000.00000000,7968.75000000
10.66539049,8000.00000000,7968.75000000
10.68622923,8000.00000000,7968.75000000
10.70038748,8000.00000000,8062.50000000
10.71587849,8000.00000000,7968.75000000
10.73266029,8000.00000000,7968.75000000
10.74779892,8000.00000000,7875.00000000
10.76301622,8000.00000000,7968.75000000
10.77751970,8000.00000000,7968.75000000
10.79304266,8000.00000000,7968.75000000
10.80871439,8000.00000000,7968.75000000
10.82519102,8000.00000000,7968.75000000
10.84164953,8000.00000000,7968.75000000
10.85703802,8000.00000000,8062.50000000
10.87361240,8000.00000000,8062.50000000
10.88973999,8000.00000000,7968.75000000
10.90590334,8000.00000000,8062.50000000
10.92102003,8000.00000000,8062.50000000
10.93737555,8000.00000000,7968.75000000
10.95431709,8000.00000000,8062.50000000
10.97001505,8000.00000000,7968.75000000
10.98886681,8000.00000000,7875.00000000
11.00386620,8000.00000000,7968.75000000
11.01836729,8000.00000000,7875.00000000
11.03402615,8000.00000000,7875.00000000
11.04996204,8000.00000000,7968.75000000
11.06566572,8000.00000000,7968.75000000
11.08100414,8000.00000000,7968.75000000
11.09776402,8000.00000000,7968.75000000
11.11334610,8000.00000000,8062.50000000
11.12900639,8000.00000000,8062.50000000
11.14500380,8000.00000000,8156.25000000
11.16119146,8000.00000000,8062.50000000
11.17707586,8000.00000000,7968.75000000
11.19325733,8000.00000000,7968.75000000
11.20983934,8000.00000000,7968.75000000
11.22618389,8000.00000000,7968.75000000
11.24171019,8000.00000000,8062.50000000
11.25738621,8000.00000000,7968.75000000
11.27446318,8000.00000000,8062.50000000
11.29029942,8000.00000000,8062.50000000
11.30508995,8000.00000000,8062.50000000
11.32167912,8000.00000000,7968.75000000
11.33769608,8000.00000000,7968.75000000
11.35356045,8000.00000000,8062.50000000
11.37045622,8000.00000000,7968.75000000
11.38706493,8000.00000000,7968.75000000
11.40156698,8000.00000000,7968.75000000
11.41778755,8000.00000000,7968.75000000
11.43374681,8000.00000000,7968.75000000
11.44974756,8000.00000000,7968.75000000
11.46566963,8000.00000000,7968.75000000
11.48160839,8000.00000000,8062.50000000
11.49727583,8000.00000000,7968.75000000
11.51354647,8000.00000000,8062.50000000
11.52937222,8000.00000000,7968.75000000
11.54493618,8000.00000000,7968.75000000
11.56174755,8000.00000000,7968.75000000
11.57697010,8000.00000000,7968.75000000
11.59381151,8000.00000000,7968.75000000
11.60984135,8000.00000000,7968.75000000
11.62855959,8000.00000000,8062.50000000
11.64458179,8000.00000000,8062.50000000
11.65990734,8000.00000000,8062.50000000
11.67511511,8000.00000000,8062.50000000
11.69152737,8000.00000000,8062.50000000
11.70679426,8000.00000000,8062.50000000
11.72203493,8000.00000000,7968.75000000
11.73994398,8000.00000000,7968.75000000
11.75572491,8000.00000000,7968.75000000
11.77059746,8000.00000000,7875.00000000
11.78699732,8000.00000000,7968.75000000
11.80133867,8000.00000000,7968.75000000
11.81765509,8000.00000000,7968.75000000
11.83334780,8000.00000000,7968.75000000
11.84978485,8000.00000000,8062.50000000
11.86497259,8000.00000000,8062.50000000
11.88113403,8000.00000000,8062.50000000
11.89766026,8000.00000000,8156.25000000
11.91385269,8000.00000000,7968.75000000
11.92957306,8000.00000000,8062.50000000
11.94533682,8000.00000000,8062.50000000
11.96087122,8000.00000000,8062.50000000
11.97775841,8000.00000000,7968.75000000
11.99396658,8000.00000000,7968.75000000
12.00896120,8000.00000000,7968.75000000
12.02533531,8000.00000000,7968.75000000
12.04151154,8000.00000000,7968.75000000
12.05775404,8000.00000000,7968.75000000
12.07396841,8000.00000000,7968.75000000
12.08909988,8000.00000000,8062.50000000
12.10565662,8000.00000000,7968.75000000
12.12188339,8000.00000000,7968.75000000
12.13747978,8000.00000000,7968.75000000
12.15373087,8000.00000000,8062.50000000
12.17010307,8000.00000000,7968.75000000
12.18563128,8000.00000000,7968.75000000
12.20143175,8000.00000000,8062.50000000
12.21770811,8000.00000000,8062.50000000
12.23364925,8000.00000000,8062.50000000
12.24984217,8000.00000000,7968.75000000
12.26528263,8000.00000000,8062.50000000
12.28145266,8000.00000000,8062.50000000
12.29753304,8000.00000000,7968.75000000
12.31307173,8000.00000000,7968.75000000
12.32868004,8000.00000000,7968.75000000
12.34491873,8000.00000000,7875.00000000
12.36128807,8000.00000000,7968.75000000
12.37702179,8000.00000000,7968.75000000
12.39339399,8000.00000000,8062.50000000
12.40961647,8000.00000000,8062.50000000
12.42500257,8000.00000000,7968.75000000
12.44172716,8000.00000000,8062.50000000
12.45709229,8000.00000000,7968.75000000
12.47348499,8000.00000000,7968.75000000
12.49013376,8000.00000000,7968.75000000
12.50568771,8000.00000000,7968.75000000
12.52117348,8000.00000000,7968.75000000
12.53754568,8000.00000000,7968.75000000
12.55279303,8000.00000000,7968.75000000
12.57085037,8000.00000000,7968.75000000
12.58614588,8000.00000000,7968.75000000
12.60182571,8000.00000000,8062.50000000
12.61711645,8000.00000000,7968.75000000
12.63357592,8000.00000000,8062.50000000
12.64958191,8000.00000000,8062.50000000
12.66506004,8000.00000000,8062.50000000
12.68162727,8000.00000000,7968.75000000
12.69750166,8000.00000000,7968.75000000
12.71384811,8000.00000000,7968.75000000
12.72912359,8000.00000000,7968.75000000
12.74584055,8000.00000000,7968.75000000
12.76169682,8000.00000000,7968.75000000
12.77767134,8000.00000000,8062.50000000
12.79398346,8000.00000000,7968.75000000
12.80891323,8000.00000000,8062.50000000
12.82532310,8000.00000000,7968.75000000
12.84210539,8000.00000000,7968.75000000
12.85748196,8000.00000000,8062.50000000
12.87367916,8000.00000000,8062.50000000
12.88933134,8000.00000000,7968.75000000
12.90590906,8000.00000000,7968.75000000
12.92215776,8000.00000000,7968.75000000
12.93786144,8000.00000000,8062.50000000
12.95453882,8000.00000000,7968.75000000
12.97014380,8000.00000000,7968.75000000
12.99032164,8000.00000000,8156.25000000
13.00579309,8000.00000000,8062.50000000
13.02120161,8000.00000000,7968.75000000
13.03581619,8000.00000000,8062.50000000
13.05093384,8000.00000000,7968.75000000
13.06693697,8000.00000000,7968.75000000
13.08178091,8000.00000000,7968.75000000
13.09768820,8000.00000000,7968.75000000
13.11319208,8000.00000000,8062.50000000
13.12960911,8000.00000000,7968.75000000
13.14525747,8000.00000000,7968.75000000
13.16155529,8000.00000000,7968.75000000
13.17732096,8000.00000000,7968.75000000
13.19368458,8000.00000000,7968.75000000
13.20942068,8000.00000000,8062.50000000
13.22509670,8000.00000000,7968.75000000
13.24157429,8000.00000000,7968.75000000
13.25946140,8000.00000000,7875.00000000
13.27492619,8000.00000000,8062.50000000
13.29788303,8000.00000000,8062.50000000
13.32134151,8000.00000000,8062.50000000
13.33791018,8000.00000000,8062.50000000
13.35362196,8000.00000000,7968.75000000
13.36996317,8000.00000000,7968.75000000
13.38496971,8000.00000000,7968.75000000
13.40170860,8000.00000000,7968.75000000
13.41717672,8000.00000000,7968.75000000
13.43328905,8000.00000000,7968.75000000
13.44910765,8000.00000000,8062.50000000
13.46493340,8000.00000000,7968.75000000
13.48084259,8000.00000000,7968.75000000
13.49709988,8000.00000000,7968.75000000
13.51324177,8000.00000000,7968.75000000
13.52993298,9000.00000000,7968.75000000
13.54520845,9000.00000000,8062.50000000
13.56116486,9000.00000000,8062.50000000
13.57719421,9000.00000000,8250.00000000
13.59397984,9000.00000000,8250.00000000
13.60907602,9000.00000000,8437.50000000
13.62542677,9000.00000000,8531.25000000
13.64086866,9000.00000000,8625.00000000
13.65746927,9000.00000000,8718.75000000
13.67373705,9000.00000000,8812.50000000
13.68954277,9000.00000000,8812.50000000
13.70518541,9000.00000000,8812.50000000
13.72168732,9000.00000000,8812.50000000
13.73694801,9000.00000000,8812.50000000
13.75381517,9000.00000000,8906.25000000
13.76916695,9000.00000000,8906.25000000
13.78592062,9000.00000000,8906.25000000
13.80158615,9000.00000000,8906.25000000
13.81738853,9000.00000000,8906.25000000
13.83364344,9000.00000000,8906.25000000
13.84944010,9000.00000000,8906.25000000
13.86575842,9000.00000000,9000.00000000
13.88180017,9000.00000000,9000.00000000
13.89820480,9000.00000000,9093.75000000
13.91322088,9000.00000000,9000.00000000
13.92935896,9000.00000000,9000.00000000
13.94535732,9000.00000000,9093.75000000
13.96103764,9000.00000000,9093.75000000
13.97740173,9000.00000000,8906.25000000
13.99302483,9000.00000000,8906.25000000
14.00986052,9000.00000000,9000.00000000
14.02566957,9000.00000000,9000.00000000
14.04119921,9000.00000000,9000.00000000
14.05782413,9000.00000000,9000.00000000
14.07335567,9000.00000000,9093.75000000
14.08923674,9000.00000000,9000.00000000
14.10522175,9000.00000000,9093.75000000
14.12216425,9000.00000000,9000.00000000
14.13776493,9000.00000000,9000.00000000
14.15330410,9000.00000000,9000.00000000
14.17073774,9000.00000000,9093.75000000
14.18673325,9000.00000000,9000.00000000
14.20415354,9000.00000000,9000.00000000
14.21894407,9000.00000000,9000.00000000
14.23484087,9000.00000000,9000.00000000
14.24934673,9000.00000000,9000.00000000
14.26574421,9000.00000000,9000.00000000
14.28129482,9000.00000000,9000.00000000
14.29704237,9000.00000000,9000.00000000
14.31305552,9000.00000000,9000.00000000
14.32943153,9000.00000000,9000.00000000
14.34587002,9000.00000000,8906.25000000
14.36088705,9000.00000000,9000.00000000
14.37754583,9000.00000000,9000.00000000
14.39349890,9000.00000000,9093.75000000
14.40932322,9000.00000000,9000.00000000
14.42585135,9000.00000000,9000.00000000
14.44149780,9000.00000000,8906.25000000
14.45780277,9000.00000000,9000.00000000
14.47343397,9000.00000000,9093.75000000
14.48971272,9000.00000000,9093.75000000
14.50557280,9000.00000000,9000.00000000
14.52147388,9000.00000000,9000.00000000
14.53783798,9000.00000000,9000.00000000
14.55322647,9000.00000000,9000.00000000
14.56968164,9000.00000000,9000.00000000
14.58569765,9000.00000000,8906.25000000
14.60152054,9000.00000000,9000.00000000
14.61724663,9000.00000000,9000.00000000
14.63293934,9000.00000000,9093.75000000
14.64949751,9000.00000000,9000.00000000
14.66558075,9000.00000000,9000.00000000
14.68106508,9000.00000000,9000.00000000
14.69698095,9000.00000000,9000.00000000
14.71296835,9000.00000000,9000.00000000
14.72942019,9000.00000000,8906.25000000
14.74518776,9000.00000000,9000.00000000
14.76125622,9000.00000000,9000.00000000
14.77740812,9000.00000000,8906.25000000
14.79356384,9000.00000000,9093.75000000
14.80911970,9000.00000000,9093.75000000
14.82563257,9000.00000000,8906.25000000
14.84105444,9000.00000000,9000.00000000
14.85783482,9000.00000000,8906.25000000
14.87299156,9000.00000000,9093.75000000
14.88859797,9000.00000000,9000.00000000
14.90604305,9000.00000000,9000.00000000
14.92187119,9000.00000000,9000.00000000
14.93752575,9000.00000000,9000.00000000
14.95433092,9000.00000000,9000.00000000
14.96953154,9000.00000000,9000.00000000
14.98707533,9000.00000000,9000.00000000
15.00210810,9000.00000000,9000.00000000
15.01818180,9000.00000000,9000.00000000
15.03313875,9000.00000000,9000.00000000
15.04915237,9000.00000000,9000.00000000
15.06533623,9000.00000000,9000.00000000
15.08205462,9000.00000000,9000.00000000
15.09784555,9000.00000000,9000.00000000
15.11321449,9000.00000000,9000.00000000
15.12993431,9000.00000000,9000.00000000
15.14576006,9000.00000000,9000.00000000
15.16169357,9000.00000000,9000.00000000
15.17701960,9000.00000000,9000.00000000
15.19359684,9000.00000000,9093.75000000
15.20912123,9000.00000000,9000.00000000
15.22580671,9000.00000000,9000.00000000
15.24137878,9000.00000000,9000.00000000
15.25743294,9000.00000000,9000.00000000
15.27332020,9000.00000000,9093.75000000
15.28949308,9000.00000000,9000.00000000
15.30567408,9000.00000000,8906.25000000
15.32174969,9000.00000000,9000.00000000
15.33798409,9000.00000000,9000.00000000
15.35352468,9000.00000000,9093.75000000
15.37006474,9000.00000000,9000.00000000
15.38587523,9000.00000000,8906.25000000
15.40136480,9000.00000000,9000.00000000
15.41813946,9000.00000000,8906.25000000
15.43377733,9000.00000000,9000.00000000
15.44928217,9000.00000000,9000.00000000
15.46550465,9000.00000000,9000.00000000
15.48193598,9000.00000000,8906.25000000
15.49740744,9000.00000000,9000.00000000
15.51386166,9000.00000000,9093.75000000
15.52956629,9000.00000000,8906.25000000
15.54584408,9000.00000000,9000.00000000
15.56139755,9000.00000000,9000.00000000
15.57699203,9000.00000000,9000.00000000
15.59329367,9000.00000000,9000.00000000
15.60925579,9000.00000000,9000.00000000
15.62499189,9000.00000000,8906.25000000
15.64155769,9000.00000000,9000.00000000
15.65737486,9000.00000000,9000.00000000
15.67394590,9000.00000000,9093.75000000
15.68915319,9000.00000000,9093.75000000
15.70581484,9000.00000000,9000.00000000
15.72150469,9000.00000000,9000.00000000
15.73711300,9000.00000000,9093.75000000
15.75342083,9000.00000000,9093.75000000
15.76929283,9000.00000000,9000.00000000
15.78586960,9000.00000000,9000.00000000
15.80194759,9000.00000000,9000.00000000
15.81721830,9000.00000000,9000.00000000
15.83337975,9000.00000000,8906.25000000
15.84928703,9000.00000000,9000.00000000
15.86568546,9000.00000000,9000.00000000
15.88120556,9000.00000000,8906.25000000
15.89735556,9000.00000000,9000.00000000
15.91301107,9000.00000000,9000.00000000
15.92936516,9000.00000000,9000.00000000
15.94571781,9000.00000000,8906.25000000
15.96133804,9000.00000000,9000.00000000
15.97765923,9000.00000000,9093.75000000
15.99352503,9000.00000000,9000.00000000
16.00939322,9000.00000000,8906.25000000
16.02537537,9000.00000000,9000.00000000
16.04091358,9000.00000000,9000.00000000
16.05752945,9000.00000000,9093.75000000
16.07314682,9000.00000000,9000.00000000
16.08973074,9000.00000000,9000.00000000
16.10530567,9000.00000000,9000.00000000
16.12192345,9000.00000000,9000.00000000
16.13719368,9000.00000000,9000.00000000
16.15365696,9000.00000000,9000.00000000
16.17016459,9000.00000000,9000.00000000
16.18573523,9000.00000000,9000.00000000
16.20104933,9000.00000000,9000.00000000
16.21727943,9000.00000000,9000.00000000
16.23356438,9000.00000000,9000.00000000
16.24922085,9000.00000000,9000.00000000
16.26535177,9000.00000000,8906.25000000
16.28108168,9000.00000000,9000.00000000
16.29688740,9000.00000000,9000.00000000
16.31366014,9000.00000000,9000.00000000
16.32908297,9000.00000000,9000.00000000
16.34556246,9000.00000000,9000.00000000
16.36229134,9000.00000000,9000.00000000
16.37774944,9000.00000000,9093.75000000
16.39304543,9000.00000000,9000.00000000
16.40893745,9000.00000000,9000.00000000
16.42522049,9000.00000000,9000.00000000
16.44143248,9000.00000000,9000.00000000
16.45735693,9000.00000000,9000.00000000
16.47353506,9000.00000000,9000.00000000
16.48930931,9000.00000000,9000.00000000
16.50562763,9000.00000000,9000.00000000
16.52127934,9000.00000000,9000.00000000
16.53789616,9000.00000000,9000.00000000
16.55328560,9000.00000000,9000.00000000
16.56954241,9000.00000000,9000.00000000
16.58515644,9000.00000000,9000.00000000
16.60147285,9000.00000000,9093.75000000
16.61698294,9000.00000000,9093.75000000
16.63304138,9000.00000000,9000.00000000
16.64899874,9000.00000000,9000.00000000
16.66552114,9000.00000000,9000.00000000
16.68179703,9000.00000000,8906.25000000
16.69736338,9000.00000000,9000.00000000
16.71361256,9000.00000000,9000.00000000
16.72934771,9000.00000000,9000.00000000
16.74508238,9000.00000000,9000.00000000
16.76117945,9000.00000000,9000.00000000
16.77723646,9000.00000000,9000.00000000
16.79299641,9000.00000000,9000.00000000
16.80944443,9000.00000000,8906.25000000
16.82538700,9000.00000000,9000.00000000
16.84090757,9000.00000000,9000.00000000
16.85787010,9000.00000000,9000.00000000
16.87344599,9000.00000000,9000.00000000
16.88920879,9000.00000000,9000.00000000
16.90531158,9000.00000000,9000.00000000
16.92199850,9000.00000000,9093.75000000
16.93760347,9000.00000000,9000.00000000
16.95359373,9000.00000000,8906.25000000
16.96987867,9000.00000000,9000.00000000
16.98530960,9000.00000000,9000.00000000
17.00142050,9000.00000000,9000.00000000
17.01722240,9000.00000000,9000.00000000
17.03360033,9000.00000000,9000.00000000
17.04932451,9000.00000000,9000.00000000
17.06532192,9000.00000000,9000.00000000
17.08160639,9000.00000000,9000.00000000
17.09764338,9000.00000000,9000.00000000
17.11323929,9000.00000000,9000.00000000
17.12978315,9000.00000000,8906.25000000
17.14560413,9000.00000000,9000.00000000
17.16173935,9000.00000000,9093.75000000
17.17745733,9000.00000000,9000.00000000
17.19328117,9000.00000000,9000.00000000
17.20919418,9000.00000000,9000.00000000
17.22496080,9000.00000000,9000.00000000
17.24124765,9000.00000000,9000.00000000
17.25676870,9000.00000000,8906.25000000
17.27372932,9000.00000000,9000.00000000
17.29000282,9000.00000000,9000.00000000
17.30583286,9000.00000000,9000.00000000
17.32094622,9000.00000000,9000.00000000
17.33771801,9000.00000000,9000.00000000
17.35491467,9000.00000000,9000.00000000
17.37039948,9000.00000000,9000.00000000
17.38723135,9000.00000000,9093.75000000
17.40172148,9000.00000000,9000.00000000
17.41734934,9000.00000000,9093.75000000
17.43291283,9000.00000000,9000.00000000
17.44939423,9000.00000000,9093.75000000
17.46578789,9000.00000000,9000.00000000
17.48139048,9000.00000000,9000.00000000
17.49696255,9000.00000000,8906.25000000
17.51367140,9000.00000000,9000.00000000
17.52923441,9000.00000000,9000.00000000
17.54557085,9000.00000000,9000.00000000
17.56119680,9000.00000000,9000.00000000
17.57787657,9000.00000000,8906.25000000
17.59342813,9000.00000000,9000.00000000
17.60900736,9000.00000000,9000.00000000
17.62574434,9000.00000000,9000.00000000
17.64141560,9000.00000000,9000.00000000
17.65704203,9000.00000000,9000.00000000
17.67356491,9000.00000000,9000.00000000
17.68964529,9000.00000000,9000.00000000
17.70582151,9000.00000000,9093.75000000
17.72140503,9000.00000000,9000.00000000
17.73793793,9000.00000000,8906.25000000
17.75354528,9000.00000000,9000.00000000
17.76938963,9000.00000000,9000.00000000
17.78600025,9000.00000000,9000.00000000
17.80104065,9000.00000000,9000.00000000
17.81699514,9000.00000000,9000.00000000
17.83335018,9000.00000000,8906.25000000
17.84903002,9000.00000000,9000.00000000
17.86584997,9000.00000000,9000.00000000
17.88165140,9000.00000000,9093.75000000
17.89781284,9000.00000000,9000.00000000
17.91299343,9000.00000000,9000.00000000
17.92939711,9000.00000000,9000.00000000
17.94509315,9000.00000000,9000.00000000
17.96162558,9000.00000000,8906.25000000
17.97757816,9000.00000000,9000.00000000
17.99378633,9000.00000000,9093.75000000
18.00948143,9000.00000000,9000.00000000
18.02522135,9000.00000000,9000.00000000
18.04167986,9000.00000000,9000.00000000
18.05717945,9000.00000000,9000.00000000
18.07372904,9000.00000000,9000.00000000
18.08918619,9000.00000000,9000.00000000
18.10561085,9000.00000000,9000.00000000
18.12162399,9000.00000000,9000.00000000
18.13756657,9000.00000000,9000.00000000
18.15345335,9000.00000000,9000.00000000
18.17037916,9000.00000000,9000.00000000
18.18651962,9000.00000000,9000.00000000
18.20138025,9000.00000000,9000.00000000
18.21771049,9000.00000000,9000.00000000
18.23312664,9000.00000000,9000.00000000
18.24889708,9000.00000000,9000.00000000
18.26453972,9000.00000000,9000.00000000
18.28173399,9000.00000000,9000.00000000
18.29775286,9000.00000000,9000.00000000
18.31302261,9000.00000000,9000.00000000
18.32894945,9000.00000000,9093.75000000
18.34495974,9000.00000000,8906.25000000
18.36145830,9000.00000000,9000.00000000
18.37802839,9000.00000000,9000.00000000
18.39317989,9000.00000000,9000.00000000
18.40979004,9000.00000000,9000.00000000
18.42545223,9000.00000000,9000.00000000
18.44107151,9000.00000000,9000.00000000
18.45794535,9000.00000000,9000.00000000
18.47317839,9000.00000000,9000.00000000
18.48985100,9000.00000000,9093.75000000
18.50936937,9000.00000000,9000.00000000
18.52537775,9000.00000000,9000.00000000
18.55378199,9000.00000000,9000.00000000
18.57040358,9000.00000000,9093.75000000
18.59096766,9000.00000000,9000.00000000
18.60607243,9000.00000000,8906.25000000
18.62034559,9000.00000000,9000.00000000
18.63542080,9000.00000000,9000.00000000
18.65092802,9000.00000000,9000.00000000
18.66617727,9000.00000000,8906.25000000
18.68320417,9000.00000000,8906.25000000
18.69743919,9000.00000000,9000.00000000
18.71349192,9000.00000000,9000.00000000
18.72980165,9000.00000000,9000.00000000
18.74566174,9000.00000000,9000.00000000
18.76186609,9000.00000000,9000.00000000
18.77690935,9000.00000000,9000.00000000
18.79365587,9000.00000000,9000.00000000
18.80980635,9000.00000000,9000.00000000
18.82576847,9000.00000000,9000.00000000
18.84146261,9000.00000000,9000.00000000
18.85728073,9000.00000000,9000.00000000
18.90526819,9000.00000000,9093.75000000
18.92184734,9000.00000000,9000.00000000
18.93759012,9000.00000000,9000.00000000
18.95371723,9000.00000000,9093.75000000
18.97090816,9000.00000000,9000.00000000
18.98618364,9000.00000000,8906.25000000
19.00314283,9000.00000000,9000.00000000
19.02049923,9000.00000000,9000.00000000
19.03570938,9000.00000000,9000.00000000
19.08130789,9000.00000000,9000.00000000
19.09745169,9000.00000000,9000.00000000
19.12456083,9000.00000000,9000.00000000
19.14543581,9000.00000000,9000.00000000
19.16158199,9000.00000000,9000.00000000
19.17756367,9000.00000000,9000.00000000
19.19309330,9000.00000000,9000.00000000
19.20988464,9000.00000000,9000.00000000
19.22552872,9000.00000000,9000.00000000
19.24179411,9000.00000000,9000.00000000
19.25697803,9000.00000000,9000.00000000
19.27289963,9000.00000000,9093.75000000
19.28980017,9000.00000000,8906.25000000
19.30543232,9000.00000000,8906.25000000
19.32129335,9000.00000000,9000.00000000
19.33717823,9000.00000000,8906.25000000
19.35379505,9000.00000000,9093.75000000
19.36995316,9000.00000000,9000.00000000
19.38540840,9000.00000000,9000.00000000
19.40361786,9000.00000000,9000.00000000
19.41912699,9000.00000000,9000.00000000
19.43466902,9000.00000000,9000.00000000
19.45349598,9000.00000000,9093.75000000
19.47676182,9000.00000000,9000.00000000
19.49721766,9000.00000000,9000.00000000
19.52876949,9000.00000000,9000.00000000
19.54547691,9000.00000000,9000.00000000
19.56093121,9000.00000000,9000.00000000
19.57745123,9000.00000000,9000.00000000
19.60024881,9000.00000000,9000.00000000
19.61451340,9000.00000000,9000.00000000
19.62947512,9000.00000000,9000.00000000
19.64463949,9000.00000000,8906.25000000
19.66008854,9000.00000000,9000.00000000
19.69029856,9000.00000000,9000.00000000
19.70534325,9000.00000000,9000.00000000
19.72167349,9000.00000000,9000.00000000
19.73795986,9000.00000000,9000.00000000
19.75339985,9000.00000000,9000.00000000
19.76996851,9000.00000000,9000.00000000
19.78540039,9000.00000000,9000.00000000
19.80176067,9000.00000000,8906.25000000
19.81737185,9000.00000000,9000.00000000
19.83317709,9000.00000000,9093.75000000
19.85527515,9000.00000000,9093.75000000
19.86943483,9000.00000000,8906.25000000
19.88469601,9000.00000000,9000.00000000
19.89961386,9000.00000000,8906.25000000
19.91592121,9000.00000000,9000.00000000
19.93140507,9000.00000000,8906.25000000
19.94740009,9000.00000000,9000.00000000
19.96259165,9000.00000000,9000.00000000
19.97830820,9000.00000000,9000.00000000
19.99501276,9000.00000000,9093.75000000
20.01097488,9000.00000000,9000.00000000
20.02536869,9000.00000000,9000.00000000
20.04182243,9000.00000000,9093.75000000
20.05739784,9000.00000000,9000.00000000
20.07306623,9000.00000000,9000.00000000
20.08998203,9000.00000000,8906.25000000
20.10498524,9000.00000000,9000.00000000
20.12190771,9000.00000000,9000.00000000
20.13754845,9000.00000000,9000.00000000
20.15312910,9000.00000000,9000.00000000
20.17081690,9000.00000000,9000.00000000
20.18727398,9000.00000000,9000.00000000
20.20160007,9000.00000000,8906.25000000
20.21797943,9000.00000000,8906.25000000
20.23356628,9000.00000000,9000.00000000
20.24916792,9000.00000000,9000.00000000
20.26493502,9000.00000000,9000.00000000
20.28164053,9000.00000000,9000.00000000
20.29720402,9000.00000000,9000.00000000
20.31371832,9000.00000000,9000.00000000
20.32985306,9000.00000000,9000.00000000
20.34555006,9000.00000000,9000.00000000
20.36164999,9000.00000000,9000.00000000
20.37703037,9000.00000000,9000.00000000
20.39370394,9000.00000000,9000.00000000
20.40951347,9000.00000000,8906.25000000
20.42576075,9000.00000000,8906.25000000
20.44120693,9000.00000000,9000.00000000
20.45795393,9000.00000000,9093.75000000
20.47325468,9000.00000000,9000.00000000
20.48950958,9000.00000000,9000.00000000
20.50647736,9000.00000000,9093.75000000
20.52540302,9000.00000000,9000.00000000
20.54035711,9000.00000000,9000.00000000
20.55629730,9000.00000000,9000.00000000
20.57311440,9000.00000000,8906.25000000
20.58786678,9000.00000000,9000.00000000
20.60420275,9000.00000000,9000.00000000
20.61877728,9000.00000000,9093.75000000
20.63439894,9000.00000000,9000.00000000
20.64973593,9000.00000000,9000.00000000
20.66535282,9000.00000000,9000.00000000
20.68229389,9000.00000000,9000.00000000
20.69702864,9000.00000000,9000.00000000
20.71311283,9000.00000000,9000.00000000
20.72905302,9000.00000000,9000.00000000
20.74573851,9000.00000000,9000.00000000
20.76131058,9000.00000000,9000.00000000
20.77763653,9000.00000000,9000.00000000
20.79327583,9000.00000000,9000.00000000
20.80954981,9000.00000000,9000.00000000
20.82528496,9000.00000000,9000.00000000
20.84112358,9000.00000000,9093.75000000
20.85754204,9000.00000000,9000.00000000
20.87332773,9000.00000000,9000.00000000
20.88950491,9000.00000000,9093.75000000
20.90527344,9000.00000000,9000.00000000
20.92197657,9000.00000000,9000.00000000
20.93711710,9000.00000000,9093.75000000
20.95384693,9000.00000000,8906.25000000
20.97045279,9000.00000000,9000.00000000
20.98582315,9000.00000000,9000.00000000
21.00164318,9000.00000000,8906.25000000
21.01712513,9000.00000000,9000.00000000
21.03373337,9000.00000000,9000.00000000
21.04891729,9000.00000000,9000.00000000
21.06594944,9000.00000000,9000.00000000
21.08113909,9000.00000000,9000.00000000
21.09779358,9000.00000000,9093.75000000
21.11293077,9000.00000000,9000.00000000
21.12928629,9000.00000000,9000.00000000
21.14538574,9000.00000000,9000.00000000
21.16160631,9000.00000000,9093.75000000
21.17767334,9000.00000000,9000.00000000
21.19295645,9000.00000000,9000.00000000
21.20979261,9000.00000000,9093.75000000
21.22478724,9000.00000000,9000.00000000
21.24143219,9000.00000000,9000.00000000
21.25764513,9000.00000000,9000.00000000
21.27361679,9000.00000000,8906.25000000
21.28973198,9000.00000000,9000.00000000
21.30550385,9000.00000000,8906.25000000
21.32137585,9000.00000000,9000.00000000
21.33775330,9000.00000000,9000.00000000
21.35340214,9000.00000000,9000.00000000
21.36908197,9000.00000000,9000.00000000
21.38533735,9000.00000000,9000.00000000
21.40109491,9000.00000000,9000.00000000
21.41781855,9000.00000000,8906.25000000
21.43318033,9000.00000000,9000.00000000
21.44894552,9000.00000000,9000.00000000
21.46536875,9000.00000000,9000.00000000
21.48108149,9000.00000000,9093.75000000
21.49750137,9000.00000000,9000.00000000
21.51295614,9000.00000000,9000.00000000
21.52916861,9000.00000000,9000.00000000
21.54558182,9000.00000000,9000.00000000
21.56132555,9000.00000000,9093.75000000
21.57710838,9000.00000000,9000.00000000
21.59297991,9000.00000000,9000.00000000
21.60955954,9000.00000000,9000.00000000
21.62590075,9000.00000000,9000.00000000
21.64102840,9000.00000000,9000.00000000
21.65772390,9000.00000000,9000.00000000
21.67343998,9000.00000000,9000.00000000
21.68915653,9000.00000000,8906.25000000
21.70543289,9000.00000000,9000.00000000
21.72161865,9000.00000000,9000.00000000
21.73755836,9000.00000000,8906.25000000
21.75445366,9000.00000000,8906.25000000
21.76966619,9000.00000000,9000.00000000
21.78513861,9000.00000000,9000.00000000
21.80141640,9000.00000000,9093.75000000
21.81719828,9000.00000000,9000.00000000
21.83374405,9000.00000000,9000.00000000
21.84908533,9000.00000000,9000.00000000
21.86497784,9000.00000000,9000.00000000
21.88163519,9000.00000000,9093.75000000
21.89742661,9000.00000000,8906.25000000
21.91298246,9000.00000000,9000.00000000
21.92910337,9000.00000000,9000.00000000
21.94502687,9000.00000000,9000.00000000
21.96098948,9000.00000000,9093.75000000
21.97728443,9000.00000000,9000.00000000
21.99284506,9000.00000000,9000.00000000
22.00922585,9000.00000000,9000.00000000
22.02558947,9000.00000000,9000.00000000
22.04147768,9000.00000000,9093.75000000
22.05771351,9000.00000000,8906.25000000
22.07451200,9000.00000000,9000.00000000
22.08994055,9000.00000000,9000.00000000
22.10525703,9000.00000000,9000.00000000
22.12133121,9000.00000000,9000.00000000
22.13771009,9000.00000000,9000.00000000
22.15334129,9000.00000000,9000.00000000
22.17002678,9000.00000000,9000.00000000
22.18592024,9000.00000000,9000.00000000
22.20147038,9000.00000000,9000.00000000
22.21779633,9000.00000000,9000.00000000
22.23325396,9000.00000000,9000.00000000
22.24913359,9000.00000000,9000.00000000
22.26563549,9000.00000000,9000.00000000
22.28179836,9000.00000000,9000.00000000
22.29741287,9000.00000000,9000.00000000
22.31404781,9000.00000000,9000.00000000
22.32943583,9000.00000000,9000.00000000
22.34581852,9000.00000000,9093.75000000
22.36078596,9000.00000000,9000.00000000
22.37693882,9000.00000000,9000.00000000
22.39295292,9000.00000000,9000.00000000
22.40892696,9000.00000000,9000.00000000
22.42588186,9000.00000000,9000.00000000
22.44163227,9000.00000000,9000.00000000
22.45740747,9000.00000000,9000.00000000
22.47297144,9000.00000000,8906.25000000
22.48983574,9000.00000000,9000.00000000
22.50572538,9000.00000000,9000.00000000
22.52140522,9000.00000000,9000.00000000
22.53690147,9000.00000000,9000.00000000
22.55450106,9000.00000000,9000.00000000
22.57060480,9000.00000000,9000.00000000
22.58534050,9000.00000000,9000.00000000
22.60169363,9000.00000000,9000.00000000
22.61697817,9000.00000000,8906.25000000
22.63331938,9000.00000000,9000.00000000
22.64872408,9000.00000000,9000.00000000
22.66522455,9000.00000000,9000.00000000
22.68186665,9000.00000000,9000.00000000
22.69723320,9000.00000000,9000.00000000
22.71353340,9000.00000000,9000.00000000
22.72964430,9000.00000000,9000.00000000
22.74553394,9000.00000000,9093.75000000
22.76104259,9000.00000000,9000.00000000
22.77764750,9000.00000000,9000.00000000
22.79333591,9000.00000000,9093.75000000
22.80877829,9000.00000000,9000.00000000
22.82557011,9000.00000000,9000.00000000
22.84170485,9000.00000000,9000.00000000
22.85766172,9000.00000000,8906.25000000
22.87326241,9000.00000000,8906.25000000
22.88980722,9000.00000000,9000.00000000
22.90530682,9000.00000000,9000.00000000
22.92562437,9000.00000000,9000.00000000
22.94085646,9000.00000000,9000.00000000
22.95614195,9000.00000000,9000.00000000
22.97218561,9000.00000000,9000.00000000
22.98672056,9000.00000000,9000.00000000
23.00332451,9000.00000000,9000.00000000
23.01917171,9000.00000000,9000.00000000
23.03506708,9000.00000000,8906.25000000
23.04967117,9000.00000000,9000.00000000
23.06571007,9000.00000000,9000.00000000
23.08246088,9000.00000000,9000.00000000
23.09871721,9000.00000000,9093.75000000
23.11383247,9000.00000000,8906.25000000
23.12982130,9000.00000000,9000.00000000
23.14545393,9000.00000000,9000.00000000
23.16158819,9000.00000000,9000.00000000
23.17758322,9000.00000000,9000.00000000
23.19382048,9000.00000000,9000.00000000
23.20962524,9000.00000000,9093.75000000
23.22522545,9000.00000000,9000.00000000
23.24168301,9000.00000000,9000.00000000
23.25707817,9000.00000000,9000.00000000
23.27340508,9000.00000000,9000.00000000
23.29023933,9000.00000000,9000.00000000
23.30569887,9000.00000000,9093.75000000
23.32143354,9000.00000000,9000.00000000
23.34152317,9000.00000000,9000.00000000
23.35917664,9000.00000000,9000.00000000
23.38566303,9000.00000000,9000.00000000
23.40526342,9000.00000000,9093.75000000
23.42454052,9000.00000000,9093.75000000
23.44438553,9000.00000000,9000.00000000
23.46541452,9000.00000000,9093.75000000
23.48293066,9000.00000000,9000.00000000
23.49875212,9000.00000000,9000.00000000
23.51758528,9000.00000000,9000.00000000
23.53302526,9000.00000000,9000.00000000
23.55356979,9000.00000000,9000.00000000
23.57478714,9000.00000000,8906.25000000
23.59366465,9000.00000000,9000.00000000
23.60916615,9000.00000000,9000.00000000
23.62908316,9000.00000000,9093.75000000
23.64439821,9000.00000000,9093.75000000
23.65994644,9000.00000000,9000.00000000
23.68127441,9000.00000000,9000.00000000
23.70533085,9000.00000000,8906.25000000
23.72621107,9000.00000000,9000.00000000
23.74435520,9000.00000000,8906.25000000
23.75950050,9000.00000000,8906.25000000
23.77947474,9000.00000000,9000.00000000
23.80126953,9000.00000000,9000.00000000
23.82104826,9000.00000000,9000.00000000
23.83930635,9000.00000000,9000.00000000
23.85878134,9000.00000000,9000.00000000
23.88166046,9000.00000000,9000.00000000
23.89961433,9000.00000000,9000.00000000
23.91867542,9000.00000000,9000.00000000
23.93773031,9000.00000000,9000.00000000
23.96163177,9000.00000000,9000.00000000
23.97825575,9000.00000000,9000.00000000
23.99654150,9000.00000000,8906.25000000
24.01538849,9000.00000000,9000.00000000
24.03406954,9000.00000000,9000.00000000
24.05764484,9000.00000000,9000.00000000
24.07548857,9000.00000000,9000.00000000
24.09410667,9000.00000000,9000.00000000
24.10961008,9000.00000000,9093.75000000
24.12722254,9000.00000000,9000.00000000
24.15358639,9000.00000000,9000.00000000
24.17032099,9000.00000000,9000.00000000
24.19154739,9000.00000000,9093.75000000
24.21395254,9000.00000000,9000.00000000
24.23367739,9000.00000000,9000.00000000
24.25425673,9000.00000000,9000.00000000
24.27224064,9000.00000000,9000.00000000
24.29335737,9000.00000000,9000.00000000
24.31367874,9000.00000000,9000.00000000
24.33170223,9000.00000000,9000.00000000
24.34942627,9000.00000000,9000.00000000
24.36508465,9000.00000000,9000.00000000
24.38524818,9000.00000000,9000.00000000
24.40938997,9000.00000000,9000.00000000
24.43689394,9000.00000000,9000.00000000
24.45777702,9000.00000000,9000.00000000
24.47679806,9000.00000000,9000.00000000
24.49496412,9000.00000000,9093.75000000
24.51344633,9000.00000000,9000.00000000
24.53786278,9000.00000000,9000.00000000
24.55868959,9000.00000000,9000.00000000
24.57643700,8000.00000000,9000.00000000
24.59416866,8000.00000000,8906.25000000
24.61709881,8000.00000000,8812.50000000
24.63379478,8000.00000000,8718.75000000
24.65102100,8000.00000000,8625.00000000
24.67217207,8000.00000000,8437.50000000
24.69097042,8000.00000000,8343.75000000
24.71330404,8000.00000000,8250.00000000
24.73099947,8000.00000000,8250.00000000
24.74728680,8000.00000000,8156.25000000
24.76600361,8000.00000000,8156.25000000
24.78633451,8000.00000000,8062.50000000
24.80988264,8000.00000000,8156.25000000
24.82763910,8000.00000000,8156.25000000
24.84647274,8000.00000000,8062.50000000
24.86455631,8000.00000000,8062.50000000
24.89005995,8000.00000000,7968.75000000
24.90909052,8000.00000000,7968.75000000
24.92689228,8000.00000000,7968.75000000
24.94688749,8000.00000000,7968.75000000
24.96939611,8000.00000000,7968.75000000
24.98586464,8000.00000000,7968.75000000
25.00650454,8000.00000000,8062.50000000
25.02652693,8000.00000000,7968.75000000
25.04980183,8000.00000000,7968.75000000
25.07135105,8000.00000000,7968.75000000
25.08993578,8000.00000000,8062.50000000
25.11344147,8000.00000000,8062.50000000
25.13206434,8000.00000000,7875.00000000
25.15001678,8000.00000000,7968.75000000
25.16885471,8000.00000000,7968.75000000
25.18439341,8000.00000000,8062.50000000
25.20317221,8000.00000000,8062.50000000
25.22505903,8000.00000000,7968.75000000
25.24354172,8000.00000000,8062.50000000
25.25851822,8000.00000000,7968.75000000
25.27416420,8000.00000000,7968.75000000
25.28973770,8000.00000000,7875.00000000
25.30558252,8000.00000000,8062.50000000
25.32140398,8000.00000000,7968.75000000
25.33820343,8000.00000000,7968.75000000
25.35388374,8000.00000000,8062.50000000
25.36947775,8000.00000000,8062.50000000
25.38506079,8000.00000000,8062.50000000
25.40197706,8000.00000000,7968.75000000
25.41740036,8000.00000000,7968.75000000
25.43300915,8000.00000000,7968.75000000
25.44928217,8000.00000000,8062.50000000
25.46490240,8000.00000000,7968.75000000
25.48152637,8000.00000000,7968.75000000
25.49749899,8000.00000000,7968.75000000
25.51338959,8000.00000000,7968.75000000
25.52962780,8000.00000000,7968.75000000
25.54551125,8000.00000000,7968.75000000
25.56142569,8000.00000000,7968.75000000
25.57725954,8000.00000000,7968.75000000
25.59342337,8000.00000000,7968.75000000
25.60918045,8000.00000000,7968.75000000
25.62502193,8000.00000000,7968.75000000
25.64142132,8000.00000000,7968.75000000
25.65779018,8000.00000000,7968.75000000
25.67381573,8000.00000000,8062.50000000
25.68950701,8000.00000000,7968.75000000
25.70551491,8000.00000000,7968.75000000
25.72124577,8000.00000000,7968.75000000
25.73760271,8000.00000000,8062.50000000
25.75343704,8000.00000000,8062.50000000
25.77007008,8000.00000000,7968.75000000
25.78667831,8000.00000000,8062.50000000
25.80209923,8000.00000000,8062.50000000
25.81762743,8000.00000000,7968.75000000
25.83360147,8000.00000000,7968.75000000
25.84944963,8000.00000000,7968.75000000
25.86505842,8000.00000000,7968.75000000
25.88156176,8000.00000000,7968.75000000
25.89750528,8000.00000000,7968.75000000
25.91328526,8000.00000000,7968.75000000
25.92949724,8000.00000000,8062.50000000
25.94507313,8000.00000000,7968.75000000
25.96173334,8000.00000000,7968.75000000
25.97752523,8000.00000000,7968.75000000
25.99337339,8000.00000000,8062.50000000
26.00905418,8000.00000000,8062.50000000
26.02560472,8000.00000000,7968.75000000
26.04181480,8000.00000000,8062.50000000
26.05759811,8000.00000000,7968.75000000
26.07357311,8000.00000000,7968.75000000
26.08957005,8000.00000000,7968.75000000
26.10554743,8000.00000000,7968.75000000
26.12155628,8000.00000000,7968.75000000
26.13686514,8000.00000000,7968.75000000
26.15368795,8000.00000000,7968.75000000
26.16946840,8000.00000000,7968.75000000
26.18509579,8000.00000000,7968.75000000
26.20317030,8000.00000000,7968.75000000
26.21789551,8000.00000000,8062.50000000
26.23361921,8000.00000000,8062.50000000
26.24909782,8000.00000000,7968.75000000
26.26470900,8000.00000000,8062.50000000
26.28161716,8000.00000000,8062.50000000
26.29702806,8000.00000000,7968.75000000
26.31353903,8000.00000000,8062.50000000
26.32936144,8000.00000000,8062.50000000
26.34566259,8000.00000000,8062.50000000
26.36123610,8000.00000000,8062.50000000
26.37754107,8000.00000000,8062.50000000
26.39349222,8000.00000000,7968.75000000
26.40925264,8000.00000000,7968.75000000
26.42577553,8000.00000000,7968.75000000
26.44097137,8000.00000000,7968.75000000
26.45705891,8000.00000000,8062.50000000
26.47376013,8000.00000000,7968.75000000
26.48947287,8000.00000000,7968.75000000
26.50631189,8000.00000000,7968.75000000
26.52327013,8000.00000000,7968.75000000
26.53755379,8000.00000000,7968.75000000
26.55381060,8000.00000000,7968.75000000
26.57077360,8000.00000000,8062.50000000
26.58731079,8000.00000000,7968.75000000
26.60137510,8000.00000000,8062.50000000
26.61763906,8000.00000000,8062.50000000
26.63269234,8000.00000000,7968.75000000
26.64919853,8000.00000000,7968.75000000
26.66587448,8000.00000000,7968.75000000
26.68187714,8000.00000000,7968.75000000
26.69700336,8000.00000000,7968.75000000
26.71311522,8000.00000000,7968.75000000
26.72941160,8000.00000000,7968.75000000
26.74564648,8000.00000000,7968.75000000
26.76165104,8000.00000000,7968.75000000
26.77723789,8000.00000000,7968.75000000
26.79338360,8000.00000000,7968.75000000
26.80939865,8000.00000000,7968.75000000
26.82582188,8000.00000000,7968.75000000
26.84153175,8000.00000000,8156.25000000
26.85753870,8000.00000000,8156.25000000
26.87290859,8000.00000000,8156.25000000
26.88890600,8000.00000000,8062.50000000
26.90608120,8000.00000000,8062.50000000
26.92119026,8000.00000000,7968.75000000
26.93710947,8000.00000000,7875.00000000
26.95333290,8000.00000000,7875.00000000
26.96954012,8000.00000000,7968.75000000
26.98591423,8000.00000000,7968.75000000
27.00130367,8000.00000000,7968.75000000
27.01740217,8000.00000000,7968.75000000
27.03298378,8000.00000000,7968.75000000
27.04960155,8000.00000000,8062.50000000
27.06488562,8000.00000000,7968.75000000
27.08184767,8000.00000000,7968.75000000
27.09688139,8000.00000000,7968.75000000
27.11333227,8000.00000000,8062.50000000
27.12906551,8000.00000000,8062.50000000
27.14565229,8000.00000000,8062.50000000
27.16150856,8000.00000000,8062.50000000
27.17783451,8000.00000000,7968.75000000
27.19321394,8000.00000000,7968.75000000
27.20883322,8000.00000000,7968.75000000
27.22559261,8000.00000000,7968.75000000
27.24154377,8000.00000000,7968.75000000
27.25754929,8000.00000000,8062.50000000
27.27386332,8000.00000000,8062.50000000
27.28979874,8000.00000000,8062.50000000
27.30489063,8000.00000000,7968.75000000
27.32671404,8000.00000000,8062.50000000
27.34177589,8000.00000000,7968.75000000
27.35828114,8000.00000000,7968.75000000
27.37428761,8000.00000000,7968.75000000
27.39129448,8000.00000000,7968.75000000
27.40769625,8000.00000000,7968.75000000
27.42330742,8000.00000000,7968.75000000
27.44956303,8000.00000000,7968.75000000
27.47197104,8000.00000000,8062.50000000
27.48825693,8000.00000000,8062.50000000
27.51339483,8000.00000000,8062.50000000
27.52888680,8000.00000000,8062.50000000
27.54541540,8000.00000000,7968.75000000
27.56109571,8000.00000000,7968.75000000
27.57738495,8000.00000000,8062.50000000
27.59375477,8000.00000000,7968.75000000
27.60889101,8000.00000000,8062.50000000
27.62493086,8000.00000000,8062.50000000
27.64202785,8000.00000000,7968.75000000
27.65765524,8000.00000000,7968.75000000
27.67309141,8000.00000000,7968.75000000
27.68981552,8000.00000000,7968.75000000
27.70558596,8000.00000000,7968.75000000
27.72176981,8000.00000000,7968.75000000
27.73792648,8000.00000000,7968.75000000
27.75348139,8000.00000000,7968.75000000
27.77014112,8000.00000000,7968.75000000
27.78538942,8000.00000000,7968.75000000
27.80202007,8000.00000000,7968.75000000
27.81744719,8000.00000000,8062.50000000
27.83343983,8000.00000000,7968.75000000
27.84974241,8000.00000000,7968.75000000
27.86518764,8000.00000000,8062.50000000
27.88116074,8000.00000000,7968.75000000
27.89741516,8000.00000000,8062.50000000
27.91318655,8000.00000000,8062.50000000
27.92911005,8000.00000000,8062.50000000
27.94569731,8000.00000000,7968.75000000
27.96093321,8000.00000000,7968.75000000
27.97727776,8000.00000000,7968.75000000
27.99376774,8000.00000000,7968.75000000
28.00946617,8000.00000000,7968.75000000
28.02511740,8000.00000000,7968.75000000
28.04163361,8000.00000000,7968.75000000
28.07135630,8000.00000000,8062.50000000
28.08947420,8000.00000000,7968.75000000
28.10597467,8000.00000000,7968.75000000
28.12187433,8000.00000000,7968.75000000
28.13750029,8000.00000000,8062.50000000
28.15404129,8000.00000000,8062.50000000
28.17061710,8000.00000000,8062.50000000
28.18618298,8000.00000000,7968.75000000
28.20174265,8000.00000000,7968.75000000
28.21743631,8000.00000000,7875.00000000
28.23356915,8000.00000000,7968.75000000
28.25026274,8000.00000000,7968.75000000
28.26500511,8000.00000000,8062.50000000
28.28121090,8000.00000000,8062.50000000
28.29700184,8000.00000000,7968.75000000
28.31369114,8000.00000000,7968.75000000
28.32960081,8000.00000000,7968.75000000
28.34588623,8000.00000000,7968.75000000
28.36184072,8000.00000000,8062.50000000
28.37717438,8000.00000000,7968.75000000
28.39329767,8000.00000000,7968.75000000
28.40894938,8000.00000000,7968.75000000
28.42568159,8000.00000000,8062.50000000
28.44164658,8000.00000000,7968.75000000
28.45776892,8000.00000000,7968.75000000
28.47375393,8000.00000000,7968.75000000
28.48982143,8000.00000000,8062.50000000
28.50499105,8000.00000000,8062.50000000
28.52207804,8000.00000000,7968.75000000
28.53912592,8000.00000000,7968.75000000
28.55411339,8000.00000000,7968.75000000
28.57103920,8000.00000000,7875.00000000
28.58575296,8000.00000000,7875.00000000
28.60133839,8000.00000000,8062.50000000
28.61701250,8000.00000000,7968.75000000
28.63310814,8000.00000000,8062.50000000
28.64946508,8000.00000000,7968.75000000
28.66571379,8000.00000000,8062.50000000
28.68111944,8000.00000000,8062.50000000
28.69773912,8000.00000000,8062.50000000
28.71320295,8000.00000000,8062.50000000
28.72978973,8000.00000000,8062.50000000
28.74512482,8000.00000000,8062.50000000
28.76166773,8000.00000000,8062.50000000
28.77775192,8000.00000000,7968.75000000
28.79306078,8000.00000000,7968.75000000
28.80913591,8000.00000000,7968.75000000
28.82509279,8000.00000000,8062.50000000
28.84098101,8000.00000000,7968.75000000
28.85784674,8000.00000000,7968.75000000
28.87345791,8000.00000000,7968.75000000
28.88987875,8000.00000000,8062.50000000
0.00000000,0.00000000,0.00000000
0.02497625,0.00000000,0.00000000
0.04744148,0.00000000,0.00000000
0.06783199,0.00000000,0.00000000
0.09023094,0.00000000,0.00000000
0.11185074,0.00000000,0.00000000
0.13753796,0.00000000,0.00000000
0.15726089,0.00000000,0.00000000
0.17211771,0.00000000,0.00000000
0.18839979,0.00000000,0.00000000
0.20356560,0.00000000,0.00000000
0.21883297,0.00000000,0.00000000
0.23414660,0.00000000,0.00000000
0.24944353,0.00000000,0.00000000
0.26508141,0.00000000,0.00000000
0.28039551,0.00000000,0.00000000
0.29676390,0.00000000,0.00000000
0.31338310,0.00000000,0.00000000
0.32909584,0.00000000,0.00000000
0.34497023,0.00000000,0.00000000
0.36136961,0.00000000,0.00000000
0.37720585,0.00000000,0.00000000
0.39353275,0.00000000,0.00000000
0.40895033,0.00000000,0.00000000
0.42514515,0.00000000,0.00000000
0.45910645,0.00000000,0.00000000
0.47489738,0.00000000,0.00000000
0.49017477,0.00000000,0.00000000
0.50663519,0.00000000,0.00000000
0.52113771,0.00000000,0.00000000
0.53707552,0.00000000,0.00000000
0.55277681,0.00000000,0.00000000
0.56845284,0.00000000,0.00000000
0.58433628,0.00000000,0.00000000
0.60150385,0.00000000,0.00000000
0.61713648,0.00000000,0.00000000
0.63284540,0.00000000,0.00000000
0.64906979,0.00000000,0.00000000
0.66526842,0.00000000,0.00000000
0.68050623,0.00000000,0.00000000
0.69679928,0.00000000,0.00000000
0.71214390,0.00000000,0.00000000
0.72896528,0.00000000,0.00000000
0.74488783,0.00000000,0.00000000
0.76138830,0.00000000,0.00000000
0.77649498,0.00000000,0.00000000
0.79365969,0.00000000,0.00000000
0.80939817,0.00000000,0.00000000
0.82485342,0.00000000,0.00000000
0.84139442,0.00000000,0.00000000
0.85744238,0.00000000,0.00000000
0.87248421,0.00000000,0.00000000
0.88930416,0.00000000,0.00000000
0.90535450,0.00000000,0.00000000
0.92103100,0.00000000,0.00000000
0.93701601,0.00000000,0.00000000
0.95382690,0.00000000,0.00000000
0.96948624,0.00000000,0.00000000
0.98507023,0.00000000,0.00000000
1.00039673,0.00000000,0.00000000
1.01724052,0.00000000,0.00000000
1.03328562,0.00000000,0.00000000
1.04887104,0.00000000,0.00000000
1.06483746,0.00000000,0.00000000
1.08132696,0.00000000,0.00000000
1.09679651,0.00000000,0.00000000
1.11319399,0.00000000,0.00000000
1.12854052,0.00000000,0.00000000
1.14543152,0.00000000,0.00000000
1.16101933,0.00000000,0.00000000
1.17675447,0.00000000,0.00000000
1.19233179,0.00000000,0.00000000
1.20911074,0.00000000,0.00000000
1.22569370,0.00000000,0.00000000
1.24126816,0.00000000,0.00000000
1.25730276,0.00000000,0.00000000
1.27317572,0.00000000,0.00000000
1.28876972,0.00000000,0.00000000
1.30567598,0.00000000,0.00000000
1.32125235,0.00000000,0.00000000
1.33739853,0.00000000,0.00000000
1.35314274,0.00000000,0.00000000
1.36905193,0.00000000,0.00000000
1.38479090,0.00000000,0.00000000
1.40149689,0.00000000,0.00000000
1.41771078,0.00000000,0.00000000
1.43341875,0.00000000,0.00000000
1.44893694,0.00000000,0.00000000
1.46456480,0.00000000,0.00000000
1.48121357,0.00000000,0.00000000
1.49654341,0.00000000,0.00000000
1.51205063,0.00000000,0.00000000
1.53190994,0.00000000,0.00000000
1.55289364,0.00000000,0.00000000
1.57705975,0.00000000,0.00000000
1.59739971,0.00000000,0.00000000
1.61519527,0.00000000,0.00000000
1.63423967,0.00000000,0.00000000
1.65739822,0.00000000,0.00000000
1.67638969,0.00000000,0.00000000
1.69510603,0.00000000,0.00000000
1.71340752,0.00000000,0.00000000
1.73760366,0.00000000,0.00000000
1.75526619,0.00000000,0.00000000
1.77583694,0.00000000,0.00000000
1.79577303,0.00000000,0.00000000
1.81712341,0.00000000,0.00000000
1.83608484,0.00000000,0.00000000
1.85715055,0.00000000,0.00000000
1.88193560,0.00000000,0.00000000
1.89992523,0.00000000,0.00000000
1.91899252,0.00000000,0.00000000
1.93871689,0.00000000,0.00000000
1.96117258,0.00000000,0.00000000
1.97899151,0.00000000,0.00000000
1.99699783,0.00000000,0.00000000
2.01713610,0.00000000,0.00000000
2.04095745,0.00000000,0.00000000
2.06161451,0.00000000,0.00000000
2.08160400,0.00000000,0.00000000
2.10011768,0.00000000,0.00000000
2.12094212,0.00000000,0.00000000
2.14298010,0.00000000,0.00000000
2.16930008,0.00000000,0.00000000
2.19032764,0.00000000,0.00000000
2.20943260,0.00000000,0.00000000
2.23321390,0.00000000,0.00000000
2.25219774,0.00000000,0.00000000
2.27240753,0.00000000,0.00000000
2.29287338,0.00000000,0.00000000
2.31307411,0.00000000,0.00000000
2.33077335,0.00000000,0.00000000
2.35092545,0.00000000,0.00000000
2.37173843,0.00000000,0.00000000
2.39338207,0.00000000,0.00000000
2.41133976,0.00000000,0.00000000
2.43323708,0.00000000,0.00000000
2.45696926,0.00000000,0.00000000
2.47806120,0.00000000,0.00000000
2.49633455,0.00000000,0.00000000
2.51516008,0.00000000,0.00000000
2.53656673,0.00000000,0.00000000
2.55740356,0.00000000,0.00000000
2.57631969,0.00000000,0.00000000
2.59494114,0.00000000,0.00000000
2.61706734,0.00000000,0.00000000
2.63780165,0.00000000,0.00000000
2.65888119,0.00000000,0.00000000
2.68094969,0.00000000,0.00000000
2.69935703,0.00000000,0.00000000
2.71921539,0.00000000,0.00000000
2.74517345,0.00000000,0.00000000
2.76403236,0.00000000,0.00000000
2.78221178,0.00000000,0.00000000
2.80062819,0.00000000,0.00000000
2.82442427,0.00000000,0.00000000
2.84374428,0.00000000,0.00000000
2.86268950,0.00000000,0.00000000
2.88080502,0.00000000,0.00000000
2.90480518,0.00000000,0.00000000
2.92381907,0.00000000,0.00000000
2.94409561,0.00000000,0.00000000
2.96256065,0.00000000,0.00000000
2.98472214,0.00000000,0.00000000
3.00583124,0.00000000,0.00000000
3.02517843,0.00000000,0.00000000
3.05571365,0.00000000,0.00000000
3.08084345,0.00000000,0.00000000
3.09987783,0.00000000,0.00000000
3.11842203,0.00000000,0.00000000
3.13915157,0.00000000,0.00000000
3.16027784,0.00000000,0.00000000
3.18070459,0.00000000,0.00000000
3.19930601,0.00000000,0.00000000
3.21720839,0.00000000,0.00000000
3.24095917,0.00000000,0.00000000
3.25946522,0.00000000,0.00000000
3.27907085,0.00000000,0.00000000
3.29779959,0.00000000,0.00000000
3.32241917,0.00000000,0.00000000
3.34195995,0.00000000,0.00000000
3.36093760,0.00000000,0.00000000
3.37989330,0.00000000,0.00000000
3.40088606,0.00000000,0.00000000
3.42250538,0.00000000,0.00000000
3.45067358,0.00000000,0.00000000
3.47097397,0.00000000,0.00000000
3.48945141,0.00000000,0.00000000
3.51349545,0.00000000,0.00000000
3.53107595,0.00000000,0.00000000
3.55041170,0.00000000,0.00000000
3.56947470,0.00000000,0.00000000
3.59272242,0.00000000,0.00000000
3.61087179,0.00000000,0.00000000
3.62921333,0.00000000,0.00000000
3.64967680,0.00000000,0.00000000
3.67298889,0.00000000,0.00000000
3.69286108,0.00000000,0.00000000
3.71199608,0.00000000,0.00000000
3.73134851,0.00000000,0.00000000
3.75338459,0.00000000,0.00000000
3.77208567,0.00000000,0.00000000
3.79358196,0.00000000,0.00000000
3.81690407,0.00000000,0.00000000
3.84494543,0.00000000,0.00000000
3.86494875,0.00000000,0.00000000
3.88471556,0.00000000,0.00000000
3.90535879,0.00000000,0.00000000
3.92940760,0.00000000,0.00000000
3.94672251,0.00000000,0.00000000
3.96518469,0.00000000,0.00000000
3.98398066,0.00000000,0.00000000
4.00870991,0.00000000,0.00000000
4.02534819,0.00000000,0.00000000
4.04058838,0.00000000,0.00000000
4.05656433,0.00000000,0.00000000
4.07268667,0.00000000,0.00000000
4.08917332,0.00000000,0.00000000
4.10561371,0.00000000,0.00000000
4.12095642,0.00000000,0.00000000
4.13762188,0.00000000,0.00000000
4.15305424,0.00000000,0.00000000
4.16863298,0.00000000,0.00000000
4.18509388,0.00000000,0.00000000
4.20046377,0.00000000,0.00000000
4.21706820,0.00000000,0.00000000
4.23327160,0.00000000,0.00000000
4.24894714,0.00000000,0.00000000
4.26529837,0.00000000,0.00000000
4.28059387,0.00000000,0.00000000
4.29672670,0.00000000,0.00000000
4.31317329,0.00000000,0.00000000
4.32911968,0.00000000,0.00000000
4.34561586,0.00000000,0.00000000
4.36136627,0.00000000,0.00000000
4.37748766,0.00000000,0.00000000
4.39273739,0.00000000,0.00000000
4.40831852,0.00000000,0.00000000
4.42508745,0.00000000,0.00000000
4.44159460,0.00000000,0.00000000
4.45690775,0.00000000,0.00000000
4.47288227,0.00000000,0.00000000
4.48926497,0.00000000,0.00000000
4.50472927,0.00000000,0.00000000
4.52118969,0.00000000,0.00000000
4.53669262,0.00000000,0.00000000
4.55347967,0.00000000,0.00000000
4.56872129,0.00000000,0.00000000
4.58497047,0.00000000,0.00000000
4.60103703,0.00000000,0.00000000
4.61741734,0.00000000,0.00000000
4.63281536,0.00000000,0.00000000
4.64871120,0.00000000,0.00000000
4.66464520,0.00000000,0.00000000
4.68102074,0.00000000,0.00000000
4.69722319,0.00000000,0.00000000
4.71240187,0.00000000,0.00000000
4.72848701,0.00000000,0.00000000
4.74496031,0.00000000,0.00000000
4.76092625,0.00000000,0.00000000
4.77762318,0.00000000,0.00000000
4.79265213,0.00000000,0.00000000
4.80895710,0.00000000,0.00000000
4.82554388,0.00000000,0.00000000
4.84131384,0.00000000,0.00000000
4.85735941,0.00000000,0.00000000
4.87341118,0.00000000,0.00000000
4.88875437,0.00000000,0.00000000
4.90478611,0.00000000,0.00000000
4.92067099,0.00000000,0.00000000
4.93694687,0.00000000,0.00000000
4.95248032,0.00000000,0.00000000
4.96849966,0.00000000,0.00000000
4.98476124,0.00000000,0.00000000
5.00052166,0.00000000,0.00000000
5.01623774,0.00000000,0.00000000
5.03283596,0.00000000,0.00000000
5.04849291,0.00000000,0.00000000
5.06531000,0.00000000,0.00000000
5.08062029,0.00000000,0.00000000
5.09662008,0.00000000,0.00000000
5.11219740,0.00000000,0.00000000
5.12902880,0.00000000,0.00000000
5.14440298,0.00000000,0.00000000
5.16066313,0.00000000,0.00000000
5.17647791,0.00000000,0.00000000
5.19282484,0.00000000,0.00000000
5.20942640,0.00000000,0.00000000
5.22508049,0.00000000,0.00000000
5.24186420,0.00000000,0.00000000
5.25704670,0.00000000,0.00000000
5.27258730,0.00000000,0.00000000
5.28893661,0.00000000,0.00000000
5.30432272,0.00000000,0.00000000
5.32155895,0.00000000,0.00000000
5.33725882,0.00000000,0.00000000
5.35300016,0.00000000,0.00000000
5.36851883,0.00000000,0.00000000
5.38516855,0.00000000,0.00000000
5.40110874,0.00000000,0.00000000
5.41709185,0.00000000,0.00000000
5.43267870,0.00000000,0.00000000
5.45182085,0.00000000,0.00000000
5.46768093,0.00000000,0.00000000
5.48184776,0.00000000,0.00000000
5.49735403,0.00000000,0.00000000
5.51304102,0.00000000,0.00000000
5.52908993,0.00000000,0.00000000
5.54475546,0.00000000,0.00000000
5.56141758,0.00000000,0.00000000
5.57737589,0.00000000,0.00000000
5.59301615,0.00000000,0.00000000
5.60964680,0.00000000,0.00000000
5.62467909,0.00000000,0.00000000
5.64138794,0.00000000,0.00000000
5.65742540,0.00000000,0.00000000
5.67312193,0.00000000,0.00000000
5.68900824,0.00000000,0.00000000
5.70568466,0.00000000,0.00000000
5.72109175,0.00000000,0.00000000
5.73732853,0.00000000,0.00000000
5.75289106,0.00000000,0.00000000
5.76868868,0.00000000,0.00000000
5.78477192,0.00000000,0.00000000
5.80127239,0.00000000,0.00000000
5.81691456,0.00000000,0.00000000
5.83245230,0.00000000,0.00000000
5.84931278,0.00000000,0.00000000
5.86494732,0.00000000,0.00000000
5.88133144,0.00000000,0.00000000
5.89730501,0.00000000,0.00000000
5.91278982,0.00000000,0.00000000
5.92935085,0.00000000,0.00000000
5.94558764,0.00000000,0.00000000
5.96093464,0.00000000,0.00000000
5.97687912,0.00000000,0.00000000
5.99324369,0.00000000,0.00000000
6.00864506,0.00000000,0.00000000
6.02543211,0.00000000,0.00000000
6.04068375,0.00000000,0.00000000
6.05683279,0.00000000,0.00000000
6.07348919,0.00000000,0.00000000
6.08917475,0.00000000,0.00000000
6.10577440,0.00000000,0.00000000
6.12155962,0.00000000,0.00000000
6.13660383,0.00000000,0.00000000
6.15342903,0.00000000,0.00000000
6.16907883,0.00000000,0.00000000
6.18460989,0.00000000,0.00000000
6.20009851,0.00000000,0.00000000
6.21736813,0.00000000,0.00000000
6.23298502,0.00000000,0.00000000
6.24855137,0.00000000,0.00000000
6.26487970,0.00000000,0.00000000
6.28085041,0.00000000,0.00000000
6.29778814,0.00000000,0.00000000
6.31302357,0.00000000,0.00000000
6.32845545,0.00000000,0.00000000
6.34525681,0.00000000,0.00000000
6.36080885,0.00000000,0.00000000
6.37709522,0.00000000,0.00000000
6.39291954,0.00000000,0.00000000
6.40914965,0.00000000,0.00000000
6.42461014,0.00000000,0.00000000
6.44199419,0.00000000,0.00000000
6.45721531,0.00000000,0.00000000
6.47264385,0.00000000,0.00000000
6.48882151,0.00000000,0.00000000
6.50431013,0.00000000,0.00000000
6.52097893,0.00000000,0.00000000
6.53665876,0.00000000,0.00000000
6.55298090,0.00000000,0.00000000
6.56930113,0.00000000,0.00000000
6.58452415,0.00000000,0.00000000
6.60101604,0.00000000,0.00000000
6.61724329,0.00000000,0.00000000
6.63286352,0.00000000,0.00000000
6.64889431,0.00000000,0.00000000
6.66526461,0.00000000,0.00000000
6.68081665,0.00000000,0.00000000
6.69712019,0.00000000,0.00000000
6.71305323,0.00000000,0.00000000
6.72844648,0.00000000,0.00000000
6.74481583,0.00000000,0.00000000
6.76078224,0.00000000,0.00000000
6.77603769,0.00000000,0.00000000
6.79302263,0.00000000,0.00000000
6.80873871,0.00000000,0.00000000
6.82540607,0.00000000,0.00000000
6.84064674,0.00000000,0.00000000
6.85729933,0.00000000,0.00000000
6.87399626,0.00000000,0.00000000
6.88914108,0.00000000,0.00000000
6.90516281,0.00000000,0.00000000
6.92067957,0.00000000,0.00000000
6.93714380,0.00000000,0.00000000
6.95319986,0.00000000,0.00000000
6.96923304,0.00000000,0.00000000
6.98460388,0.00000000,0.00000000
7.00116920,0.00000000,0.00000000
7.01708174,0.00000000,0.00000000
7.03273773,0.00000000,0.00000000
7.04907322,0.00000000,0.00000000
7.06515169,0.00000000,0.00000000
7.08092785,0.00000000,0.00000000
7.09704494,0.00000000,0.00000000
7.11305523,0.00000000,0.00000000
7.12910700,0.00000000,0.00000000
7.14544964,0.00000000,0.00000000
7.16038227,8000.00000000,0.00000000
7.17693996,8000.00000000,468.75000000
7.19270039,8000.00000000,1218.75000000
7.20846796,8000.00000000,2156.25000000
7.22505426,8000.00000000,3187.50000000
7.24159718,8000.00000000,3843.75000000
7.25733757,8000.00000000,4406.25000000
7.27256918,8000.00000000,4968.75000000
7.28918505,8000.00000000,5531.25000000
7.30529881,8000.00000000,6093.75000000
7.32142973,8000.00000000,6468.75000000
7.33706665,8000.00000000,6750.00000000
7.35286903,8000.00000000,6937.50000000
7.36898327,8000.00000000,7312.50000000
7.38441324,8000.00000000,7500.00000000
7.40089369,8000.00000000,7687.50000000
7.41734886,8000.00000000,7687.50000000
7.43256712,8000.00000000,7781.25000000
7.44896364,8000.00000000,7968.75000000
7.46462250,8000.00000000,8062.50000000
7.48135662,8000.00000000,8062.50000000
7.49689865,8000.00000000,8062.50000000
7.51267719,8000.00000000,8062.50000000
7.52928495,8000.00000000,8156.25000000
7.54467678,8000.00000000,8156.25000000
7.56151676,8000.00000000,8156.25000000
7.57646370,8000.00000000,8250.00000000
7.59244919,8000.00000000,8156.25000000
7.60950279,8000.00000000,8156.25000000
7.62513781,8000.00000000,8156.25000000
7.64083624,8000.00000000,8062.50000000
7.65765762,8000.00000000,8156.25000000
7.67249346,8000.00000000,8062.50000000
7.68931437,8000.00000000,8062.50000000
7.70513725,8000.00000000,8062.50000000
7.72153711,8000.00000000,8062.50000000
7.73704290,8000.00000000,8156.25000000
7.75286674,8000.00000000,8062.50000000
7.77206659,8000.00000000,8062.50000000
7.78902817,8000.00000000,8062.50000000
7.80613422,8000.00000000,8062.50000000
7.83314228,8000.00000000,8062.50000000
7.84982824,8000.00000000,8062.50000000
7.86601210,8000.00000000,8062.50000000
7.88198233,8000.00000000,8062.50000000
7.89905787,8000.00000000,8062.50000000
7.91507292,8000.00000000,8062.50000000
7.93136168,8000.00000000,7968.75000000
7.94744778,8000.00000000,8062.50000000
7.96460581,8000.00000000,7968.75000000
7.98077869,8000.00000000,7968.75000000
7.99727392,8000.00000000,7968.75000000
8.01351547,8000.00000000,7968.75000000
8.02931452,8000.00000000,8062.50000000
8.04508448,8000.00000000,7968.75000000
8.06155252,8000.00000000,7968.75000000
8.07779264,8000.00000000,8062.50000000
8.09312963,8000.00000000,8062.50000000
8.10960102,8000.00000000,8062.50000000
8.12726402,8000.00000000,7968.75000000
8.14193535,8000.00000000,7875.00000000
8.16951847,8000.00000000,8062.50000000
8.18795919,8000.00000000,7968.75000000
8.20313120,8000.00000000,8062.50000000
8.22026682,8000.00000000,7968.75000000
8.23898745,8000.00000000,8062.50000000
8.25542021,8000.00000000,7968.75000000
8.27359962,8000.00000000,8062.50000000
8.29723883,8000.00000000,7968.75000000
8.31281376,8000.00000000,8062.50000000
8.32848406,8000.00000000,8062.50000000
8.34475327,8000.00000000,7968.75000000
8.36252213,8000.00000000,7968.75000000
8.37799740,8000.00000000,7968.75000000
8.40949488,8000.00000000,7968.75000000
8.42605591,8000.00000000,8062.50000000
8.44201374,8000.00000000,8062.50000000
8.45992565,8000.00000000,8062.50000000
8.47546101,8000.00000000,8062.50000000
8.49188328,8000.00000000,8062.50000000
8.50973606,8000.00000000,8062.50000000
8.52508783,8000.00000000,8062.50000000
8.54410028,8000.00000000,7968.75000000
8.56893110,8000.00000000,7968.75000000
8.59245396,8000.00000000,7968.75000000
8.60925865,8000.00000000,8062.50000000
8.63262510,8000.00000000,8062.50000000
8.64976072,8000.00000000,8062.50000000
8.66592836,8000.00000000,7968.75000000
8.68278599,8000.00000000,7968.75000000
8.69886684,8000.00000000,8062.50000000
8.71546078,8000.00000000,7968.75000000
8.73143911,8000.00000000,7875.00000000
8.74748135,8000.00000000,7875.00000000
8.76296091,8000.00000000,7968.75000000
8.78104496,8000.00000000,7968.75000000
8.79645586,8000.00000000,7968.75000000
8.81262112,8000.00000000,7968.75000000
8.83171749,8000.00000000,8062.50000000
8.84826517,8000.00000000,8062.50000000
8.86385632,8000.00000000,7968.75000000
8.88149977,8000.00000000,7968.75000000
8.90520906,8000.00000000,8062.50000000
8.92104864,8000.00000000,7968.75000000
8.93939924,8000.00000000,8062.50000000
8.95726395,8000.00000000,7968.75000000
8.97408056,8000.00000000,7968.75000000
8.99114561,8000.00000000,7968.75000000
9.01737499,8000.00000000,7968.75000000
9.03332233,8000.00000000,7968.75000000
9.04892921,8000.00000000,8062.50000000
9.06612587,8000.00000000,7968.75000000
9.08210945,8000.00000000,8062.50000000
9.09823370,8000.00000000,7968.75000000
9.11488914,8000.00000000,8062.50000000
9.13098812,8000.00000000,7968.75000000
9.14598274,8000.00000000,7968.75000000
9.16261768,8000.00000000,7968.75000000
9.17923021,8000.00000000,8062.50000000
9.19653559,8000.00000000,7968.75000000
9.21253109,8000.00000000,7968.75000000
9.22850704,8000.00000000,7968.75000000
9.24573183,8000.00000000,7968.75000000
9.26158381,8000.00000000,8062.50000000
9.27725458,8000.00000000,7968.75000000
9.29496527,8000.00000000,8062.50000000
9.30994081,8000.00000000,7968.75000000
9.32589245,8000.00000000,8062.50000000
9.35342360,8000.00000000,7968.75000000
9.36881685,8000.00000000,8062.50000000
9.38566160,8000.00000000,7968.75000000
9.40145350,8000.00000000,8062.50000000
9.41889858,8000.00000000,7968.75000000
9.44051266,8000.00000000,7968.75000000
9.45669127,8000.00000000,7968.75000000
9.48150492,8000.00000000,8062.50000000
9.49647188,8000.00000000,7968.75000000
9.51294851,8000.00000000,7968.75000000
9.52994633,8000.00000000,7968.75000000
9.54490995,8000.00000000,7968.75000000
9.56149435,8000.00000000,8062.50000000
9.57641602,8000.00000000,7968.75000000
9.59283304,8000.00000000,7968.75000000
9.60946369,8000.00000000,7968.75000000
9.62543821,8000.00000000,7968.75000000
9.64069605,8000.00000000,7968.75000000
9.65760374,8000.00000000,8062.50000000
9.67328644,8000.00000000,8062.50000000
9.68936253,8000.00000000,8062.50000000
9.70592594,8000.00000000,7968.75000000
9.72155905,8000.00000000,8062.50000000
9.73668098,8000.00000000,8062.50000000
9.75289965,8000.00000000,7968.75000000
9.76848602,8000.00000000,7968.75000000
9.78505421,8000.00000000,7968.75000000
9.80101109,8000.00000000,7968.75000000
9.81750774,8000.00000000,7968.75000000
9.83332634,8000.00000000,7968.75000000
9.84883976,8000.00000000,7968.75000000
9.86445570,8000.00000000,7968.75000000
9.88154125,8000.00000000,7968.75000000
9.89713526,8000.00000000,7968.75000000
9.91255569,8000.00000000,7968.75000000
9.92897844,8000.00000000,8062.50000000
9.94545698,8000.00000000,8062.50000000
9.96061087,8000.00000000,8062.50000000
9.97740030,8000.00000000,8062.50000000
9.99333048,8000.00000000,7968.75000000
10.00841045,8000.00000000,7875.00000000
10.02507925,8000.00000000,7968.75000000
10.04169512,8000.00000000,7968.75000000
10.05788040,8000.00000000,7968.75000000
10.07422161,8000.00000000,8062.50000000
10.08982515,8000.00000000,8062.50000000
10.10582972,8000.00000000,8062.50000000
10.12142277,8000.00000000,8062.50000000
10.13713932,8000.00000000,7968.75000000
10.15281248,8000.00000000,7968.75000000
10.16943502,8000.00000000,7968.75000000
10.18674183,8000.00000000,8062.50000000
10.20202017,8000.00000000,7968.75000000
10.21770239,8000.00000000,8062.50000000
10.23327160,8000.00000000,8062.50000000
10.24891233,8000.00000000,8062.50000000
10.26539278,8000.00000000,7875.00000000
10.28080654,8000.00000000,7875.00000000
10.29643631,8000.00000000,7875.00000000
10.31303740,8000.00000000,7968.75000000
10.32959890,8000.00000000,8062.50000000
10.34497786,8000.00000000,8062.50000000
10.36143494,8000.00000000,7968.75000000
10.37720394,8000.00000000,8062.50000000
10.39248276,8000.00000000,8062.50000000
10.40915728,8000.00000000,8062.50000000
10.42530251,8000.00000000,7968.75000000
10.44144106,8000.00000000,7968.75000000
10.45779037,8000.00000000,7968.75000000
10.47316170,8000.00000000,8062.50000000
10.48896742,8000.00000000,8062.50000000
10.50585508,8000.00000000,7968.75000000
10.52157450,8000.00000000,7968.75000000
10.53702641,8000.00000000,7968.75000000
10.55325937,8000.00000000,7968.75000000
10.56849480,8000.00000000,7968.75000000
10.58439350,8000.00000000,7968.75000000
10.60081530,8000.00000000,7968.75000000
10.61700583,8000.00000000,8062.50000000
10.63322163,8000.00000000,8062.50000000
10.64853096,8000.00000000,8062.50000000
10.66523123,8000.00000000,7968.75000000
10.68088102,8000.00000000,7968.75000000
10.69758940,8000.00000000,8062.50000000
10.71325350,8000.00000000,7968.75000000
10.72854233,8000.00000000,7968.75000000
10.74461937,8000.00000000,7968.75000000
10.76022911,8000.00000000,7968.75000000
10.77664948,8000.00000000,8062.50000000
10.79323816,8000.00000000,7968.75000000
10.80884933,8000.00000000,8062.50000000
10.82597065,8000.00000000,7968.75000000
10.84327650,8000.00000000,7968.75000000
10.85792923,8000.00000000,7968.75000000
10.87307549,8000.00000000,7968.75000000
10.88919735,8000.00000000,7968.75000000
10.90436602,8000.00000000,7968.75000000
10.92170334,8000.00000000,8062.50000000
10.93678665,8000.00000000,7968.75000000
10.95233774,8000.00000000,7968.75000000
10.96911001,8000.00000000,7968.75000000
10.98507500,8000.00000000,7968.75000000
11.00062752,8000.00000000,7968.75000000
11.01719522,8000.00000000,8062.50000000
11.03321600,8000.00000000,8062.50000000
11.04849911,8000.00000000,8062.50000000
11.06493378,8000.00000000,7968.75000000
11.08121490,8000.00000000,8062.50000000
11.09735012,8000.00000000,7968.75000000
11.11283779,8000.00000000,7968.75000000
11.12909269,8000.00000000,7968.75000000
11.14495134,8000.00000000,7968.75000000
11.16083527,8000.00000000,8062.50000000
11.17727232,8000.00000000,8062.50000000
11.19294548,8000.00000000,7968.75000000
11.21060848,8000.00000000,7968.75000000
11.22684622,8000.00000000,7968.75000000
11.24278069,8000.00000000,8062.50000000
11.26008654,8000.00000000,7968.75000000
11.27607107,8000.00000000,7968.75000000
11.29303980,8000.00000000,8062.50000000
11.30814171,8000.00000000,8062.50000000
11.32410717,8000.00000000,7968.75000000
11.34281349,8000.00000000,8062.50000000
11.35821724,8000.00000000,7968.75000000
11.38470984,8000.00000000,7875.00000000
11.40330458,8000.00000000,7968.75000000
11.41986609,8000.00000000,8062.50000000
11.44078112,8000.00000000,8062.50000000
11.46536922,8000.00000000,7968.75000000
11.48103476,8000.00000000,8156.25000000
11.49680948,8000.00000000,7968.75000000
11.51336098,8000.00000000,7968.75000000
11.52982378,8000.00000000,8062.50000000
11.54596996,8000.00000000,7968.75000000
11.56082249,8000.00000000,7968.75000000
11.57838392,8000.00000000,7968.75000000
11.59449005,8000.00000000,7968.75000000
11.61000872,8000.00000000,7968.75000000
11.62738752,8000.00000000,7968.75000000
11.64383268,8000.00000000,8062.50000000
11.66013479,8000.00000000,7968.75000000
11.67648840,8000.00000000,8062.50000000
11.69285917,8000.00000000,7968.75000000
11.70963383,8000.00000000,7968.75000000
11.72508526,8000.00000000,7968.75000000
11.74235773,8000.00000000,7968.75000000
11.76048803,8000.00000000,7968.75000000
11.78518057,8000.00000000,7968.75000000
11.80159664,8000.00000000,7968.75000000
11.81976795,8000.00000000,7968.75000000
11.83511639,8000.00000000,7968.75000000
11.85248852,8000.00000000,7968.75000000
11.87307596,8000.00000000,8062.50000000
11.89143848,8000.00000000,7968.75000000
11.91277885,8000.00000000,8062.50000000
11.92934418,8000.00000000,8062.50000000
11.94590330,8000.00000000,8062.50000000
11.96161556,8000.00000000,8062.50000000
11.97683954,8000.00000000,8062.50000000
11.99438047,8000.00000000,8062.50000000
12.00997972,8000.00000000,7875.00000000
12.02533531,8000.00000000,7968.75000000
12.04313803,8000.00000000,7968.75000000
12.05938530,8000.00000000,7968.75000000
12.07453299,8000.00000000,7968.75000000
12.09284019,8000.00000000,8062.50000000
12.10997248,8000.00000000,8062.50000000
12.12666559,8000.00000000,8062.50000000
12.14283609,8000.00000000,7968.75000000
12.15838480,8000.00000000,7968.75000000
12.17679596,8000.00000000,8062.50000000
12.20058012,8000.00000000,7968.75000000
12.21664953,8000.00000000,7968.75000000
12.23360968,8000.00000000,7968.75000000
12.25104570,8000.00000000,7968.75000000
12.26743269,8000.00000000,7968.75000000
12.28464794,8000.00000000,8062.50000000
12.29987192,8000.00000000,8062.50000000
12.31727123,8000.00000000,7968.75000000
12.33325291,8000.00000000,7875.00000000
12.34893894,8000.00000000,7968.75000000
12.36653137,8000.00000000,7968.75000000
12.38164043,8000.00000000,7968.75000000
12.39783335,8000.00000000,8062.50000000
12.41559505,8000.00000000,7968.75000000
12.43232584,8000.00000000,8062.50000000
12.45763159,8000.00000000,8062.50000000
12.47469807,8000.00000000,7968.75000000
12.49200153,8000.00000000,7968.75000000
12.50796413,8000.00000000,8062.50000000
12.52671671,8000.00000000,7968.75000000
12.55318499,8000.00000000,7968.75000000
12.56967068,8000.00000000,7875.00000000
12.58679104,8000.00000000,8062.50000000
12.60610962,8000.00000000,8062.50000000
12.62314558,8000.00000000,8062.50000000
12.64927483,8000.00000000,8062.50000000
12.66495323,8000.00000000,7968.75000000
12.68091536,8000.00000000,7968.75000000
12.69700241,8000.00000000,7968.75000000
12.71314573,8000.00000000,8062.50000000
12.73044825,8000.00000000,8156.25000000
12.74645615,8000.00000000,7968.75000000
12.76222801,8000.00000000,8062.50000000
12.77868748,8000.00000000,7968.75000000
12.79538679,8000.00000000,7968.75000000
12.81218815,8000.00000000,7968.75000000
12.82928562,8000.00000000,7968.75000000
12.85894394,8000.00000000,8062.50000000
12.87609005,8000.00000000,7968.75000000
12.89133501,8000.00000000,7968.75000000
12.92481279,8000.00000000,7968.75000000
12.94001198,8000.00000000,7968.75000000
12.95655203,8000.00000000,8062.50000000
12.97263002,8000.00000000,7968.75000000
12.98716497,8000.00000000,7968.75000000
13.00279665,8000.00000000,8062.50000000
13.01764297,8000.00000000,7968.75000000
13.03250170,8000.00000000,7968.75000000
13.04940987,8000.00000000,7968.75000000
13.06476164,8000.00000000,7968.75000000
13.08103895,8000.00000000,7968.75000000
13.09669828,8000.00000000,8062.50000000
13.11287308,8000.00000000,7968.75000000
13.12869596,8000.00000000,7968.75000000
13.14537334,8000.00000000,7968.75000000
13.16062260,8000.00000000,7968.75000000
13.17679977,8000.00000000,8062.50000000
13.19262314,8000.00000000,8062.50000000
13.20933056,8000.00000000,7968.75000000
13.22539568,8000.00000000,7968.75000000
13.24142742,8000.00000000,7968.75000000
13.25667858,8000.00000000,7968.75000000
13.27265024,8000.00000000,7968.75000000
13.28944254,8000.00000000,7968.75000000
13.30538034,8000.00000000,7968.75000000
13.32075977,8000.00000000,7968.75000000
13.33704710,8000.00000000,7968.75000000
13.35350132,8000.00000000,7968.75000000
13.36931753,8000.00000000,7968.75000000
13.38468122,8000.00000000,8062.50000000
13.40088224,8000.00000000,8062.50000000
13.41660070,8000.00000000,7968.75000000
13.43298388,8000.00000000,7968.75000000
13.44841957,8000.00000000,8062.50000000
13.46502638,8000.00000000,7968.75000000
13.48118687,8000.00000000,7968.75000000
13.49709988,8000.00000000,7968.75000000
13.51273346,8000.00000000,7968.75000000
13.52895784,8000.00000000,8062.50000000
13.54491234,8000.00000000,7968.75000000
13.56056499,8000.00000000,7968.75000000
13.57731485,8000.00000000,8062.50000000
13.59296799,8000.00000000,8062.50000000
13.60859251,8000.00000000,7968.75000000
13.62453890,8000.00000000,7968.75000000
13.64062119,8000.00000000,8062.50000000
13.65699291,8000.00000000,8062.50000000
13.67327833,8000.00000000,8062.50000000
13.68881226,8000.00000000,7968.75000000
13.70612860,8000.00000000,7968.75000000
13.72175884,8000.00000000,7968.75000000
13.73721218,8000.00000000,7875.00000000
13.75277710,8000.00000000,7968.75000000
13.76865053,8000.00000000,7968.75000000
13.78440857,8000.00000000,7968.75000000
13.80075359,8000.00000000,7968.75000000
13.81602859,8000.00000000,8062.50000000
13.83270073,8000.00000000,8062.50000000
13.84902382,8000.00000000,7968.75000000
13.86460781,8000.00000000,7968.75000000
13.88056707,8000.00000000,7968.75000000
13.89737368,8000.00000000,7968.75000000
13.91323280,8000.00000000,8062.50000000
13.92926979,8000.00000000,8062.50000000
13.94464540,8000.00000000,8062.50000000
13.96127796,8000.00000000,7968.75000000
13.97681284,8000.00000000,7968.75000000
13.99314785,8000.00000000,8062.50000000
14.00848818,8000.00000000,8062.50000000
14.02506781,8000.00000000,7968.75000000
14.04132652,8000.00000000,8062.50000000
14.05745411,8000.00000000,8062.50000000
14.07341194,8000.00000000,7968.75000000
14.08882952,8000.00000000,7968.75000000
14.10455608,8000.00000000,7968.75000000
14.12223387,9000.00000000,7968.75000000
14.13691568,9000.00000000,7968.75000000
14.15344238,9000.00000000,8156.25000000
14.16900539,9000.00000000,8250.00000000
14.18542147,9000.00000000,8250.00000000
14.20074272,9000.00000000,8437.50000000
14.21667767,9000.00000000,8531.25000000
14.23284674,9000.00000000,8625.00000000
14.24868011,9000.00000000,8718.75000000
14.26391077,9000.00000000,8718.75000000
14.28075504,9000.00000000,8718.75000000
14.29654789,9000.00000000,8812.50000000
14.31287766,9000.00000000,8906.25000000
14.32887363,9000.00000000,8812.50000000
14.34515047,9000.00000000,8812.50000000
14.36122942,9000.00000000,8906.25000000
14.37759638,9000.00000000,8906.25000000
14.39245272,9000.00000000,8906.25000000
14.40891075,9000.00000000,9000.00000000
14.42688370,9000.00000000,9000.00000000
14.44226503,9000.00000000,9000.00000000
14.45691586,9000.00000000,8906.25000000
14.47431803,9000.00000000,9000.00000000
14.48980093,9000.00000000,9000.00000000
14.50495577,9000.00000000,9000.00000000
14.52158499,9000.00000000,9000.00000000
14.53747559,9000.00000000,9000.00000000
14.55283642,9000.00000000,9000.00000000
14.56930971,9000.00000000,9000.00000000
14.58528900,9000.00000000,9000.00000000
14.60090065,9000.00000000,9093.75000000
14.61677456,9000.00000000,9093.75000000
14.63242865,9000.00000000,9000.00000000
14.64892101,9000.00000000,9000.00000000
14.66468143,9000.00000000,9000.00000000
14.68067312,9000.00000000,9000.00000000
14.69599724,9000.00000000,9093.75000000
14.71294689,9000.00000000,8906.25000000
14.72864294,9000.00000000,9000.00000000
14.74506235,9000.00000000,9000.00000000
14.76117706,9000.00000000,9000.00000000
14.77651119,9000.00000000,9000.00000000
14.79258728,9000.00000000,8906.25000000
14.80916214,9000.00000000,9000.00000000
14.82479858,9000.00000000,9000.00000000
14.84139395,9000.00000000,9000.00000000
14.85743189,9000.00000000,9093.75000000
14.87440681,9000.00000000,9093.75000000
14.88930941,9000.00000000,9000.00000000
14.90534639,9000.00000000,9000.00000000
14.92234945,9000.00000000,8906.25000000
14.93777561,9000.00000000,9000.00000000
14.95275831,9000.00000000,9000.00000000
14.96843719,9000.00000000,9000.00000000
14.98530626,9000.00000000,9000.00000000
15.00124645,9000.00000000,9000.00000000
15.01680899,9000.00000000,9093.75000000
15.03334236,9000.00000000,9000.00000000
15.04922771,9000.00000000,9000.00000000
15.06489277,9000.00000000,8906.25000000
15.08059597,9000.00000000,9000.00000000
15.09725904,9000.00000000,9093.75000000
15.11302853,9000.00000000,9000.00000000
15.12893009,9000.00000000,8906.25000000
15.14484787,9000.00000000,9000.00000000
15.16113329,9000.00000000,9000.00000000
15.17752838,9000.00000000,9000.00000000
15.19341087,9000.00000000,9000.00000000
15.20931244,9000.00000000,9000.00000000
15.22527218,9000.00000000,8906.25000000
15.24174070,9000.00000000,9000.00000000
15.25717592,9000.00000000,9000.00000000
15.27318096,9000.00000000,9000.00000000
15.28853607,9000.00000000,9000.00000000
15.30543804,9000.00000000,9000.00000000
15.32098055,9000.00000000,9000.00000000
15.33707523,9000.00000000,9093.75000000
15.35329199,9000.00000000,9000.00000000
15.36884069,9000.00000000,8906.25000000
15.38521194,9000.00000000,9000.00000000
15.40076876,9000.00000000,9093.75000000
15.41676474,9000.00000000,9093.75000000
15.43340254,9000.00000000,9000.00000000
15.44877434,9000.00000000,8812.50000000
15.46473312,9000.00000000,8906.25000000
15.48142290,9000.00000000,9093.75000000
15.49657202,9000.00000000,9093.75000000
15.51253414,9000.00000000,9000.00000000
15.52857590,9000.00000000,8906.25000000
15.54545689,9000.00000000,8906.25000000
15.56108761,9000.00000000,9093.75000000
15.57772684,9000.00000000,9093.75000000
15.59254551,9000.00000000,9000.00000000
15.60913277,9000.00000000,9000.00000000
15.62537003,9000.00000000,9000.00000000
15.64067507,9000.00000000,9187.50000000
15.65722132,9000.00000000,9000.00000000
15.67282391,9000.00000000,9000.00000000
15.68858099,9000.00000000,9000.00000000
15.70555305,9000.00000000,9000.00000000
15.72127342,9000.00000000,9000.00000000
15.73691893,9000.00000000,9000.00000000
15.75317478,9000.00000000,9000.00000000
15.76903057,9000.00000000,9093.75000000
15.78428984,9000.00000000,9000.00000000
15.80056858,9000.00000000,9000.00000000
15.81655455,9000.00000000,8906.25000000
15.83290386,9000.00000000,8906.25000000
15.84922457,9000.00000000,8906.25000000
15.86489868,9000.00000000,9000.00000000
15.88093710,9000.00000000,9000.00000000
15.89734602,9000.00000000,8906.25000000
15.91265106,9000.00000000,9000.00000000
15.92931223,9000.00000000,8906.25000000
15.94532919,9000.00000000,9000.00000000
15.96062946,9000.00000000,9000.00000000
15.97678852,9000.00000000,9000.00000000
15.99345160,9000.00000000,9000.00000000
16.00878572,9000.00000000,8906.25000000
16.02512980,9000.00000000,9000.00000000
16.04084873,9000.00000000,9000.00000000
16.05724525,9000.00000000,9093.75000000
16.07285404,9000.00000000,9000.00000000
16.08942604,9000.00000000,8906.25000000
16.10520458,9000.00000000,9000.00000000
16.12122536,9000.00000000,9000.00000000
16.13700676,9000.00000000,9000.00000000
16.15294456,9000.00000000,9000.00000000
16.16917944,9000.00000000,9000.00000000
16.18539619,9000.00000000,9000.00000000
16.20091581,9000.00000000,9000.00000000
16.21659899,9000.00000000,9093.75000000
16.23401690,9000.00000000,8906.25000000
16.24925709,9000.00000000,9000.00000000
16.26517916,9000.00000000,9093.75000000
16.28096151,9000.00000000,9000.00000000
16.29675674,9000.00000000,9093.75000000
16.31289101,9000.00000000,9000.00000000
16.32937098,9000.00000000,9093.75000000
16.34813261,9000.00000000,9093.75000000
16.36710596,9000.00000000,9093.75000000
16.38300800,9000.00000000,9000.00000000
16.39822960,9000.00000000,9000.00000000
16.41439915,9000.00000000,9000.00000000
16.43192434,9000.00000000,9000.00000000
16.45692062,9000.00000000,9000.00000000
16.48000383,9000.00000000,9000.00000000
16.49571419,9000.00000000,9000.00000000
16.52101898,9000.00000000,9093.75000000
16.53674078,9000.00000000,9000.00000000
16.55361366,9000.00000000,9000.00000000
16.57022762,9000.00000000,9093.75000000
16.58482027,9000.00000000,9000.00000000
16.60142708,9000.00000000,9000.00000000
16.61769915,9000.00000000,8906.25000000
16.63258076,9000.00000000,9000.00000000
16.64914370,9000.00000000,9000.00000000
16.66519642,9000.00000000,9000.00000000
16.68105841,9000.00000000,9000.00000000
16.69690228,9000.00000000,9000.00000000
16.71246910,9000.00000000,9000.00000000
16.72843599,9000.00000000,9000.00000000
16.74537039,9000.00000000,9000.00000000
16.76059628,9000.00000000,8906.25000000
16.77692890,9000.00000000,9000.00000000
16.79629278,9000.00000000,9000.00000000
16.81183100,9000.00000000,8906.25000000
16.82766914,9000.00000000,9000.00000000
16.84569025,9000.00000000,9000.00000000
16.86065483,9000.00000000,9000.00000000
16.87493753,9000.00000000,9000.00000000
16.89130116,9000.00000000,9093.75000000
16.91911507,9000.00000000,9000.00000000
16.93715954,9000.00000000,9000.00000000
16.95296001,9000.00000000,9000.00000000
16.96919775,9000.00000000,9093.75000000
16.98476267,9000.00000000,9000.00000000
17.00133514,9000.00000000,9000.00000000
17.01696110,9000.00000000,8906.25000000
17.03323460,9000.00000000,9000.00000000
17.04943514,9000.00000000,9000.00000000
17.06502628,9000.00000000,9000.00000000
17.08109617,9000.00000000,8906.25000000
17.09733248,9000.00000000,8906.25000000
17.11294127,9000.00000000,9093.75000000
17.12879419,9000.00000000,9093.75000000
17.14527273,9000.00000000,8906.25000000
17.16044617,9000.00000000,9000.00000000
17.17752266,9000.00000000,9000.00000000
17.19312477,9000.00000000,9000.00000000
17.20931149,9000.00000000,9093.75000000
17.22533369,9000.00000000,9093.75000000
17.24127150,9000.00000000,9000.00000000
17.25674248,9000.00000000,8906.25000000
17.27367163,9000.00000000,9000.00000000
17.28886604,9000.00000000,9000.00000000
17.30582380,9000.00000000,8906.25000000
17.32218456,9000.00000000,8906.25000000
17.33968019,9000.00000000,9000.00000000
17.35451937,9000.00000000,9000.00000000
17.37028122,9000.00000000,9000.00000000
17.38693428,9000.00000000,8906.25000000
17.40743923,9000.00000000,9000.00000000
17.42533159,9000.00000000,9000.00000000
17.44941092,9000.00000000,9093.75000000
17.46492338,9000.00000000,9000.00000000
17.48094511,9000.00000000,9000.00000000
17.49668646,9000.00000000,9000.00000000
17.51277256,9000.00000000,9093.75000000
17.52814198,9000.00000000,9093.75000000
17.54467249,9000.00000000,9000.00000000
17.56014013,9000.00000000,8906.25000000
17.57695389,9000.00000000,9000.00000000
17.59326172,9000.00000000,9000.00000000
17.60900784,9000.00000000,9000.00000000
17.62559557,9000.00000000,9000.00000000
17.64040804,9000.00000000,9000.00000000
17.65609455,9000.00000000,9000.00000000
17.67351580,9000.00000000,9093.75000000
17.68948841,9000.00000000,9000.00000000
17.70503998,9000.00000000,9000.00000000
17.72228241,9000.00000000,8906.25000000
17.73895311,9000.00000000,9000.00000000
17.75522661,9000.00000000,9000.00000000
17.77047253,9000.00000000,9000.00000000
17.78577423,9000.00000000,9000.00000000
17.80098629,9000.00000000,9000.00000000
17.81642628,9000.00000000,9000.00000000
17.83258295,9000.00000000,9000.00000000
17.84894896,9000.00000000,9000.00000000
17.86531782,9000.00000000,8906.25000000
17.88116312,9000.00000000,9000.00000000
17.89704847,9000.00000000,9000.00000000
17.91322660,9000.00000000,9000.00000000
17.92872906,9000.00000000,9000.00000000
17.94455099,9000.00000000,8906.25000000
17.96103430,9000.00000000,9000.00000000
17.97727871,9000.00000000,9000.00000000
17.99288130,9000.00000000,9000.00000000
18.00920725,9000.00000000,9000.00000000
18.02449656,9000.00000000,9000.00000000
18.04169035,9000.00000000,8906.25000000
18.05697346,9000.00000000,9000.00000000
18.07335711,9000.00000000,9093.75000000
18.08833361,9000.00000000,9000.00000000
18.10422373,9000.00000000,9000.00000000
18.12142754,9000.00000000,9000.00000000
18.13714027,9000.00000000,9000.00000000
18.15323496,9000.00000000,9000.00000000
18.16978741,9000.00000000,9000.00000000
18.18492985,9000.00000000,9000.00000000
18.20062065,9000.00000000,9000.00000000
18.21656656,9000.00000000,9000.00000000
18.23325348,9000.00000000,9093.75000000
18.24888086,9000.00000000,9000.00000000
18.26490545,9000.00000000,9000.00000000
18.28120089,9000.00000000,9000.00000000
18.29688787,9000.00000000,9000.00000000
18.31281424,9000.00000000,9000.00000000
18.32854080,9000.00000000,9000.00000000
18.34477615,9000.00000000,9000.00000000
18.36041451,9000.00000000,9000.00000000
18.37683249,9000.00000000,9000.00000000
18.39335442,9000.00000000,9000.00000000
18.40872431,9000.00000000,9000.00000000
18.42473602,9000.00000000,9000.00000000
18.44270420,9000.00000000,9000.00000000
18.46267033,9000.00000000,9000.00000000
18.48917770,9000.00000000,9000.00000000
18.50489616,9000.00000000,9000.00000000
18.52068663,9000.00000000,9000.00000000
18.53722668,9000.00000000,9093.75000000
18.55353165,9000.00000000,9093.75000000
18.56851912,9000.00000000,9000.00000000
18.58496714,9000.00000000,9000.00000000
18.60030556,9000.00000000,9000.00000000
18.61719322,9000.00000000,9093.75000000
18.63323641,9000.00000000,9000.00000000
18.64944553,9000.00000000,9000.00000000
18.66478777,9000.00000000,9000.00000000
18.68074656,9000.00000000,9000.00000000
18.69745922,9000.00000000,9000.00000000
18.71302843,9000.00000000,9000.00000000
18.72908688,9000.00000000,8906.25000000
18.74490690,9000.00000000,8906.25000000
18.76069021,9000.00000000,8906.25000000
18.77681065,9000.00000000,9000.00000000
18.79251242,9000.00000000,9093.75000000
18.80865049,9000.00000000,8906.25000000
18.82504749,9000.00000000,9000.00000000
18.84084749,9000.00000000,9000.00000000
18.85736084,9000.00000000,9000.00000000
18.87354469,9000.00000000,8906.25000000
18.88863564,9000.00000000,9000.00000000
18.90496016,9000.00000000,9000.00000000
18.92178631,9000.00000000,9000.00000000
18.93681955,9000.00000000,8906.25000000
18.95291948,9000.00000000,8906.25000000
18.96859503,9000.00000000,9000.00000000
18.98498344,9000.00000000,9000.00000000
19.00138950,9000.00000000,9000.00000000
19.01678801,9000.00000000,9000.00000000
19.03244781,9000.00000000,9000.00000000
19.04865599,9000.00000000,9000.00000000
19.06538200,9000.00000000,9000.00000000
19.08088493,9000.00000000,9000.00000000
19.09672451,9000.00000000,9093.75000000
19.11315346,9000.00000000,9093.75000000
19.12872982,9000.00000000,9000.00000000
19.14528131,9000.00000000,9093.75000000
19.16194916,9000.00000000,9000.00000000
19.17769194,9000.00000000,9000.00000000
19.19302225,9000.00000000,9000.00000000
19.20858860,9000.00000000,9000.00000000
19.22515869,9000.00000000,9000.00000000
19.24149418,9000.00000000,9000.00000000
19.25705290,9000.00000000,9000.00000000
19.27286816,9000.00000000,9000.00000000
19.28861713,9000.00000000,8906.25000000
19.30498838,9000.00000000,9000.00000000
19.32125759,9000.00000000,9000.00000000
19.33676958,9000.00000000,9093.75000000
19.35255051,9000.00000000,9000.00000000
19.36915350,9000.00000000,9000.00000000
19.38490009,9000.00000000,9000.00000000
19.40059233,9000.00000000,9000.00000000
19.41595173,9000.00000000,9000.00000000
19.43300629,9000.00000000,9000.00000000
19.44858789,9000.00000000,9000.00000000
19.46529055,9000.00000000,9000.00000000
19.48119164,9000.00000000,8906.25000000
19.49758863,9000.00000000,9093.75000000
19.51293612,9000.00000000,9000.00000000
19.52914238,9000.00000000,9000.00000000
19.54486847,9000.00000000,9000.00000000
19.56123018,9000.00000000,9000.00000000
19.57718849,9000.00000000,9093.75000000
19.59245443,9000.00000000,9000.00000000
19.60903025,9000.00000000,8906.25000000
19.62501097,9000.00000000,9000.00000000
19.64109278,9000.00000000,9000.00000000
19.65705395,9000.00000000,9093.75000000
19.67379475,9000.00000000,9093.75000000
19.68931055,9000.00000000,9000.00000000
19.70486832,9000.00000000,9000.00000000
19.72278929,9000.00000000,8906.25000000
19.73736906,9000.00000000,9000.00000000
19.75274611,9000.00000000,9000.00000000
19.76866293,9000.00000000,8906.25000000
19.78493881,9000.00000000,8906.25000000
19.80126524,9000.00000000,8906.25000000
19.81642485,9000.00000000,9000.00000000
19.83260679,9000.00000000,9000.00000000
19.84844780,9000.00000000,9000.00000000
19.86498785,9000.00000000,9000.00000000
19.88053465,9000.00000000,9000.00000000
19.89731503,9000.00000000,9093.75000000
19.91259241,9000.00000000,9000.00000000
19.92900705,9000.00000000,9000.00000000
19.94464588,9000.00000000,9000.00000000
19.96071148,9000.00000000,9000.00000000
19.97666931,9000.00000000,9000.00000000
19.99350119,9000.00000000,9000.00000000
20.00862074,9000.00000000,9000.00000000
20.02423000,9000.00000000,9000.00000000
20.04175043,9000.00000000,9000.00000000
20.05732870,9000.00000000,9000.00000000
20.07301950,9000.00000000,9000.00000000
20.08880568,9000.00000000,9000.00000000
20.10598326,9000.00000000,9093.75000000
20.12148046,9000.00000000,9000.00000000
20.13737822,9000.00000000,9000.00000000
20.15298414,9000.00000000,9000.00000000
20.16876221,9000.00000000,9000.00000000
20.18443394,9000.00000000,9187.50000000
20.20083666,9000.00000000,9000.00000000
20.21748447,9000.00000000,9000.00000000
20.23333788,9000.00000000,9000.00000000
20.24933767,9000.00000000,8906.25000000
20.26515150,9000.00000000,9000.00000000
20.28126860,9000.00000000,9000.00000000
20.29689884,9000.00000000,9000.00000000
20.31288671,9000.00000000,8906.25000000
20.32898521,9000.00000000,8906.25000000
20.34535980,9000.00000000,9000.00000000
20.36093616,9000.00000000,9000.00000000
20.37650347,9000.00000000,9000.00000000
20.39296389,9000.00000000,9000.00000000
20.40834951,9000.00000000,9000.00000000
20.42601538,9000.00000000,9000.00000000
20.44141674,9000.00000000,9000.00000000
20.45779037,9000.00000000,9000.00000000
20.47259283,9000.00000000,9000.00000000
20.48913240,9000.00000000,9000.00000000
20.50587559,9000.00000000,9000.00000000
20.52155542,9000.00000000,9000.00000000
20.53677702,9000.00000000,9000.00000000
20.55262184,9000.00000000,8906.25000000
20.56925964,9000.00000000,9000.00000000
20.58506918,9000.00000000,9000.00000000
20.60124445,9000.00000000,9093.75000000
20.61657190,9000.00000000,9000.00000000
20.63248730,9000.00000000,9000.00000000
20.64908218,9000.00000000,9000.00000000
20.66468954,9000.00000000,9000.00000000
20.68053579,9000.00000000,9093.75000000
20.69704056,9000.00000000,9000.00000000
20.71309137,9000.00000000,9000.00000000
20.72850323,9000.00000000,9000.00000000
20.74463415,9000.00000000,9000.00000000
20.76060295,9000.00000000,9000.00000000
20.77666187,9000.00000000,9000.00000000
20.79272461,9000.00000000,9000.00000000
20.80936670,9000.00000000,9000.00000000
20.82498598,9000.00000000,9000.00000000
20.84134054,9000.00000000,9000.00000000
20.85779047,9000.00000000,9000.00000000
20.87308502,9000.00000000,9000.00000000
20.88953400,9000.00000000,9000.00000000
20.90533733,9000.00000000,9093.75000000
20.92193079,9000.00000000,9000.00000000
20.93742943,9000.00000000,9000.00000000
20.95266724,9000.00000000,8906.25000000
20.96862602,9000.00000000,9000.00000000
20.98535633,9000.00000000,9000.00000000
21.00075436,9000.00000000,9000.00000000
21.01945019,9000.00000000,9000.00000000
21.03948116,9000.00000000,9000.00000000
21.05748034,9000.00000000,9000.00000000
21.08091688,9000.00000000,9093.75000000
21.10936594,9000.00000000,9000.00000000
21.12926531,9000.00000000,9000.00000000
21.14546013,9000.00000000,9000.00000000
21.16380548,9000.00000000,9000.00000000
21.18012142,9000.00000000,9000.00000000
21.19723749,9000.00000000,9000.00000000
21.21553373,9000.00000000,9000.00000000
21.23178625,9000.00000000,9093.75000000
21.25791931,9000.00000000,9000.00000000
21.27486992,9000.00000000,8906.25000000
21.29285288,9000.00000000,9000.00000000
21.31123400,9000.00000000,9000.00000000
21.33756161,9000.00000000,9093.75000000
21.35789013,9000.00000000,9000.00000000
21.37600946,9000.00000000,9000.00000000
21.39493752,9000.00000000,9000.00000000
21.41641045,9000.00000000,9000.00000000
21.44040966,9000.00000000,9000.00000000
21.45950794,9000.00000000,9000.00000000
21.48044777,9000.00000000,9000.00000000
21.49818468,9000.00000000,9000.00000000
21.51538515,9000.00000000,9000.00000000
21.53302479,9000.00000000,9000.00000000
21.55089664,9000.00000000,9000.00000000
21.56909227,9000.00000000,9000.00000000
21.59324932,9000.00000000,8906.25000000
21.61057663,9000.00000000,9000.00000000
21.62853479,9000.00000000,9000.00000000
21.64653635,9000.00000000,9000.00000000
21.66475677,9000.00000000,9000.00000000
21.68912172,9000.00000000,9000.00000000
21.70754576,9000.00000000,9000.00000000
21.72710705,9000.00000000,9000.00000000
21.74537659,9000.00000000,9093.75000000
21.76908302,9000.00000000,9000.00000000
21.78925133,9000.00000000,9000.00000000
21.80631399,9000.00000000,9093.75000000
21.82664633,9000.00000000,9000.00000000
21.84914875,9000.00000000,8906.25000000
21.86645174,9000.00000000,9093.75000000
21.88431406,9000.00000000,9000.00000000
21.90576410,9000.00000000,9000.00000000
21.92903709,9000.00000000,9000.00000000
21.94741917,9000.00000000,9000.00000000
21.96478891,9000.00000000,9093.75000000
21.98195791,9000.00000000,9000.00000000
22.00091171,9000.00000000,8906.25000000
22.02438593,9000.00000000,9093.75000000
22.04180479,9000.00000000,8906.25000000
22.06090546,9000.00000000,8906.25000000
22.07786846,9000.00000000,9000.00000000
22.09496069,9000.00000000,8906.25000000
22.12084627,9000.00000000,8906.25000000
22.14096117,9000.00000000,9000.00000000
22.15894270,9000.00000000,9000.00000000
22.17622757,9000.00000000,9000.00000000
22.20131016,9000.00000000,9000.00000000
22.21984720,9000.00000000,9000.00000000
22.23855162,9000.00000000,9093.75000000
22.25784302,9000.00000000,9000.00000000
22.28096437,9000.00000000,9000.00000000
22.29793453,9000.00000000,9000.00000000
22.31502438,9000.00000000,8906.25000000
22.33348322,9000.00000000,9000.00000000
22.35104322,9000.00000000,9000.00000000
22.37164402,8000.00000000,9000.00000000
22.39275742,8000.00000000,9000.00000000
22.41355324,8000.00000000,8906.25000000
22.43531322,8000.00000000,8718.75000000
22.45667601,8000.00000000,8531.25000000
22.47601843,8000.00000000,8437.50000000
22.49436712,8000.00000000,8343.75000000
22.51204443,8000.00000000,8343.75000000
22.53753042,8000.00000000,8156.25000000
22.55676174,8000.00000000,8156.25000000
22.57581329,8000.00000000,8062.50000000
22.60054111,8000.00000000,8062.50000000
22.61918831,8000.00000000,8062.50000000
22.63928366,8000.00000000,8156.25000000
22.65992880,8000.00000000,7968.75000000
22.68077660,8000.00000000,7968.75000000
22.69905519,8000.00000000,7968.75000000
22.71783543,8000.00000000,7968.75000000
22.73781013,8000.00000000,7968.75000000
22.76088667,8000.00000000,7968.75000000
22.77879143,8000.00000000,7968.75000000
22.79683876,8000.00000000,8062.50000000
22.81349754,8000.00000000,8062.50000000
22.83114433,8000.00000000,7968.75000000
22.85692024,8000.00000000,8062.50000000
22.88242483,8000.00000000,7968.75000000
22.90493250,8000.00000000,8062.50000000
22.92394257,8000.00000000,7968.75000000
22.94347811,8000.00000000,7968.75000000
22.96281099,8000.00000000,7968.75000000
22.98455715,8000.00000000,8062.50000000
23.01584482,8000.00000000,8062.50000000
23.03294420,8000.00000000,7968.75000000
23.04863644,8000.00000000,7968.75000000
23.06534529,8000.00000000,7968.75000000
23.08193159,8000.00000000,7875.00000000
23.09739304,8000.00000000,8062.50000000
23.11322546,8000.00000000,7968.75000000
23.12986231,8000.00000000,8062.50000000
23.14556217,8000.00000000,7968.75000000
23.16110468,8000.00000000,7968.75000000
23.17816257,8000.00000000,7875.00000000
23.19380474,8000.00000000,7968.75000000
23.20914841,8000.00000000,7968.75000000
23.22629023,8000.00000000,7968.75000000
23.24191809,8000.00000000,7968.75000000
23.27496624,8000.00000000,7968.75000000
23.29053688,8000.00000000,7968.75000000
23.30788040,8000.00000000,8062.50000000
23.32394314,8000.00000000,8062.50000000
23.34090567,8000.00000000,7968.75000000
23.35747433,8000.00000000,7968.75000000
23.37301779,8000.00000000,7968.75000000
23.38898087,8000.00000000,7968.75000000
23.40599585,8000.00000000,7968.75000000
23.42358971,8000.00000000,7968.75000000
23.44102097,8000.00000000,7968.75000000
23.46529388,8000.00000000,7968.75000000
23.48107958,8000.00000000,7968.75000000
23.49831057,8000.00000000,8062.50000000
23.51426363,8000.00000000,8062.50000000
23.52927017,8000.00000000,8062.50000000
23.54587936,8000.00000000,8062.50000000
23.56243801,8000.00000000,7968.75000000
23.57753849,8000.00000000,7968.75000000
23.59428072,8000.00000000,8062.50000000
23.60942268,8000.00000000,7968.75000000
23.62501812,8000.00000000,7968.75000000
23.64232540,8000.00000000,7968.75000000
23.65761995,8000.00000000,8062.50000000
23.67377758,8000.00000000,7968.75000000
23.69243813,8000.00000000,8062.50000000
23.70754337,8000.00000000,8062.50000000
23.72502995,8000.00000000,7968.75000000
23.74133205,8000.00000000,7968.75000000
23.75769186,8000.00000000,7968.75000000
23.77531719,8000.00000000,8062.50000000
23.80139780,8000.00000000,7968.75000000
23.82400179,8000.00000000,7968.75000000
23.84205103,8000.00000000,7968.75000000
23.86543655,8000.00000000,7968.75000000
23.88334656,8000.00000000,7968.75000000
23.89831066,8000.00000000,7968.75000000
23.91462040,8000.00000000,7968.75000000
23.93133307,8000.00000000,8062.50000000
23.94580364,8000.00000000,8062.50000000
23.96400547,8000.00000000,7968.75000000
23.97926426,8000.00000000,8062.50000000
23.99539709,8000.00000000,8062.50000000
24.01176405,8000.00000000,7968.75000000
24.02739573,8000.00000000,7968.75000000
24.04250002,8000.00000000,7968.75000000
24.05980110,8000.00000000,7968.75000000
24.07549334,8000.00000000,8062.50000000
24.09111404,8000.00000000,7968.75000000
24.10863590,8000.00000000,7968.75000000
24.12438059,8000.00000000,7968.75000000
24.13983202,8000.00000000,7968.75000000
24.15679359,8000.00000000,7968.75000000
24.17359543,8000.00000000,8062.50000000
24.19290733,8000.00000000,7968.75000000
24.21716452,8000.00000000,8062.50000000
24.23299408,8000.00000000,7968.75000000
24.24955463,8000.00000000,8062.50000000
24.26468945,8000.00000000,8062.50000000
24.28024721,8000.00000000,7968.75000000
24.29641104,8000.00000000,7968.75000000
24.31244898,8000.00000000,7968.75000000
24.32904339,8000.00000000,7968.75000000
24.34528828,8000.00000000,7968.75000000
24.36055040,8000.00000000,7968.75000000
24.37784529,8000.00000000,7968.75000000
24.39340258,8000.00000000,7968.75000000
24.40836906,8000.00000000,8062.50000000
24.42797470,8000.00000000,8062.50000000
24.44515133,8000.00000000,8062.50000000
24.46100950,8000.00000000,8062.50000000
24.47856522,8000.00000000,7968.75000000
24.49446249,8000.00000000,8062.50000000
24.50997448,8000.00000000,8062.50000000
24.52762318,8000.00000000,7968.75000000
24.55296659,8000.00000000,8062.50000000
24.56856537,8000.00000000,8062.50000000
24.58714628,8000.00000000,7968.75000000
24.60453367,8000.00000000,7875.00000000
24.62383842,8000.00000000,8062.50000000
24.64931536,8000.00000000,7968.75000000
24.66480541,8000.00000000,7968.75000000
24.68086100,8000.00000000,8062.50000000
24.69671059,8000.00000000,8062.50000000
24.71275854,8000.00000000,8062.50000000
24.72906590,8000.00000000,8062.50000000
24.74506807,8000.00000000,7968.75000000
24.76129818,8000.00000000,7968.75000000
24.78244638,8000.00000000,7968.75000000
24.80909538,8000.00000000,7968.75000000
24.82440042,8000.00000000,7968.75000000
24.86470222,8000.00000000,8062.50000000
24.88916922,8000.00000000,7968.75000000
24.90466452,8000.00000000,8062.50000000
24.92038584,8000.00000000,7968.75000000
24.95308256,8000.00000000,7968.75000000
24.96914101,8000.00000000,8062.50000000
24.98508644,8000.00000000,8062.50000000
25.00064564,8000.00000000,8062.50000000
25.01688051,8000.00000000,8062.50000000
25.03308010,8000.00000000,8062.50000000
25.04903221,8000.00000000,7968.75000000
25.06459427,8000.00000000,7968.75000000
25.09741402,8000.00000000,7968.75000000
25.11320114,8000.00000000,7968.75000000
25.13328648,8000.00000000,8062.50000000
25.14794970,8000.00000000,7968.75000000
25.16337061,8000.00000000,7968.75000000
25.17936373,8000.00000000,7968.75000000
25.19382238,8000.00000000,7968.75000000
25.20934868,8000.00000000,31968.75000000
25.22578716,8000.00000000,7593.75000000
25.24123192,8000.00000000,7312.50000000
25.25742912,8000.00000000,7781.25000000
25.27464390,8000.00000000,8250.00000000
25.28891659,8000.00000000,8625.00000000
25.30515814,8000.00000000,8906.25000000
25.32310724,8000.00000000,9187.50000000
25.33948851,8000.00000000,9281.25000000
25.35518646,8000.00000000,9375.00000000
25.37547493,8000.00000000,9375.00000000
25.40092707,8000.00000000,9375.00000000
25.42415810,8000.00000000,9281.25000000
25.44066572,8000.00000000,9281.25000000
25.46504593,8000.00000000,9281.25000000
25.48090363,8000.00000000,9187.50000000
25.49666739,8000.00000000,9000.00000000
25.51305294,8000.00000000,9000.00000000
25.52895975,8000.00000000,8906.25000000
25.54505444,8000.00000000,8812.50000000
25.56121397,8000.00000000,8812.50000000
25.57712317,8000.00000000,8625.00000000
25.59332466,8000.00000000,8531.25000000
25.60904169,8000.00000000,8437.50000000
25.62443638,8000.00000000,8437.50000000
25.64132547,8000.00000000,8343.75000000
25.65686226,8000.00000000,8343.75000000
25.67333221,8000.00000000,8250.00000000
25.68922234,8000.00000000,8250.00000000
25.70480967,8000.00000000,8156.25000000
25.72470188,8000.00000000,8250.00000000
25.73958492,8000.00000000,8156.25000000
25.75499439,8000.00000000,8156.25000000
25.77054405,8000.00000000,8062.50000000
25.78857279,8000.00000000,8156.25000000
25.80308104,8000.00000000,8156.25000000
25.81870317,8000.00000000,8062.50000000
25.83395910,8000.00000000,7968.75000000
25.85636902,8000.00000000,8062.50000000
25.87184000,8000.00000000,7968.75000000
25.89623022,8000.00000000,7968.75000000
25.91264200,8000.00000000,7968.75000000
25.92850351,8000.00000000,8062.50000000
25.94484901,8000.00000000,8062.50000000
25.96075439,8000.00000000,7968.75000000
25.98073959,8000.00000000,7968.75000000
25.99517488,8000.00000000,7968.75000000
26.01667833,8000.00000000,7968.75000000
26.03372383,8000.00000000,7968.75000000
26.05775785,8000.00000000,7968.75000000
26.07274914,8000.00000000,8062.50000000
26.08936930,8000.00000000,8062.50000000
26.10583210,8000.00000000,8062.50000000
26.12125540,8000.00000000,8062.50000000
26.13681030,8000.00000000,8062.50000000
26.15339422,8000.00000000,7968.75000000
26.16910315,8000.00000000,7968.75000000
26.18465090,8000.00000000,7968.75000000
26.20056200,8000.00000000,7968.75000000
26.21650743,8000.00000000,8062.50000000
26.23272276,8000.00000000,7875.00000000
26.24953318,8000.00000000,8062.50000000
26.26473379,8000.00000000,7968.75000000
26.28131199,8000.00000000,7968.75000000
26.29676342,8000.00000000,7968.75000000
26.31275082,8000.00000000,7968.75000000
26.32896328,8000.00000000,7968.75000000
26.34442854,8000.00000000,7968.75000000
26.36104441,8000.00000000,8062.50000000
26.37698174,8000.00000000,8062.50000000
26.39294481,8000.00000000,8062.50000000
26.40896702,8000.00000000,7968.75000000
26.42555428,8000.00000000,7968.75000000
26.44166279,8000.00000000,7875.00000000
26.45682764,8000.00000000,7875.00000000
26.47294855,8000.00000000,7968.75000000
26.48940182,8000.00000000,8062.50000000
26.50443697,8000.00000000,8062.50000000
26.52213669,8000.00000000,7968.75000000
26.53727627,8000.00000000,7968.75000000
26.55859947,8000.00000000,7968.75000000
26.58505583,8000.00000000,8062.50000000
26.60060692,8000.00000000,8062.50000000
26.61680174,8000.00000000,8062.50000000
26.63301420,8000.00000000,7968.75000000
26.64862728,8000.00000000,8062.50000000
26.66514015,8000.00000000,7968.75000000
26.68056536,8000.00000000,7968.75000000
26.69672394,8000.00000000,7968.75000000
26.71269846,8000.00000000,7968.75000000
26.73126984,8000.00000000,7968.75000000
26.74597263,8000.00000000,7968.75000000
26.76241398,8000.00000000,7968.75000000
26.77755642,8000.00000000,7968.75000000
26.79255772,8000.00000000,7968.75000000
26.80859947,8000.00000000,8062.50000000
26.82538843,8000.00000000,8156.25000000
26.84130526,8000.00000000,8062.50000000
26.85767365,8000.00000000,8062.50000000
26.87286091,8000.00000000,7968.75000000
26.88838100,8000.00000000,7968.75000000
26.90500593,8000.00000000,7968.75000000
26.92254877,8000.00000000,7968.75000000
26.94117022,8000.00000000,7968.75000000
26.95815992,8000.00000000,7968.75000000
26.97335052,8000.00000000,7968.75000000
26.98855209,8000.00000000,7875.00000000
27.00517750,8000.00000000,7968.75000000
27.02071953,8000.00000000,7968.75000000
27.03545809,8000.00000000,8062.50000000
27.05108976,8000.00000000,8062.50000000
27.06745911,8000.00000000,8062.50000000
27.08241892,8000.00000000,8062.50000000
27.09718847,8000.00000000,8062.50000000
27.11260271,8000.00000000,8062.50000000
27.12932110,8000.00000000,8062.50000000
27.14529037,8000.00000000,8062.50000000
27.16135406,8000.00000000,7875.00000000
27.18283939,8000.00000000,7968.75000000
27.20202303,8000.00000000,8062.50000000
27.22497368,8000.00000000,8062.50000000
27.24823284,8000.00000000,8062.50000000
27.28200483,8000.00000000,7781.25000000
27.30475855,8000.00000000,7875.00000000
27.33022118,8000.00000000,7875.00000000
27.35951138,8000.00000000,7968.75000000
27.38416576,8000.00000000,7968.75000000
27.40750313,8000.00000000,8062.50000000
27.43326187,8000.00000000,8062.50000000
27.45945501,8000.00000000,8156.25000000
27.48071480,8000.00000000,8062.50000000
27.50231409,8000.00000000,8062.50000000
27.52281809,8000.00000000,8062.50000000
27.54467249,8000.00000000,8062.50000000
27.56574345,8000.00000000,8062.50000000
27.58269930,8000.00000000,7968.75000000
27.60902166,8000.00000000,8062.50000000
27.62911701,8000.00000000,7968.75000000
27.65464258,8000.00000000,7968.75000000
27.67566252,8000.00000000,7968.75000000
27.69678402,8000.00000000,7968.75000000
27.71549225,8000.00000000,8156.25000000
27.73678637,8000.00000000,7968.75000000
27.76873255,8000.00000000,7968.75000000
27.79665184,8000.00000000,7968.75000000
27.83011389,8000.00000000,7968.75000000
27.85299873,8000.00000000,8062.50000000
27.87863016,8000.00000000,8062.50000000
27.90622187,8000.00000000,7968.75000000
27.93205976,8000.00000000,7968.75000000
27.95762682,8000.00000000,7968.75000000
27.98338127,8000.00000000,8062.50000000
28.01805925,8000.00000000,7968.75000000
28.05289936,8000.00000000,7968.75000000
28.08974648,8000.00000000,8062.50000000
28.12821341,8000.00000000,8062.50000000
28.18314886,8000.00000000,8062.50000000
28.23329926,8000.00000000,7875.00000000
28.28282595,8000.00000000,7968.75000000
28.32770061,8000.00000000,7968.75000000
28.35431767,8000.00000000,7968.75000000
28.37548447,8000.00000000,8062.50000000
28.39330387,8000.00000000,8062.50000000
28.41005611,8000.00000000,7968.75000000
28.42993975,8000.00000000,8062.50000000
28.44669151,8000.00000000,8062.50000000
28.46438408,8000.00000000,7968.75000000
28.48094034,8000.00000000,8062.50000000
28.50593853,8000.00000000,8062.50000000
28.52598429,8000.00000000,7968.75000000
28.54516172,8000.00000000,7968.75000000
28.56898594,8000.00000000,7875.00000000
28.58611822,8000.00000000,7968.75000000
28.60228443,8000.00000000,7968.75000000
28.61735964,8000.00000000,8062.50000000
28.63276100,8000.00000000,7968.75000000
28.64857244,8000.00000000,7968.75000000
28.66450548,8000.00000000,8062.50000000
28.68082094,8000.00000000,7968.75000000
28.69722223,8000.00000000,7968.75000000
28.71252918,8000.00000000,7875.00000000
28.72861814,8000.00000000,7968.75000000
28.74466848,8000.00000000,7968.75000000
28.76085138,8000.00000000,8062.50000000
28.77649307,8000.00000000,8062.50000000
28.79287624,8000.00000000,7968.75000000
28.80900192,8000.00000000,8062.50000000
28.82540560,8000.00000000,8062.50000000
28.84078884,8000.00000000,8062.50000000
28.85764790,8000.00000000,7968.75000000
28.87305069,8000.00000000,7968.75000000
28.88915491,8000.00000000,7968.75000000
28.90608788,8000.00000000,7968.75000000
28.92171574,8000.00000000,7968.75000000
28.93724966,8000.00000000,7968.75000000
28.95352793,8000.00000000,7968.75000000
28.96886206,8000.00000000,7875.00000000
28.98481941,8000.00000000,7968.75000000
29.00068045,8000.00000000,7968.75000000
29.01686001,8000.00000000,7968.75000000
29.03300858,8000.00000000,7968.75000000
29.04848814,8000.00000000,8062.50000000
29.06785536,8000.00000000,8062.50000000
29.08311939,8000.00000000,8062.50000000
29.09851933,8000.00000000,8062.50000000
29.11286497,8000.00000000,7968.75000000
29.12948322,8000.00000000,7968.75000000
29.14729691,8000.00000000,7968.75000000
29.16191053,8000.00000000,7968.75000000
29.17708683,8000.00000000,7968.75000000
29.19251871,8000.00000000,7968.75000000
29.20876980,8000.00000000,7968.75000000
29.22533083,8000.00000000,8062.50000000
29.24344683,8000.00000000,7968.75000000
29.26465940,8000.00000000,8062.50000000
29.29016685,8000.00000000,7968.75000000
29.31964874,8000.00000000,7968.75000000
29.35416603,8000.00000000,8062.50000000
29.38206196,8000.00000000,8062.50000000
29.40162086,8000.00000000,8156.25000000
29.42800522,8000.00000000,8062.50000000
29.46205521,8000.00000000,7968.75000000
29.49707365,8000.00000000,7968.75000000
29.52373457,8000.00000000,7968.75000000
29.54997969,8000.00000000,7968.75000000
29.57673454,8000.00000000,7968.75000000
29.60059118,8000.00000000,7968.75000000
29.62729836,8000.00000000,7968.75000000
29.65213251,8000.00000000,8062.50000000
29.67339182,8000.00000000,7968.75000000
29.69764042,8000.00000000,8062.50000000
29.72032022,8000.00000000,7968.75000000
29.73698044,8000.00000000,7968.75000000
29.76217222,8000.00000000,8062.50000000
29.78452730,8000.00000000,8062.50000000
29.80545473,8000.00000000,8062.50000000
29.83261871,8000.00000000,7968.75000000
29.85598946,8000.00000000,7968.75000000
29.88407230,8000.00000000,7968.75000000
29.91453838,8000.00000000,7875.00000000
29.92925358,8000.00000000,7968.75000000
29.94744253,8000.00000000,7968.75000000
29.96840239,8000.00000000,7875.00000000
29.99249220,8000.00000000,7968.75000000
30.01722145,8000.00000000,7875.00000000
30.04186869,8000.00000000,7968.75000000
30.06826925,8000.00000000,7968.75000000
30.09282017,8000.00000000,8062.50000000
30.11251116,8000.00000000,7968.75000000
30.12940645,8000.00000000,8062.50000000
30.14399767,8000.00000000,8062.50000000
30.15973902,8000.00000000,8062.50000000
30.17385292,8000.00000000,8062.50000000
30.19049788,8000.00000000,7968.75000000
30.21719408,8000.00000000,7968.75000000
30.23244238,8000.00000000,8062.50000000
30.24836349,8000.00000000,7968.75000000
30.26831865,8000.00000000,7968.75000000
30.28349829,8000.00000000,8062.50000000
30.30532932,8000.00000000,7968.75000000
30.33112240,8000.00000000,7968.75000000
30.35296679,8000.00000000,7968.75000000
30.37890625,8000.00000000,8062.50000000
30.40658998,8000.00000000,8062.50000000
30.43931627,8000.00000000,8062.50000000
30.47628307,8000.00000000,8062.50000000
30.52024794,8000.00000000,7968.75000000
30.53713036,8000.00000000,8062.50000000
30.55993652,8000.00000000,8062.50000000
30.57795191,8000.00000000,7968.75000000
30.59999084,8000.00000000,7968.75000000
30.61682367,8000.00000000,7968.75000000
30.63262749,8000.00000000,7968.75000000
30.64840508,8000.00000000,8062.50000000
30.66684961,8000.00000000,7968.75000000
30.68897343,8000.00000000,8062.50000000
30.71433926,8000.00000000,8062.50000000
30.73554373,8000.00000000,7968.75000000
30.75043964,8000.00000000,7968.75000000
30.76513147,8000.00000000,7968.75000000
30.78066778,8000.00000000,7875.00000000
30.79507065,8000.00000000,7968.75000000
30.81203699,8000.00000000,7875.00000000
30.82918787,8000.00000000,8062.50000000
30.84652281,8000.00000000,8062.50000000
30.86454439,8000.00000000,7968.75000000
30.88898945,8000.00000000,7968.75000000
30.90705729,8000.00000000,7968.75000000
30.92273855,8000.00000000,7968.75000000
30.93776751,8000.00000000,8062.50000000
30.95304251,8000.00000000,8062.50000000
30.96894503,8000.00000000,7968.75000000
30.98545361,8000.00000000,7968.75000000
31.00135422,8000.00000000,7875.00000000
31.01721048,8000.00000000,7968.75000000
31.03329372,8000.00000000,7968.75000000
31.04910803,8000.00000000,7968.75000000
31.06516266,8000.00000000,8062.50000000
31.08089018,8000.00000000,8156.25000000
31.09727764,8000.00000000,8062.50000000
31.11848593,8000.00000000,7968.75000000
31.14505243,8000.00000000,7968.75000000
31.16040945,8000.00000000,8062.50000000
31.17675734,8000.00000000,7968.75000000
31.19266987,8000.00000000,8062.50000000
31.20867252,8000.00000000,7968.75000000
31.22514248,8000.00000000,7875.00000000
31.24087000,8000.00000000,7968.75000000
31.25636244,8000.00000000,7968.75000000
31.27279091,8000.00000000,7968.75000000
31.28921032,8000.00000000,7968.75000000
31.30507183,8000.00000000,7968.75000000
31.32152987,8000.00000000,8062.50000000
31.34299803,8000.00000000,8062.50000000
31.35900640,8000.00000000,8062.50000000
31.38480330,8000.00000000,8062.50000000
31.40054083,8000.00000000,7968.75000000
31.41707611,8000.00000000,7968.75000000
31.43602562,8000.00000000,7968.75000000
31.45724821,8000.00000000,7968.75000000
31.48305893,8000.00000000,7968.75000000
31.49995804,8000.00000000,7968.75000000
31.51574421,8000.00000000,7968.75000000
31.52983856,8000.00000000,8062.50000000
31.54522324,8000.00000000,7968.75000000
31.56117487,8000.00000000,8062.50000000
31.57655859,8000.00000000,7968.75000000
31.59237766,8000.00000000,7968.75000000
31.60897255,8000.00000000,7968.75000000
31.62469721,8000.00000000,8062.50000000
31.64116812,8000.00000000,7968.75000000
31.65806675,8000.00000000,7968.75000000
31.67348099,8000.00000000,7968.75000000
31.68924189,8000.00000000,7968.75000000
31.70490646,8000.00000000,7968.75000000
31.72159958,8000.00000000,7968.75000000
31.73648071,8000.00000000,7968.75000000
31.75304842,8000.00000000,8062.50000000
31.76859665,8000.00000000,7968.75000000
31.78529644,8000.00000000,7968.75000000
31.80095387,8000.00000000,8062.50000000
31.81704950,8000.00000000,8062.50000000
31.83251190,8000.00000000,8062.50000000
31.84890509,8000.00000000,8062.50000000
31.86535358,8000.00000000,7968.75000000
31.88059855,8000.00000000,8062.50000000
31.89632893,8000.00000000,7968.75000000
31.91258049,8000.00000000,7968.75000000
31.92863083,8000.00000000,7968.75000000
31.94510889,8000.00000000,7968.75000000
31.96060228,8000.00000000,8062.50000000
31.97725868,8000.00000000,8062.50000000
31.99312115,8000.00000000,8062.50000000
32.00949574,8000.00000000,7968.75000000
32.02719641,8000.00000000,7968.75000000
32.05294037,8000.00000000,7875.00000000
32.07661486,8000.00000000,7875.00000000
32.10159492,8000.00000000,7968.75000000
32.12922955,8000.00000000,7968.75000000
32.15229034,8000.00000000,7968.75000000
32.17839670,8000.00000000,8062.50000000
32.20143127,8000.00000000,8156.25000000
32.21985722,8000.00000000,7968.75000000
32.24149323,8000.00000000,8062.50000000
32.25887632,8000.00000000,7968.75000000
32.28577900,8000.00000000,8062.50000000
32.30615759,8000.00000000,7968.75000000
32.33902740,8000.00000000,8062.50000000
32.36187935,8000.00000000,8062.50000000
32.37961674,8000.00000000,8062.50000000
32.39435005,8000.00000000,8062.50000000
32.41053867,8000.00000000,7968.75000000
32.42572498,8000.00000000,7968.75000000
32.44158936,8000.00000000,7968.75000000
32.45787764,8000.00000000,8062.50000000
32.47495031,8000.00000000,8062.50000000
32.49694633,8000.00000000,7968.75000000
32.51833868,8000.00000000,8062.50000000
32.53696680,8000.00000000,8062.50000000
32.55621862,8000.00000000,7968.75000000
32.57274246,8000.00000000,7968.75000000
32.59754801,8000.00000000,7968.75000000
32.61741257,8000.00000000,8062.50000000
32.63473129,8000.00000000,8062.50000000
32.65670490,8000.00000000,7968.75000000
32.67913151,8000.00000000,8062.50000000
32.69859266,8000.00000000,8062.50000000
32.72106838,8000.00000000,8062.50000000
32.74699736,8000.00000000,8062.50000000
32.77053642,8000.00000000,7875.00000000
32.79641962,8000.00000000,8062.50000000
32.81863260,8000.00000000,7968.75000000
32.84262466,8000.00000000,8062.50000000
32.85785532,8000.00000000,8062.50000000
32.87360907,8000.00000000,7968.75000000
32.89327526,8000.00000000,7875.00000000
32.90979528,8000.00000000,8062.50000000
32.92795944,8000.00000000,8062.50000000
32.94559717,8000.00000000,7968.75000000
32.96904993,8000.00000000,7968.75000000
32.99119282,8000.00000000,7968.75000000
33.01163483,8000.00000000,7968.75000000
33.03296423,8000.00000000,8062.50000000
33.04867315,8000.00000000,7968.75000000
33.06627846,8000.00000000,7968.75000000
33.08316755,8000.00000000,7968.75000000
33.10219717,8000.00000000,31875.00000000
33.11793613,8000.00000000,7687.50000000
33.13306713,8000.00000000,7312.50000000
33.14878178,8000.00000000,7781.25000000
33.16280699,8000.00000000,8343.75000000
33.17787313,8000.00000000,8625.00000000
33.19293499,8000.00000000,8812.50000000
33.20875978,8000.00000000,9000.00000000
33.22498226,8000.00000000,9281.25000000
33.24067211,8000.00000000,9375.00000000
33.25739431,8000.00000000,9375.00000000
33.27308416,8000.00000000,9375.00000000
33.28840590,8000.00000000,9375.00000000
33.30520678,8000.00000000,9468.75000000
33.32140923,8000.00000000,9281.25000000
33.33719158,8000.00000000,9281.25000000
33.35357141,8000.00000000,9187.50000000
33.36924028,8000.00000000,9093.75000000
33.38423872,8000.00000000,9093.75000000
33.40139818,8000.00000000,8906.25000000
33.41721201,8000.00000000,8812.50000000
33.43335390,8000.00000000,8718.75000000
33.44930506,8000.00000000,8625.00000000
33.46434593,8000.00000000,8718.75000000
33.48141909,8000.00000000,8625.00000000
33.49722195,8000.00000000,8531.25000000
33.51302433,8000.00000000,8437.50000000
33.52844477,8000.00000000,8343.75000000
33.54471445,8000.00000000,8343.75000000
33.56086683,8000.00000000,8250.00000000
33.57686377,8000.00000000,8250.00000000
33.59291172,8000.00000000,8156.25000000
33.60872126,8000.00000000,8156.25000000
33.62469721,8000.00000000,8156.25000000
33.64082479,8000.00000000,8156.25000000
33.65749741,8000.00000000,8062.50000000
33.67275620,8000.00000000,8062.50000000
33.68925571,8000.00000000,8156.25000000
33.70576763,8000.00000000,8062.50000000
33.72102976,8000.00000000,8062.50000000
33.73678446,8000.00000000,7968.75000000
33.75303364,8000.00000000,8062.50000000
33.76879978,8000.00000000,8062.50000000
33.78451586,8000.00000000,8062.50000000
33.80082369,8000.00000000,8062.50000000
33.81707954,8000.00000000,8062.50000000
33.83300734,8000.00000000,8062.50000000
33.84877682,8000.00000000,7968.75000000
33.86454296,8000.00000000,8062.50000000
33.88118744,8000.00000000,8062.50000000
33.89741135,8000.00000000,8062.50000000
33.91294670,8000.00000000,7968.75000000
33.92878628,8000.00000000,8062.50000000
33.94489479,8000.00000000,8062.50000000
33.96132612,8000.00000000,7968.75000000
33.97726154,8000.00000000,7968.75000000
33.99274063,8000.00000000,7968.75000000
34.00880051,8000.00000000,7968.75000000
34.02395535,8000.00000000,7968.75000000
34.04078627,8000.00000000,7968.75000000
34.05685949,8000.00000000,7968.75000000
34.07333279,8000.00000000,7968.75000000
34.08954668,8000.00000000,8062.50000000
34.10539579,8000.00000000,8062.50000000
34.12145472,8000.00000000,7968.75000000
34.13692808,8000.00000000,7968.75000000
34.15246487,8000.00000000,8062.50000000
34.16858149,8000.00000000,7968.75000000
34.18405390,8000.00000000,7968.75000000
34.20052671,8000.00000000,7968.75000000
34.21713305,8000.00000000,7968.75000000
34.23332691,8000.00000000,8062.50000000
34.24912691,8000.00000000,7968.75000000
34.26467133,8000.00000000,7968.75000000
34.28061771,8000.00000000,7968.75000000
34.29655600,8000.00000000,7968.75000000
34.31299305,8000.00000000,7968.75000000
34.32885408,8000.00000000,7968.75000000
34.34453058,8000.00000000,8062.50000000
34.36083698,8000.00000000,8062.50000000
34.37676907,8000.00000000,8062.50000000
34.39314842,8000.00000000,8062.50000000
34.40885258,8000.00000000,7968.75000000
34.42406702,8000.00000000,7968.75000000
34.44095659,8000.00000000,8062.50000000
34.45668840,8000.00000000,8062.50000000
34.47288275,8000.00000000,7968.75000000
34.48949957,8000.00000000,8062.50000000
34.50558710,8000.00000000,7968.75000000
34.52108479,8000.00000000,7968.75000000
34.53725052,8000.00000000,7968.75000000
34.55271244,8000.00000000,7968.75000000
34.56906128,8000.00000000,8062.50000000
34.58403921,8000.00000000,8062.50000000
34.60084391,8000.00000000,8062.50000000
34.61708164,8000.00000000,7968.75000000
34.63259935,8000.00000000,7968.75000000
34.64928865,8000.00000000,7968.75000000
34.66410637,8000.00000000,8062.50000000
34.68039703,8000.00000000,8062.50000000
34.69678259,8000.00000000,7968.75000000
34.71325541,8000.00000000,7875.00000000
34.72879982,8000.00000000,7875.00000000
34.74464512,8000.00000000,7968.75000000
34.76038980,8000.00000000,7968.75000000
34.77646685,8000.00000000,7968.75000000
34.79305124,8000.00000000,7968.75000000
34.80914497,8000.00000000,7968.75000000
34.82563353,8000.00000000,7968.75000000
34.84131050,8000.00000000,7968.75000000
34.85700417,8000.00000000,8062.50000000
34.87450790,8000.00000000,8062.50000000
34.88928699,8000.00000000,7968.75000000
34.90631723,8000.00000000,7968.75000000
34.92256260,8000.00000000,7968.75000000
34.93801498,8000.00000000,7968.75000000
34.95352316,8000.00000000,7968.75000000
34.96918869,8000.00000000,7968.75000000
34.98424673,8000.00000000,7968.75000000
35.00053072,8000.00000000,7968.75000000
35.01699162,8000.00000000,7968.75000000
35.03288317,8000.00000000,8062.50000000
35.04947281,8000.00000000,8062.50000000
35.06474447,8000.00000000,8062.50000000
35.08096027,8000.00000000,8062.50000000
35.09682512,8000.00000000,7968.75000000
35.11277294,8000.00000000,8062.50000000
35.12892294,8000.00000000,7968.75000000
35.14459085,8000.00000000,7968.75000000
35.16069365,8000.00000000,7968.75000000
35.17656040,8000.00000000,8062.50000000
35.19250393,8000.00000000,8062.50000000
35.20936918,8000.00000000,7968.75000000
35.22458887,8000.00000000,7968.75000000
35.24099588,8000.00000000,8062.50000000
35.25713587,8000.00000000,8062.50000000
